removed_path,class,filename,kept_path,quarantined_to,timestamp
D:\aadhavan\AI-Based Skin Disease Detection and Preliminary Diagnosis System\dataset\1. Eczema 1677\1_0.jpg,1. Eczema 1677,1_0.jpg,D:\aadhavan\AI-Based Skin Disease Detection and Preliminary Diagnosis System\dataset\1. Eczema 1677\1_13.jpg,D:\aadhavan\AI-Based Skin Disease Detection and Preliminary Diagnosis System\preprocessing\quarantine\duplicates\1. Eczema 1677\1_0.jpg,2026-07-26T22:07:27.445173
D:\aadhavan\AI-Based Skin Disease Detection and Preliminary Diagnosis System\dataset\1. Eczema 1677\1_3.jpg,1. Eczema 1677,1_3.jpg,D:\aadhavan\AI-Based Skin Disease Detection and Preliminary Diagnosis System\dataset\10. Warts Molluscum and other Viral Infections - 2103\3_19.jpg,D:\aadhavan\AI-Based Skin Disease Detection and Preliminary Diagnosis System\preprocessing\quarantine\duplicates\1. Eczema 1677\1_3.jpg,2026-07-26T22:07:27.449052
D:\aadhavan\AI-Based Skin Disease Detection and Preliminary Diagnosis System\dataset\10. Warts Molluscum and other Viral Infections - 2103\6_87.jpg,10. Warts Molluscum and other Viral Infections - 2103,6_87.jpg,D:\aadhavan\AI-Based Skin Disease Detection and Preliminary Diagnosis System\dataset\10. Warts Molluscum and other Viral Infections - 2103\3_19.jpg,D:\aadhavan\AI-Based Skin Disease Detection and Preliminary Diagnosis System\preprocessing\quarantine\duplicates\10. Warts Molluscum and other Viral Infections - 2103\6_87.jpg,2026-07-26T22:07:27.450126
D:\aadhavan\AI-Based Skin Disease Detection and Preliminary Diagnosis System\dataset\10. Warts Molluscum and other Viral Infections - 2103\6_13.jpg,10. Warts Molluscum and other Viral Infections - 2103,6_13.jpg,D:\aadhavan\AI-Based Skin Disease Detection and Preliminary Diagnosis System\dataset\1. Eczema 1677\2_0.jpg,D:\aadhavan\AI-Based Skin Disease Detection and Preliminary Diagnosis System\preprocessing\quarantine\duplicates\10. Warts Molluscum and other Viral Infections - 2103\6_13.jpg,2026-07-26T22:07:27.451501
D:\aadhavan\AI-Based Skin Disease Detection and Preliminary Diagnosis System\dataset\10. Warts Molluscum and other Viral Infections - 2103\6_142.jpg,10. Warts Molluscum and other Viral Infections - 2103,6_142.jpg,D:\aadhavan\AI-Based Skin Disease Detection and Preliminary Diagnosis System\dataset\1. Eczema 1677\2_1.jpg,D:\aadhavan\AI-Based Skin Disease Detection and Preliminary Diagnosis System\preprocessing\quarantine\duplicates\10. Warts Molluscum and other Viral Infections - 2103\6_142.jpg,2026-07-26T22:07:27.452392
D:\aadhavan\AI-Based Skin Disease Detection and Preliminary Diagnosis System\dataset\10. Warts Molluscum and other Viral Infections - 2103\6_186.jpg,10. Warts Molluscum and other Viral Infections - 2103,6_186.jpg,D:\aadhavan\AI-Based Skin Disease Detection and Preliminary Diagnosis System\dataset\1. Eczema 1677\2_10.jpg,D:\aadhavan\AI-Based Skin Disease Detection and Preliminary Diagnosis System\preprocessing\quarantine\duplicates\10. Warts Molluscum and other Viral Infections - 2103\6_186.jpg,2026-07-26T22:07:27.454334
D:\aadhavan\AI-Based Skin Disease Detection and Preliminary Diagnosis System\dataset\10. Warts Molluscum and other Viral Infections - 2103\6_178.jpg,10. Warts Molluscum and other Viral Infections - 2103,6_178.jpg,D:\aadhavan\AI-Based Skin Disease Detection and Preliminary Diagnosis System\dataset\1. Eczema 1677\2_11.jpg,D:\aadhavan\AI-Based Skin Disease Detection and Preliminary Diagnosis System\preprocessing\quarantine\duplicates\10. Warts Molluscum and other Viral Infections - 2103\6_178.jpg,2026-07-26T22:07:27.456518
D:\aadhavan\AI-Based Skin Disease Detection and Preliminary Diagnosis System\dataset\10. Warts Molluscum and other Viral Infections - 2103\6_30.jpg,10. Warts Molluscum and other Viral Infections - 2103,6_30.jpg,D:\aadhavan\AI-Based Skin Disease Detection and Preliminary Diagnosis System\dataset\1. Eczema 1677\2_12.jpg,D:\aadhavan\AI-Based Skin Disease Detection and Preliminary Diagnosis System\preprocessing\quarantine\duplicates\10. Warts Molluscum and other Viral Infections - 2103\6_30.jpg,2026-07-26T22:07:27.458716
D:\aadhavan\AI-Based Skin Disease Detection and Preliminary Diagnosis System\dataset\10. Warts Molluscum and other Viral Infections - 2103\6_111.jpg,10. Warts Molluscum and other Viral Infections - 2103,6_111.jpg,D:\aadhavan\AI-Based Skin Disease Detection and Preliminary Diagnosis System\dataset\1. Eczema 1677\2_13.jpg,D:\aadhavan\AI-Based Skin Disease Detection and Preliminary Diagnosis System\preprocessing\quarantine\duplicates\10. Warts Molluscum and other Viral Infections - 2103\6_111.jpg,2026-07-26T22:07:27.460522
D:\aadhavan\AI-Based Skin Disease Detection and Preliminary Diagnosis System\dataset\10. Warts Molluscum and other Viral Infections - 2103\6_14.jpg,10. Warts Molluscum and other Viral Infections - 2103,6_14.jpg,D:\aadhavan\AI-Based Skin Disease Detection and Preliminary Diagnosis System\dataset\1. Eczema 1677\2_14.jpg,D:\aadhavan\AI-Based Skin Disease Detection and Preliminary Diagnosis System\preprocessing\quarantine\duplicates\10. Warts Molluscum and other Viral Infections - 2103\6_14.jpg,2026-07-26T22:07:27.461859
D:\aadhavan\AI-Based Skin Disease Detection and Preliminary Diagnosis System\dataset\10. Warts Molluscum and other Viral Infections - 2103\6_190.jpg,10. Warts Molluscum and other Viral Infections - 2103,6_190.jpg,D:\aadhavan\AI-Based Skin Disease Detection and Preliminary Diagnosis System\dataset\1. Eczema 1677\2_15.jpg,D:\aadhavan\AI-Based Skin Disease Detection and Preliminary Diagnosis System\preprocessing\quarantine\duplicates\10. Warts Molluscum and other Viral Infections - 2103\6_190.jpg,2026-07-26T22:07:27.463469
D:\aadhavan\AI-Based Skin Disease Detection and Preliminary Diagnosis System\dataset\10. Warts Molluscum and other Viral Infections - 2103\6_24.jpg,10. Warts Molluscum and other Viral Infections - 2103,6_24.jpg,D:\aadhavan\AI-Based Skin Disease Detection and Preliminary Diagnosis System\dataset\1. Eczema 1677\2_16.jpg,D:\aadhavan\AI-Based Skin Disease Detection and Preliminary Diagnosis System\preprocessing\quarantine\duplicates\10. Warts Molluscum and other Viral Infections - 2103\6_24.jpg,2026-07-26T22:07:27.465070
D:\aadhavan\AI-Based Skin Disease Detection and Preliminary Diagnosis System\dataset\10. Warts Molluscum and other Viral Infections - 2103\6_192.jpg,10. Warts Molluscum and other Viral Infections - 2103,6_192.jpg,D:\aadhavan\AI-Based Skin Disease Detection and Preliminary Diagnosis System\dataset\1. Eczema 1677\2_17.jpg,D:\aadhavan\AI-Based Skin Disease Detection and Preliminary Diagnosis System\preprocessing\quarantine\duplicates\10. Warts Molluscum and other Viral Infections - 2103\6_192.jpg,2026-07-26T22:07:27.465813
D:\aadhavan\AI-Based Skin Disease Detection and Preliminary Diagnosis System\dataset\10. Warts Molluscum and other Viral Infections - 2103\6_320.jpg,10. Warts Molluscum and other Viral Infections - 2103,6_320.jpg,D:\aadhavan\AI-Based Skin Disease Detection and Preliminary Diagnosis System\dataset\1. Eczema 1677\2_2.jpg,D:\aadhavan\AI-Based Skin Disease Detection and Preliminary Diagnosis System\preprocessing\quarantine\duplicates\10. Warts Molluscum and other Viral Infections - 2103\6_320.jpg,2026-07-26T22:07:27.468067
D:\aadhavan\AI-Based Skin Disease Detection and Preliminary Diagnosis System\dataset\10. Warts Molluscum and other Viral Infections - 2103\6_109.jpg,10. Warts Molluscum and other Viral Infections - 2103,6_109.jpg,D:\aadhavan\AI-Based Skin Disease Detection and Preliminary Diagnosis System\dataset\1. Eczema 1677\2_3.jpg,D:\aadhavan\AI-Based Skin Disease Detection and Preliminary Diagnosis System\preprocessing\quarantine\duplicates\10. Warts Molluscum and other Viral Infections - 2103\6_109.jpg,2026-07-26T22:07:27.469333
D:\aadhavan\AI-Based Skin Disease Detection and Preliminary Diagnosis System\dataset\10. Warts Molluscum and other Viral Infections - 2103\6_187.jpg,10. Warts Molluscum and other Viral Infections - 2103,6_187.jpg,D:\aadhavan\AI-Based Skin Disease Detection and Preliminary Diagnosis System\dataset\1. Eczema 1677\2_4.jpg,D:\aadhavan\AI-Based Skin Disease Detection and Preliminary Diagnosis System\preprocessing\quarantine\duplicates\10. Warts Molluscum and other Viral Infections - 2103\6_187.jpg,2026-07-26T22:07:27.470542
D:\aadhavan\AI-Based Skin Disease Detection and Preliminary Diagnosis System\dataset\10. Warts Molluscum and other Viral Infections - 2103\6_305.jpg,10. Warts Molluscum and other Viral Infections - 2103,6_305.jpg,D:\aadhavan\AI-Based Skin Disease Detection and Preliminary Diagnosis System\dataset\1. Eczema 1677\2_5.jpg,D:\aadhavan\AI-Based Skin Disease Detection and Preliminary Diagnosis System\preprocessing\quarantine\duplicates\10. Warts Molluscum and other Viral Infections - 2103\6_305.jpg,2026-07-26T22:07:27.472417
D:\aadhavan\AI-Based Skin Disease Detection and Preliminary Diagnosis System\dataset\10. Warts Molluscum and other Viral Infections - 2103\6_23.jpg,10. Warts Molluscum and other Viral Infections - 2103,6_23.jpg,D:\aadhavan\AI-Based Skin Disease Detection and Preliminary Diagnosis System\dataset\1. Eczema 1677\2_6.jpg,D:\aadhavan\AI-Based Skin Disease Detection and Preliminary Diagnosis System\preprocessing\quarantine\duplicates\10. Warts Molluscum and other Viral Infections - 2103\6_23.jpg,2026-07-26T22:07:27.474030
D:\aadhavan\AI-Based Skin Disease Detection and Preliminary Diagnosis System\dataset\10. Warts Molluscum and other Viral Infections - 2103\6_304.jpg,10. Warts Molluscum and other Viral Infections - 2103,6_304.jpg,D:\aadhavan\AI-Based Skin Disease Detection and Preliminary Diagnosis System\dataset\1. Eczema 1677\2_7.jpg,D:\aadhavan\AI-Based Skin Disease Detection and Preliminary Diagnosis System\preprocessing\quarantine\duplicates\10. Warts Molluscum and other Viral Infections - 2103\6_304.jpg,2026-07-26T22:07:27.475031
D:\aadhavan\AI-Based Skin Disease Detection and Preliminary Diagnosis System\dataset\10. Warts Molluscum and other Viral Infections - 2103\6_234.jpg,10. Warts Molluscum and other Viral Infections - 2103,6_234.jpg,D:\aadhavan\AI-Based Skin Disease Detection and Preliminary Diagnosis System\dataset\1. Eczema 1677\2_8.jpg,D:\aadhavan\AI-Based Skin Disease Detection and Preliminary Diagnosis System\preprocessing\quarantine\duplicates\10. Warts Molluscum and other Viral Infections - 2103\6_234.jpg,2026-07-26T22:07:27.476022
D:\aadhavan\AI-Based Skin Disease Detection and Preliminary Diagnosis System\dataset\10. Warts Molluscum and other Viral Infections - 2103\6_173.jpg,10. Warts Molluscum and other Viral Infections - 2103,6_173.jpg,D:\aadhavan\AI-Based Skin Disease Detection and Preliminary Diagnosis System\dataset\1. Eczema 1677\2_9.jpg,D:\aadhavan\AI-Based Skin Disease Detection and Preliminary Diagnosis System\preprocessing\quarantine\duplicates\10. Warts Molluscum and other Viral Infections - 2103\6_173.jpg,2026-07-26T22:07:27.477329
D:\aadhavan\AI-Based Skin Disease Detection and Preliminary Diagnosis System\dataset\1. Eczema 1677\3_23.jpg,1. Eczema 1677,3_23.jpg,D:\aadhavan\AI-Based Skin Disease Detection and Preliminary Diagnosis System\dataset\7. Psoriasis pictures Lichen Planus and related diseases - 2k\18_85.jpg,D:\aadhavan\AI-Based Skin Disease Detection and Preliminary Diagnosis System\preprocessing\quarantine\duplicates\1. Eczema 1677\3_23.jpg,2026-07-26T22:07:27.479351
D:\aadhavan\AI-Based Skin Disease Detection and Preliminary Diagnosis System\dataset\1. Eczema 1677\3_26.jpg,1. Eczema 1677,3_26.jpg,D:\aadhavan\AI-Based Skin Disease Detection and Preliminary Diagnosis System\dataset\7. Psoriasis pictures Lichen Planus and related diseases - 2k\18_85.jpg,D:\aadhavan\AI-Based Skin Disease Detection and Preliminary Diagnosis System\preprocessing\quarantine\duplicates\1. Eczema 1677\3_26.jpg,2026-07-26T22:07:27.480857
D:\aadhavan\AI-Based Skin Disease Detection and Preliminary Diagnosis System\dataset\1. Eczema 1677\3_24.jpg,1. Eczema 1677,3_24.jpg,D:\aadhavan\AI-Based Skin Disease Detection and Preliminary Diagnosis System\dataset\7. Psoriasis pictures Lichen Planus and related diseases - 2k\18_84.jpg,D:\aadhavan\AI-Based Skin Disease Detection and Preliminary Diagnosis System\preprocessing\quarantine\duplicates\1. Eczema 1677\3_24.jpg,2026-07-26T22:07:27.482490
D:\aadhavan\AI-Based Skin Disease Detection and Preliminary Diagnosis System\dataset\1. Eczema 1677\3_30.jpg,1. Eczema 1677,3_30.jpg,D:\aadhavan\AI-Based Skin Disease Detection and Preliminary Diagnosis System\dataset\7. Psoriasis pictures Lichen Planus and related diseases - 2k\18_83.jpg,D:\aadhavan\AI-Based Skin Disease Detection and Preliminary Diagnosis System\preprocessing\quarantine\duplicates\1. Eczema 1677\3_30.jpg,2026-07-26T22:07:27.483840
D:\aadhavan\AI-Based Skin Disease Detection and Preliminary Diagnosis System\dataset\7. Psoriasis pictures Lichen Planus and related diseases - 2k\v-Lichen-Sclerosus-Skin-1.jpg,7. Psoriasis pictures Lichen Planus and related diseases - 2k,v-Lichen-Sclerosus-Skin-1.jpg,D:\aadhavan\AI-Based Skin Disease Detection and Preliminary Diagnosis System\dataset\1. Eczema 1677\t-03AnalExcoriation051204.jpg,D:\aadhavan\AI-Based Skin Disease Detection and Preliminary Diagnosis System\preprocessing\quarantine\duplicates\7. Psoriasis pictures Lichen Planus and related diseases - 2k\v-Lichen-Sclerosus-Skin-1.jpg,2026-07-26T22:07:27.485495
D:\aadhavan\AI-Based Skin Disease Detection and Preliminary Diagnosis System\dataset\7. Psoriasis pictures Lichen Planus and related diseases - 2k\v-Lichen-Sclerosus-Skin-2.jpg,7. Psoriasis pictures Lichen Planus and related diseases - 2k,v-Lichen-Sclerosus-Skin-2.jpg,D:\aadhavan\AI-Based Skin Disease Detection and Preliminary Diagnosis System\dataset\1. Eczema 1677\t-03AnalExcoriation0512041.jpg,D:\aadhavan\AI-Based Skin Disease Detection and Preliminary Diagnosis System\preprocessing\quarantine\duplicates\7. Psoriasis pictures Lichen Planus and related diseases - 2k\v-Lichen-Sclerosus-Skin-2.jpg,2026-07-26T22:07:27.486752
D:\aadhavan\AI-Based Skin Disease Detection and Preliminary Diagnosis System\dataset\1. Eczema 1677\v-stasis-dermatitis-195.jpg,1. Eczema 1677,v-stasis-dermatitis-195.jpg,D:\aadhavan\AI-Based Skin Disease Detection and Preliminary Diagnosis System\dataset\1. Eczema 1677\t-03ChronicStaisis1.jpg,D:\aadhavan\AI-Based Skin Disease Detection and Preliminary Diagnosis System\preprocessing\quarantine\duplicates\1. Eczema 1677\v-stasis-dermatitis-195.jpg,2026-07-26T22:07:27.489154
D:\aadhavan\AI-Based Skin Disease Detection and Preliminary Diagnosis System\dataset\1. Eczema 1677\t-eczema-arms-1.jpg,1. Eczema 1677,t-eczema-arms-1.jpg,D:\aadhavan\AI-Based Skin Disease Detection and Preliminary Diagnosis System\dataset\1. Eczema 1677\t-03DermatitisArm.jpg,D:\aadhavan\AI-Based Skin Disease Detection and Preliminary Diagnosis System\preprocessing\quarantine\duplicates\1. Eczema 1677\t-eczema-arms-1.jpg,2026-07-26T22:07:27.490978
D:\aadhavan\AI-Based Skin Disease Detection and Preliminary Diagnosis System\dataset\3. Atopic Dermatitis - 1.25k\t-03DermatitisLids.jpg,3. Atopic Dermatitis - 1.25k,t-03DermatitisLids.jpg,D:\aadhavan\AI-Based Skin Disease Detection and Preliminary Diagnosis System\dataset\1. Eczema 1677\t-03DermatitisLids.jpg,D:\aadhavan\AI-Based Skin Disease Detection and Preliminary Diagnosis System\preprocessing\quarantine\duplicates\3. Atopic Dermatitis - 1.25k\t-03DermatitisLids.jpg,2026-07-26T22:07:27.492330
D:\aadhavan\AI-Based Skin Disease Detection and Preliminary Diagnosis System\dataset\1. Eczema 1677\t-desquamation-1.jpg,1. Eczema 1677,t-desquamation-1.jpg,D:\aadhavan\AI-Based Skin Disease Detection and Preliminary Diagnosis System\dataset\1. Eczema 1677\t-03Desquamation-01.jpg,D:\aadhavan\AI-Based Skin Disease Detection and Preliminary Diagnosis System\preprocessing\quarantine\duplicates\1. Eczema 1677\t-desquamation-1.jpg,2026-07-26T22:07:27.494237
D:\aadhavan\AI-Based Skin Disease Detection and Preliminary Diagnosis System\dataset\1. Eczema 1677\v-desquamation-4.jpg,1. Eczema 1677,v-desquamation-4.jpg,D:\aadhavan\AI-Based Skin Disease Detection and Preliminary Diagnosis System\dataset\1. Eczema 1677\t-03Desquamation-02.jpg,D:\aadhavan\AI-Based Skin Disease Detection and Preliminary Diagnosis System\preprocessing\quarantine\duplicates\1. Eczema 1677\v-desquamation-4.jpg,2026-07-26T22:07:27.495309
D:\aadhavan\AI-Based Skin Disease Detection and Preliminary Diagnosis System\dataset\1. Eczema 1677\t-desquamation-9.jpg,1. Eczema 1677,t-desquamation-9.jpg,D:\aadhavan\AI-Based Skin Disease Detection and Preliminary Diagnosis System\dataset\1. Eczema 1677\t-03Desquamation-035.jpg,D:\aadhavan\AI-Based Skin Disease Detection and Preliminary Diagnosis System\preprocessing\quarantine\duplicates\1. Eczema 1677\t-desquamation-9.jpg,2026-07-26T22:07:27.496987
D:\aadhavan\AI-Based Skin Disease Detection and Preliminary Diagnosis System\dataset\1. Eczema 1677\v-eczema-chronic-1.jpg,1. Eczema 1677,v-eczema-chronic-1.jpg,D:\aadhavan\AI-Based Skin Disease Detection and Preliminary Diagnosis System\dataset\1. Eczema 1677\t-03Desquamation-035.jpg,D:\aadhavan\AI-Based Skin Disease Detection and Preliminary Diagnosis System\preprocessing\quarantine\duplicates\1. Eczema 1677\v-eczema-chronic-1.jpg,2026-07-26T22:07:27.497834
D:\aadhavan\AI-Based Skin Disease Detection and Preliminary Diagnosis System\dataset\1. Eczema 1677\t-desquamation-5.jpg,1. Eczema 1677,t-desquamation-5.jpg,D:\aadhavan\AI-Based Skin Disease Detection and Preliminary Diagnosis System\dataset\1. Eczema 1677\t-03Desquamation1234.jpg,D:\aadhavan\AI-Based Skin Disease Detection and Preliminary Diagnosis System\preprocessing\quarantine\duplicates\1. Eczema 1677\t-desquamation-5.jpg,2026-07-26T22:07:27.498416
D:\aadhavan\AI-Based Skin Disease Detection and Preliminary Diagnosis System\dataset\1. Eczema 1677\t-desquamation-6.jpg,1. Eczema 1677,t-desquamation-6.jpg,D:\aadhavan\AI-Based Skin Disease Detection and Preliminary Diagnosis System\dataset\1. Eczema 1677\t-03Desquamation12341.jpg,D:\aadhavan\AI-Based Skin Disease Detection and Preliminary Diagnosis System\preprocessing\quarantine\duplicates\1. Eczema 1677\t-desquamation-6.jpg,2026-07-26T22:07:27.498989
D:\aadhavan\AI-Based Skin Disease Detection and Preliminary Diagnosis System\dataset\1. Eczema 1677\v-eczema-chronic-20.jpg,1. Eczema 1677,v-eczema-chronic-20.jpg,D:\aadhavan\AI-Based Skin Disease Detection and Preliminary Diagnosis System\dataset\1. Eczema 1677\t-03eczema091205.jpg,D:\aadhavan\AI-Based Skin Disease Detection and Preliminary Diagnosis System\preprocessing\quarantine\duplicates\1. Eczema 1677\v-eczema-chronic-20.jpg,2026-07-26T22:07:27.499756
D:\aadhavan\AI-Based Skin Disease Detection and Preliminary Diagnosis System\dataset\1. Eczema 1677\t-eczema-leg-7.jpg,1. Eczema 1677,t-eczema-leg-7.jpg,D:\aadhavan\AI-Based Skin Disease Detection and Preliminary Diagnosis System\dataset\1. Eczema 1677\t-03EczemaExcoriated.jpg,D:\aadhavan\AI-Based Skin Disease Detection and Preliminary Diagnosis System\preprocessing\quarantine\duplicates\1. Eczema 1677\t-eczema-leg-7.jpg,2026-07-26T22:07:27.501848
D:\aadhavan\AI-Based Skin Disease Detection and Preliminary Diagnosis System\dataset\1. Eczema 1677\t-eczema-leg-8.jpg,1. Eczema 1677,t-eczema-leg-8.jpg,D:\aadhavan\AI-Based Skin Disease Detection and Preliminary Diagnosis System\dataset\1. Eczema 1677\t-03EczemaExcoriated011204.jpg,D:\aadhavan\AI-Based Skin Disease Detection and Preliminary Diagnosis System\preprocessing\quarantine\duplicates\1. Eczema 1677\t-eczema-leg-8.jpg,2026-07-26T22:07:27.503140
D:\aadhavan\AI-Based Skin Disease Detection and Preliminary Diagnosis System\dataset\3. Atopic Dermatitis - 1.25k\t-05hyperkeratosis02010.jpg,3. Atopic Dermatitis - 1.25k,t-05hyperkeratosis02010.jpg,D:\aadhavan\AI-Based Skin Disease Detection and Preliminary Diagnosis System\dataset\1. Eczema 1677\t-05hyperkeratosis02010.jpg,D:\aadhavan\AI-Based Skin Disease Detection and Preliminary Diagnosis System\preprocessing\quarantine\duplicates\3. Atopic Dermatitis - 1.25k\t-05hyperkeratosis02010.jpg,2026-07-26T22:07:27.504563
D:\aadhavan\AI-Based Skin Disease Detection and Preliminary Diagnosis System\dataset\1. Eczema 1677\v-chapped-fissured-feet-13.jpg,1. Eczema 1677,v-chapped-fissured-feet-13.jpg,D:\aadhavan\AI-Based Skin Disease Detection and Preliminary Diagnosis System\dataset\1. Eczema 1677\t-chapped-fissured-feet-10.jpg,D:\aadhavan\AI-Based Skin Disease Detection and Preliminary Diagnosis System\preprocessing\quarantine\duplicates\1. Eczema 1677\v-chapped-fissured-feet-13.jpg,2026-07-26T22:07:27.505988
D:\aadhavan\AI-Based Skin Disease Detection and Preliminary Diagnosis System\dataset\1. Eczema 1677\t-chapped-fissured-feet-3.jpg,1. Eczema 1677,t-chapped-fissured-feet-3.jpg,D:\aadhavan\AI-Based Skin Disease Detection and Preliminary Diagnosis System\dataset\1. Eczema 1677\t-chapped-fissured-feet-11.jpg,D:\aadhavan\AI-Based Skin Disease Detection and Preliminary Diagnosis System\preprocessing\quarantine\duplicates\1. Eczema 1677\t-chapped-fissured-feet-3.jpg,2026-07-26T22:07:27.506848
D:\aadhavan\AI-Based Skin Disease Detection and Preliminary Diagnosis System\dataset\1. Eczema 1677\t-chapped-fissured-feet-4.jpg,1. Eczema 1677,t-chapped-fissured-feet-4.jpg,D:\aadhavan\AI-Based Skin Disease Detection and Preliminary Diagnosis System\dataset\1. Eczema 1677\t-chapped-fissured-feet-12.jpg,D:\aadhavan\AI-Based Skin Disease Detection and Preliminary Diagnosis System\preprocessing\quarantine\duplicates\1. Eczema 1677\t-chapped-fissured-feet-4.jpg,2026-07-26T22:07:27.509230
D:\aadhavan\AI-Based Skin Disease Detection and Preliminary Diagnosis System\dataset\9. Tinea Ringworm Candidiasis and other Fungal Infections - 1.7k\t-candidiasis-diaper-8.jpg,9. Tinea Ringworm Candidiasis and other Fungal Infections - 1.7k,t-candidiasis-diaper-8.jpg,D:\aadhavan\AI-Based Skin Disease Detection and Preliminary Diagnosis System\dataset\1. Eczema 1677\t-diaper-rash-1.jpg,D:\aadhavan\AI-Based Skin Disease Detection and Preliminary Diagnosis System\preprocessing\quarantine\duplicates\9. Tinea Ringworm Candidiasis and other Fungal Infections - 1.7k\t-candidiasis-diaper-8.jpg,2026-07-26T22:07:27.512519
D:\aadhavan\AI-Based Skin Disease Detection and Preliminary Diagnosis System\dataset\9. Tinea Ringworm Candidiasis and other Fungal Infections - 1.7k\t-candidiasis-diaper-9.jpg,9. Tinea Ringworm Candidiasis and other Fungal Infections - 1.7k,t-candidiasis-diaper-9.jpg,D:\aadhavan\AI-Based Skin Disease Detection and Preliminary Diagnosis System\dataset\1. Eczema 1677\t-diaper-rash-2.jpg,D:\aadhavan\AI-Based Skin Disease Detection and Preliminary Diagnosis System\preprocessing\quarantine\duplicates\9. Tinea Ringworm Candidiasis and other Fungal Infections - 1.7k\t-candidiasis-diaper-9.jpg,2026-07-26T22:07:27.514233
D:\aadhavan\AI-Based Skin Disease Detection and Preliminary Diagnosis System\dataset\1. Eczema 1677\t-eczema-hand-17.jpg,1. Eczema 1677,t-eczema-hand-17.jpg,D:\aadhavan\AI-Based Skin Disease Detection and Preliminary Diagnosis System\dataset\1. Eczema 1677\t-Dyshidrosis-36.jpg,D:\aadhavan\AI-Based Skin Disease Detection and Preliminary Diagnosis System\preprocessing\quarantine\duplicates\1. Eczema 1677\t-eczema-hand-17.jpg,2026-07-26T22:07:27.515793
D:\aadhavan\AI-Based Skin Disease Detection and Preliminary Diagnosis System\dataset\1. Eczema 1677\t-eczema-hand-18.jpg,1. Eczema 1677,t-eczema-hand-18.jpg,D:\aadhavan\AI-Based Skin Disease Detection and Preliminary Diagnosis System\dataset\1. Eczema 1677\t-Dyshidrosis-37.jpg,D:\aadhavan\AI-Based Skin Disease Detection and Preliminary Diagnosis System\preprocessing\quarantine\duplicates\1. Eczema 1677\t-eczema-hand-18.jpg,2026-07-26T22:07:27.516561
D:\aadhavan\AI-Based Skin Disease Detection and Preliminary Diagnosis System\dataset\1. Eczema 1677\t-eczema-hand-127.jpg,1. Eczema 1677,t-eczema-hand-127.jpg,D:\aadhavan\AI-Based Skin Disease Detection and Preliminary Diagnosis System\dataset\1. Eczema 1677\t-Dyshidrosis-38.jpg,D:\aadhavan\AI-Based Skin Disease Detection and Preliminary Diagnosis System\preprocessing\quarantine\duplicates\1. Eczema 1677\t-eczema-hand-127.jpg,2026-07-26T22:07:27.518171
D:\aadhavan\AI-Based Skin Disease Detection and Preliminary Diagnosis System\dataset\1. Eczema 1677\t-eczema-hand-1.jpg,1. Eczema 1677,t-eczema-hand-1.jpg,D:\aadhavan\AI-Based Skin Disease Detection and Preliminary Diagnosis System\dataset\1. Eczema 1677\t-eczema-acute-1.jpg,D:\aadhavan\AI-Based Skin Disease Detection and Preliminary Diagnosis System\preprocessing\quarantine\duplicates\1. Eczema 1677\t-eczema-hand-1.jpg,2026-07-26T22:07:27.520239
D:\aadhavan\AI-Based Skin Disease Detection and Preliminary Diagnosis System\dataset\1. Eczema 1677\t-eczema-acute-13.jpg,1. Eczema 1677,t-eczema-acute-13.jpg,D:\aadhavan\AI-Based Skin Disease Detection and Preliminary Diagnosis System\dataset\1. Eczema 1677\t-eczema-acute-12.jpg,D:\aadhavan\AI-Based Skin Disease Detection and Preliminary Diagnosis System\preprocessing\quarantine\duplicates\1. Eczema 1677\t-eczema-acute-13.jpg,2026-07-26T22:07:27.522666
D:\aadhavan\AI-Based Skin Disease Detection and Preliminary Diagnosis System\dataset\1. Eczema 1677\v-lichen-simplex-chronicus-146.jpg,1. Eczema 1677,v-lichen-simplex-chronicus-146.jpg,D:\aadhavan\AI-Based Skin Disease Detection and Preliminary Diagnosis System\dataset\1. Eczema 1677\t-eczema-anal-1.jpg,D:\aadhavan\AI-Based Skin Disease Detection and Preliminary Diagnosis System\preprocessing\quarantine\duplicates\1. Eczema 1677\v-lichen-simplex-chronicus-146.jpg,2026-07-26T22:07:27.524593
D:\aadhavan\AI-Based Skin Disease Detection and Preliminary Diagnosis System\dataset\1. Eczema 1677\v-lichen-simplex-chronicus-141.jpg,1. Eczema 1677,v-lichen-simplex-chronicus-141.jpg,D:\aadhavan\AI-Based Skin Disease Detection and Preliminary Diagnosis System\dataset\1. Eczema 1677\t-eczema-anal-2.jpg,D:\aadhavan\AI-Based Skin Disease Detection and Preliminary Diagnosis System\preprocessing\quarantine\duplicates\1. Eczema 1677\v-lichen-simplex-chronicus-141.jpg,2026-07-26T22:07:27.525849
D:\aadhavan\AI-Based Skin Disease Detection and Preliminary Diagnosis System\dataset\3. Atopic Dermatitis - 1.25k\t-03EczemaAreolae021223.jpg,3. Atopic Dermatitis - 1.25k,t-03EczemaAreolae021223.jpg,D:\aadhavan\AI-Based Skin Disease Detection and Preliminary Diagnosis System\dataset\1. Eczema 1677\t-eczema-areola-10.jpg,D:\aadhavan\AI-Based Skin Disease Detection and Preliminary Diagnosis System\preprocessing\quarantine\duplicates\3. Atopic Dermatitis - 1.25k\t-03EczemaAreolae021223.jpg,2026-07-26T22:07:27.527262
D:\aadhavan\AI-Based Skin Disease Detection and Preliminary Diagnosis System\dataset\3. Atopic Dermatitis - 1.25k\v-03EczemaAreolae1.jpg,3. Atopic Dermatitis - 1.25k,v-03EczemaAreolae1.jpg,D:\aadhavan\AI-Based Skin Disease Detection and Preliminary Diagnosis System\dataset\1. Eczema 1677\t-eczema-areola-11.jpg,D:\aadhavan\AI-Based Skin Disease Detection and Preliminary Diagnosis System\preprocessing\quarantine\duplicates\3. Atopic Dermatitis - 1.25k\v-03EczemaAreolae1.jpg,2026-07-26T22:07:27.528314
D:\aadhavan\AI-Based Skin Disease Detection and Preliminary Diagnosis System\dataset\3. Atopic Dermatitis - 1.25k\t-05ATopicAreola.jpg,3. Atopic Dermatitis - 1.25k,t-05ATopicAreola.jpg,D:\aadhavan\AI-Based Skin Disease Detection and Preliminary Diagnosis System\dataset\1. Eczema 1677\t-eczema-areola-14.jpg,D:\aadhavan\AI-Based Skin Disease Detection and Preliminary Diagnosis System\preprocessing\quarantine\duplicates\3. Atopic Dermatitis - 1.25k\t-05ATopicAreola.jpg,2026-07-26T22:07:27.530162
D:\aadhavan\AI-Based Skin Disease Detection and Preliminary Diagnosis System\dataset\3. Atopic Dermatitis - 1.25k\t-05AtopicAreola23.jpg,3. Atopic Dermatitis - 1.25k,t-05AtopicAreola23.jpg,D:\aadhavan\AI-Based Skin Disease Detection and Preliminary Diagnosis System\dataset\1. Eczema 1677\t-eczema-areola-16.jpg,D:\aadhavan\AI-Based Skin Disease Detection and Preliminary Diagnosis System\preprocessing\quarantine\duplicates\3. Atopic Dermatitis - 1.25k\t-05AtopicAreola23.jpg,2026-07-26T22:07:27.531351
D:\aadhavan\AI-Based Skin Disease Detection and Preliminary Diagnosis System\dataset\3. Atopic Dermatitis - 1.25k\t-05AtopicAreola3.jpg,3. Atopic Dermatitis - 1.25k,t-05AtopicAreola3.jpg,D:\aadhavan\AI-Based Skin Disease Detection and Preliminary Diagnosis System\dataset\1. Eczema 1677\t-eczema-areola-17.jpg,D:\aadhavan\AI-Based Skin Disease Detection and Preliminary Diagnosis System\preprocessing\quarantine\duplicates\3. Atopic Dermatitis - 1.25k\t-05AtopicAreola3.jpg,2026-07-26T22:07:27.532242
D:\aadhavan\AI-Based Skin Disease Detection and Preliminary Diagnosis System\dataset\3. Atopic Dermatitis - 1.25k\v-03DermatitisAreola45.jpg,3. Atopic Dermatitis - 1.25k,v-03DermatitisAreola45.jpg,D:\aadhavan\AI-Based Skin Disease Detection and Preliminary Diagnosis System\dataset\1. Eczema 1677\t-eczema-areola-2.jpg,D:\aadhavan\AI-Based Skin Disease Detection and Preliminary Diagnosis System\preprocessing\quarantine\duplicates\3. Atopic Dermatitis - 1.25k\v-03DermatitisAreola45.jpg,2026-07-26T22:07:27.533164
D:\aadhavan\AI-Based Skin Disease Detection and Preliminary Diagnosis System\dataset\3. Atopic Dermatitis - 1.25k\t-03Eczema0310.jpg,3. Atopic Dermatitis - 1.25k,t-03Eczema0310.jpg,D:\aadhavan\AI-Based Skin Disease Detection and Preliminary Diagnosis System\dataset\1. Eczema 1677\t-eczema-areola-3.jpg,D:\aadhavan\AI-Based Skin Disease Detection and Preliminary Diagnosis System\preprocessing\quarantine\duplicates\3. Atopic Dermatitis - 1.25k\t-03Eczema0310.jpg,2026-07-26T22:07:27.534056
D:\aadhavan\AI-Based Skin Disease Detection and Preliminary Diagnosis System\dataset\1. Eczema 1677\t-eczema-subacute-40.jpg,1. Eczema 1677,t-eczema-subacute-40.jpg,D:\aadhavan\AI-Based Skin Disease Detection and Preliminary Diagnosis System\dataset\1. Eczema 1677\t-eczema-arms-11.jpg,D:\aadhavan\AI-Based Skin Disease Detection and Preliminary Diagnosis System\preprocessing\quarantine\duplicates\1. Eczema 1677\t-eczema-subacute-40.jpg,2026-07-26T22:07:27.535657
D:\aadhavan\AI-Based Skin Disease Detection and Preliminary Diagnosis System\dataset\1. Eczema 1677\t-eczema-nummular-16.jpg,1. Eczema 1677,t-eczema-nummular-16.jpg,D:\aadhavan\AI-Based Skin Disease Detection and Preliminary Diagnosis System\dataset\1. Eczema 1677\t-eczema-arms-14.jpg,D:\aadhavan\AI-Based Skin Disease Detection and Preliminary Diagnosis System\preprocessing\quarantine\duplicates\1. Eczema 1677\t-eczema-nummular-16.jpg,2026-07-26T22:07:27.536837
D:\aadhavan\AI-Based Skin Disease Detection and Preliminary Diagnosis System\dataset\1. Eczema 1677\v-03DermatitisArm1.jpg,1. Eczema 1677,v-03DermatitisArm1.jpg,D:\aadhavan\AI-Based Skin Disease Detection and Preliminary Diagnosis System\dataset\1. Eczema 1677\t-eczema-arms-2.jpg,D:\aadhavan\AI-Based Skin Disease Detection and Preliminary Diagnosis System\preprocessing\quarantine\duplicates\1. Eczema 1677\v-03DermatitisArm1.jpg,2026-07-26T22:07:27.538188
D:\aadhavan\AI-Based Skin Disease Detection and Preliminary Diagnosis System\dataset\1. Eczema 1677\t-eczema-subacute-6.jpg,1. Eczema 1677,t-eczema-subacute-6.jpg,D:\aadhavan\AI-Based Skin Disease Detection and Preliminary Diagnosis System\dataset\1. Eczema 1677\t-eczema-arms-3.jpg,D:\aadhavan\AI-Based Skin Disease Detection and Preliminary Diagnosis System\preprocessing\quarantine\duplicates\1. Eczema 1677\t-eczema-subacute-6.jpg,2026-07-26T22:07:27.539984
D:\aadhavan\AI-Based Skin Disease Detection and Preliminary Diagnosis System\dataset\1. Eczema 1677\t-eczema-subacute-13.jpg,1. Eczema 1677,t-eczema-subacute-13.jpg,D:\aadhavan\AI-Based Skin Disease Detection and Preliminary Diagnosis System\dataset\1. Eczema 1677\t-eczema-arms-7.jpg,D:\aadhavan\AI-Based Skin Disease Detection and Preliminary Diagnosis System\preprocessing\quarantine\duplicates\1. Eczema 1677\t-eczema-subacute-13.jpg,2026-07-26T22:07:27.542233
D:\aadhavan\AI-Based Skin Disease Detection and Preliminary Diagnosis System\dataset\1. Eczema 1677\t-eczema-subacute-14.jpg,1. Eczema 1677,t-eczema-subacute-14.jpg,D:\aadhavan\AI-Based Skin Disease Detection and Preliminary Diagnosis System\dataset\1. Eczema 1677\t-eczema-arms-7.jpg,D:\aadhavan\AI-Based Skin Disease Detection and Preliminary Diagnosis System\preprocessing\quarantine\duplicates\1. Eczema 1677\t-eczema-subacute-14.jpg,2026-07-26T22:07:27.543494
D:\aadhavan\AI-Based Skin Disease Detection and Preliminary Diagnosis System\dataset\1. Eczema 1677\v-eczema-chronic-2.jpg,1. Eczema 1677,v-eczema-chronic-2.jpg,D:\aadhavan\AI-Based Skin Disease Detection and Preliminary Diagnosis System\dataset\1. Eczema 1677\t-eczema-arms-7.jpg,D:\aadhavan\AI-Based Skin Disease Detection and Preliminary Diagnosis System\preprocessing\quarantine\duplicates\1. Eczema 1677\v-eczema-chronic-2.jpg,2026-07-26T22:07:27.544160
D:\aadhavan\AI-Based Skin Disease Detection and Preliminary Diagnosis System\dataset\1. Eczema 1677\t-eczema-chronic-11.jpg,1. Eczema 1677,t-eczema-chronic-11.jpg,D:\aadhavan\AI-Based Skin Disease Detection and Preliminary Diagnosis System\dataset\1. Eczema 1677\t-eczema-fingertips-3.jpg,D:\aadhavan\AI-Based Skin Disease Detection and Preliminary Diagnosis System\preprocessing\quarantine\duplicates\1. Eczema 1677\t-eczema-chronic-11.jpg,2026-07-26T22:07:27.547371
D:\aadhavan\AI-Based Skin Disease Detection and Preliminary Diagnosis System\dataset\1. Eczema 1677\t-eczema-chronic-19.jpg,1. Eczema 1677,t-eczema-chronic-19.jpg,D:\aadhavan\AI-Based Skin Disease Detection and Preliminary Diagnosis System\dataset\1. Eczema 1677\t-eczema-face-2.jpg,D:\aadhavan\AI-Based Skin Disease Detection and Preliminary Diagnosis System\preprocessing\quarantine\duplicates\1. Eczema 1677\t-eczema-chronic-19.jpg,2026-07-26T22:07:27.549239
D:\aadhavan\AI-Based Skin Disease Detection and Preliminary Diagnosis System\dataset\1. Eczema 1677\t-eczema-leg-5.jpg,1. Eczema 1677,t-eczema-leg-5.jpg,D:\aadhavan\AI-Based Skin Disease Detection and Preliminary Diagnosis System\dataset\1. Eczema 1677\t-eczema-chronic-21.jpg,D:\aadhavan\AI-Based Skin Disease Detection and Preliminary Diagnosis System\preprocessing\quarantine\duplicates\1. Eczema 1677\t-eczema-leg-5.jpg,2026-07-26T22:07:27.550503
D:\aadhavan\AI-Based Skin Disease Detection and Preliminary Diagnosis System\dataset\1. Eczema 1677\t-eczema-trunk-generalized-24.jpg,1. Eczema 1677,t-eczema-trunk-generalized-24.jpg,D:\aadhavan\AI-Based Skin Disease Detection and Preliminary Diagnosis System\dataset\1. Eczema 1677\t-eczema-chronic-22.jpg,D:\aadhavan\AI-Based Skin Disease Detection and Preliminary Diagnosis System\preprocessing\quarantine\duplicates\1. Eczema 1677\t-eczema-trunk-generalized-24.jpg,2026-07-26T22:07:27.555975
D:\aadhavan\AI-Based Skin Disease Detection and Preliminary Diagnosis System\dataset\1. Eczema 1677\t-eczema-nummular-8.jpg,1. Eczema 1677,t-eczema-nummular-8.jpg,D:\aadhavan\AI-Based Skin Disease Detection and Preliminary Diagnosis System\dataset\1. Eczema 1677\t-eczema-chronic-26.jpg,D:\aadhavan\AI-Based Skin Disease Detection and Preliminary Diagnosis System\preprocessing\quarantine\duplicates\1. Eczema 1677\t-eczema-nummular-8.jpg,2026-07-26T22:07:27.565614
D:\aadhavan\AI-Based Skin Disease Detection and Preliminary Diagnosis System\dataset\1. Eczema 1677\t-eczema-nummular-10.jpg,1. Eczema 1677,t-eczema-nummular-10.jpg,D:\aadhavan\AI-Based Skin Disease Detection and Preliminary Diagnosis System\dataset\1. Eczema 1677\t-eczema-chronic-28.jpg,D:\aadhavan\AI-Based Skin Disease Detection and Preliminary Diagnosis System\preprocessing\quarantine\duplicates\1. Eczema 1677\t-eczema-nummular-10.jpg,2026-07-26T22:07:27.567390
D:\aadhavan\AI-Based Skin Disease Detection and Preliminary Diagnosis System\dataset\1. Eczema 1677\t-eczema-nummular-12.jpg,1. Eczema 1677,t-eczema-nummular-12.jpg,D:\aadhavan\AI-Based Skin Disease Detection and Preliminary Diagnosis System\dataset\1. Eczema 1677\t-eczema-chronic-30.jpg,D:\aadhavan\AI-Based Skin Disease Detection and Preliminary Diagnosis System\preprocessing\quarantine\duplicates\1. Eczema 1677\t-eczema-nummular-12.jpg,2026-07-26T22:07:27.569173
D:\aadhavan\AI-Based Skin Disease Detection and Preliminary Diagnosis System\dataset\1. Eczema 1677\t-eczema-nummular-13.jpg,1. Eczema 1677,t-eczema-nummular-13.jpg,D:\aadhavan\AI-Based Skin Disease Detection and Preliminary Diagnosis System\dataset\1. Eczema 1677\t-eczema-chronic-31.jpg,D:\aadhavan\AI-Based Skin Disease Detection and Preliminary Diagnosis System\preprocessing\quarantine\duplicates\1. Eczema 1677\t-eczema-nummular-13.jpg,2026-07-26T22:07:27.570514
D:\aadhavan\AI-Based Skin Disease Detection and Preliminary Diagnosis System\dataset\1. Eczema 1677\t-eczema-leg-1.jpg,1. Eczema 1677,t-eczema-leg-1.jpg,D:\aadhavan\AI-Based Skin Disease Detection and Preliminary Diagnosis System\dataset\1. Eczema 1677\t-eczema-chronic-8.jpg,D:\aadhavan\AI-Based Skin Disease Detection and Preliminary Diagnosis System\preprocessing\quarantine\duplicates\1. Eczema 1677\t-eczema-leg-1.jpg,2026-07-26T22:07:27.572817
D:\aadhavan\AI-Based Skin Disease Detection and Preliminary Diagnosis System\dataset\1. Eczema 1677\t-eczema-leg-2.jpg,1. Eczema 1677,t-eczema-leg-2.jpg,D:\aadhavan\AI-Based Skin Disease Detection and Preliminary Diagnosis System\dataset\1. Eczema 1677\t-eczema-chronic-9.jpg,D:\aadhavan\AI-Based Skin Disease Detection and Preliminary Diagnosis System\preprocessing\quarantine\duplicates\1. Eczema 1677\t-eczema-leg-2.jpg,2026-07-26T22:07:27.573635
D:\aadhavan\AI-Based Skin Disease Detection and Preliminary Diagnosis System\dataset\1. Eczema 1677\t-eczema-face-7.jpg,1. Eczema 1677,t-eczema-face-7.jpg,D:\aadhavan\AI-Based Skin Disease Detection and Preliminary Diagnosis System\dataset\1. Eczema 1677\t-eczema-ears-5.jpg,D:\aadhavan\AI-Based Skin Disease Detection and Preliminary Diagnosis System\preprocessing\quarantine\duplicates\1. Eczema 1677\t-eczema-face-7.jpg,2026-07-26T22:07:27.575142
D:\aadhavan\AI-Based Skin Disease Detection and Preliminary Diagnosis System\dataset\1. Eczema 1677\v-eczema-impetiginized-8.jpg,1. Eczema 1677,v-eczema-impetiginized-8.jpg,D:\aadhavan\AI-Based Skin Disease Detection and Preliminary Diagnosis System\dataset\1. Eczema 1677\t-eczema-ears-5.jpg,D:\aadhavan\AI-Based Skin Disease Detection and Preliminary Diagnosis System\preprocessing\quarantine\duplicates\1. Eczema 1677\v-eczema-impetiginized-8.jpg,2026-07-26T22:07:27.576248
D:\aadhavan\AI-Based Skin Disease Detection and Preliminary Diagnosis System\dataset\1. Eczema 1677\v-eczema-impetiginized-9.jpg,1. Eczema 1677,v-eczema-impetiginized-9.jpg,D:\aadhavan\AI-Based Skin Disease Detection and Preliminary Diagnosis System\dataset\1. Eczema 1677\t-eczema-ears-6.jpg,D:\aadhavan\AI-Based Skin Disease Detection and Preliminary Diagnosis System\preprocessing\quarantine\duplicates\1. Eczema 1677\v-eczema-impetiginized-9.jpg,2026-07-26T22:07:27.577577
D:\aadhavan\AI-Based Skin Disease Detection and Preliminary Diagnosis System\dataset\1. Eczema 1677\v-eczema-subacute-30.jpg,1. Eczema 1677,v-eczema-subacute-30.jpg,D:\aadhavan\AI-Based Skin Disease Detection and Preliminary Diagnosis System\dataset\1. Eczema 1677\t-eczema-face-1.jpg,D:\aadhavan\AI-Based Skin Disease Detection and Preliminary Diagnosis System\preprocessing\quarantine\duplicates\1. Eczema 1677\v-eczema-subacute-30.jpg,2026-07-26T22:07:27.579375
D:\aadhavan\AI-Based Skin Disease Detection and Preliminary Diagnosis System\dataset\1. Eczema 1677\t-eczema-hand-19.jpg,1. Eczema 1677,t-eczema-hand-19.jpg,D:\aadhavan\AI-Based Skin Disease Detection and Preliminary Diagnosis System\dataset\1. Eczema 1677\t-eczema-fingertips-16.jpg,D:\aadhavan\AI-Based Skin Disease Detection and Preliminary Diagnosis System\preprocessing\quarantine\duplicates\1. Eczema 1677\t-eczema-hand-19.jpg,2026-07-26T22:07:27.581106
D:\aadhavan\AI-Based Skin Disease Detection and Preliminary Diagnosis System\dataset\1. Eczema 1677\v-eczema-fingertips-56.jpg,1. Eczema 1677,v-eczema-fingertips-56.jpg,D:\aadhavan\AI-Based Skin Disease Detection and Preliminary Diagnosis System\dataset\1. Eczema 1677\t-eczema-fingertips-55.jpg,D:\aadhavan\AI-Based Skin Disease Detection and Preliminary Diagnosis System\preprocessing\quarantine\duplicates\1. Eczema 1677\v-eczema-fingertips-56.jpg,2026-07-26T22:07:27.582805
D:\aadhavan\AI-Based Skin Disease Detection and Preliminary Diagnosis System\dataset\1. Eczema 1677\v-eczema-fingertips-58.jpg,1. Eczema 1677,v-eczema-fingertips-58.jpg,D:\aadhavan\AI-Based Skin Disease Detection and Preliminary Diagnosis System\dataset\1. Eczema 1677\t-eczema-fingertips-59.jpg,D:\aadhavan\AI-Based Skin Disease Detection and Preliminary Diagnosis System\preprocessing\quarantine\duplicates\1. Eczema 1677\v-eczema-fingertips-58.jpg,2026-07-26T22:07:27.584208
D:\aadhavan\AI-Based Skin Disease Detection and Preliminary Diagnosis System\dataset\1. Eczema 1677\t-fissure-10.jpg,1. Eczema 1677,t-fissure-10.jpg,D:\aadhavan\AI-Based Skin Disease Detection and Preliminary Diagnosis System\dataset\1. Eczema 1677\t-eczema-fingertips-62.jpg,D:\aadhavan\AI-Based Skin Disease Detection and Preliminary Diagnosis System\preprocessing\quarantine\duplicates\1. Eczema 1677\t-fissure-10.jpg,2026-07-26T22:07:27.585777
D:\aadhavan\AI-Based Skin Disease Detection and Preliminary Diagnosis System\dataset\1. Eczema 1677\t-eczema-hand-100.jpg,1. Eczema 1677,t-eczema-hand-100.jpg,D:\aadhavan\AI-Based Skin Disease Detection and Preliminary Diagnosis System\dataset\1. Eczema 1677\t-eczema-fingertips-66.jpg,D:\aadhavan\AI-Based Skin Disease Detection and Preliminary Diagnosis System\preprocessing\quarantine\duplicates\1. Eczema 1677\t-eczema-hand-100.jpg,2026-07-26T22:07:27.588220
D:\aadhavan\AI-Based Skin Disease Detection and Preliminary Diagnosis System\dataset\1. Eczema 1677\t-heels-dry-cracked-10.jpg,1. Eczema 1677,t-heels-dry-cracked-10.jpg,D:\aadhavan\AI-Based Skin Disease Detection and Preliminary Diagnosis System\dataset\1. Eczema 1677\t-eczema-foot-10.jpg,D:\aadhavan\AI-Based Skin Disease Detection and Preliminary Diagnosis System\preprocessing\quarantine\duplicates\1. Eczema 1677\t-heels-dry-cracked-10.jpg,2026-07-26T22:07:27.590632
D:\aadhavan\AI-Based Skin Disease Detection and Preliminary Diagnosis System\dataset\1. Eczema 1677\v-eczema-foot-101.jpg,1. Eczema 1677,v-eczema-foot-101.jpg,D:\aadhavan\AI-Based Skin Disease Detection and Preliminary Diagnosis System\dataset\1. Eczema 1677\t-eczema-foot-12.jpg,D:\aadhavan\AI-Based Skin Disease Detection and Preliminary Diagnosis System\preprocessing\quarantine\duplicates\1. Eczema 1677\v-eczema-foot-101.jpg,2026-07-26T22:07:27.592045
D:\aadhavan\AI-Based Skin Disease Detection and Preliminary Diagnosis System\dataset\1. Eczema 1677\v-eczema-foot-102.jpg,1. Eczema 1677,v-eczema-foot-102.jpg,D:\aadhavan\AI-Based Skin Disease Detection and Preliminary Diagnosis System\dataset\1. Eczema 1677\t-eczema-foot-13.jpg,D:\aadhavan\AI-Based Skin Disease Detection and Preliminary Diagnosis System\preprocessing\quarantine\duplicates\1. Eczema 1677\v-eczema-foot-102.jpg,2026-07-26T22:07:27.593269
D:\aadhavan\AI-Based Skin Disease Detection and Preliminary Diagnosis System\dataset\1. Eczema 1677\t-emersion-foot-3.jpg,1. Eczema 1677,t-emersion-foot-3.jpg,D:\aadhavan\AI-Based Skin Disease Detection and Preliminary Diagnosis System\dataset\1. Eczema 1677\t-eczema-foot-16.jpg,D:\aadhavan\AI-Based Skin Disease Detection and Preliminary Diagnosis System\preprocessing\quarantine\duplicates\1. Eczema 1677\t-emersion-foot-3.jpg,2026-07-26T22:07:27.594887
D:\aadhavan\AI-Based Skin Disease Detection and Preliminary Diagnosis System\dataset\1. Eczema 1677\t-eczema-subacute-16.jpg,1. Eczema 1677,t-eczema-subacute-16.jpg,D:\aadhavan\AI-Based Skin Disease Detection and Preliminary Diagnosis System\dataset\1. Eczema 1677\t-eczema-foot-20.jpg,D:\aadhavan\AI-Based Skin Disease Detection and Preliminary Diagnosis System\preprocessing\quarantine\duplicates\1. Eczema 1677\t-eczema-subacute-16.jpg,2026-07-26T22:07:27.596318
D:\aadhavan\AI-Based Skin Disease Detection and Preliminary Diagnosis System\dataset\1. Eczema 1677\v-eczema-impetiginized-4.jpg,1. Eczema 1677,v-eczema-impetiginized-4.jpg,D:\aadhavan\AI-Based Skin Disease Detection and Preliminary Diagnosis System\dataset\1. Eczema 1677\t-eczema-foot-22.jpg,D:\aadhavan\AI-Based Skin Disease Detection and Preliminary Diagnosis System\preprocessing\quarantine\duplicates\1. Eczema 1677\v-eczema-impetiginized-4.jpg,2026-07-26T22:07:27.597767
D:\aadhavan\AI-Based Skin Disease Detection and Preliminary Diagnosis System\dataset\1. Eczema 1677\v-eczema-impetiginized-6.jpg,1. Eczema 1677,v-eczema-impetiginized-6.jpg,D:\aadhavan\AI-Based Skin Disease Detection and Preliminary Diagnosis System\dataset\1. Eczema 1677\t-eczema-foot-24.jpg,D:\aadhavan\AI-Based Skin Disease Detection and Preliminary Diagnosis System\preprocessing\quarantine\duplicates\1. Eczema 1677\v-eczema-impetiginized-6.jpg,2026-07-26T22:07:27.599101
D:\aadhavan\AI-Based Skin Disease Detection and Preliminary Diagnosis System\dataset\1. Eczema 1677\t-eczema-impetiginized-7.jpg,1. Eczema 1677,t-eczema-impetiginized-7.jpg,D:\aadhavan\AI-Based Skin Disease Detection and Preliminary Diagnosis System\dataset\1. Eczema 1677\t-eczema-foot-25.jpg,D:\aadhavan\AI-Based Skin Disease Detection and Preliminary Diagnosis System\preprocessing\quarantine\duplicates\1. Eczema 1677\t-eczema-impetiginized-7.jpg,2026-07-26T22:07:27.600657
D:\aadhavan\AI-Based Skin Disease Detection and Preliminary Diagnosis System\dataset\1. Eczema 1677\v-eczema-foot-41.jpg,1. Eczema 1677,v-eczema-foot-41.jpg,D:\aadhavan\AI-Based Skin Disease Detection and Preliminary Diagnosis System\dataset\1. Eczema 1677\t-eczema-foot-40.jpg,D:\aadhavan\AI-Based Skin Disease Detection and Preliminary Diagnosis System\preprocessing\quarantine\duplicates\1. Eczema 1677\v-eczema-foot-41.jpg,2026-07-26T22:07:27.601930
D:\aadhavan\AI-Based Skin Disease Detection and Preliminary Diagnosis System\dataset\1. Eczema 1677\t-heels-dry-cracked-11.jpg,1. Eczema 1677,t-heels-dry-cracked-11.jpg,D:\aadhavan\AI-Based Skin Disease Detection and Preliminary Diagnosis System\dataset\1. Eczema 1677\t-eczema-foot-9.jpg,D:\aadhavan\AI-Based Skin Disease Detection and Preliminary Diagnosis System\preprocessing\quarantine\duplicates\1. Eczema 1677\t-heels-dry-cracked-11.jpg,2026-07-26T22:07:27.603310
D:\aadhavan\AI-Based Skin Disease Detection and Preliminary Diagnosis System\dataset\1. Eczema 1677\t-eczema-hand-96.jpg,1. Eczema 1677,t-eczema-hand-96.jpg,D:\aadhavan\AI-Based Skin Disease Detection and Preliminary Diagnosis System\dataset\1. Eczema 1677\t-eczema-hand-95.jpg,D:\aadhavan\AI-Based Skin Disease Detection and Preliminary Diagnosis System\preprocessing\quarantine\duplicates\1. Eczema 1677\t-eczema-hand-96.jpg,2026-07-26T22:07:27.605118
D:\aadhavan\AI-Based Skin Disease Detection and Preliminary Diagnosis System\dataset\3. Atopic Dermatitis - 1.25k\t-20Hyperkeratosis0331.jpg,3. Atopic Dermatitis - 1.25k,t-20Hyperkeratosis0331.jpg,D:\aadhavan\AI-Based Skin Disease Detection and Preliminary Diagnosis System\dataset\1. Eczema 1677\t-eczema-hyperkeratotic-1.jpg,D:\aadhavan\AI-Based Skin Disease Detection and Preliminary Diagnosis System\preprocessing\quarantine\duplicates\3. Atopic Dermatitis - 1.25k\t-20Hyperkeratosis0331.jpg,2026-07-26T22:07:27.606155
D:\aadhavan\AI-Based Skin Disease Detection and Preliminary Diagnosis System\dataset\1. Eczema 1677\v-eczema-foot-23.jpg,1. Eczema 1677,v-eczema-foot-23.jpg,D:\aadhavan\AI-Based Skin Disease Detection and Preliminary Diagnosis System\dataset\1. Eczema 1677\t-eczema-impetiginized-5.jpg,D:\aadhavan\AI-Based Skin Disease Detection and Preliminary Diagnosis System\preprocessing\quarantine\duplicates\1. Eczema 1677\v-eczema-foot-23.jpg,2026-07-26T22:07:27.607184
D:\aadhavan\AI-Based Skin Disease Detection and Preliminary Diagnosis System\dataset\1. Eczema 1677\v-eczema-subacute-18.jpg,1. Eczema 1677,v-eczema-subacute-18.jpg,D:\aadhavan\AI-Based Skin Disease Detection and Preliminary Diagnosis System\dataset\1. Eczema 1677\t-eczema-leg-4.jpg,D:\aadhavan\AI-Based Skin Disease Detection and Preliminary Diagnosis System\preprocessing\quarantine\duplicates\1. Eczema 1677\v-eczema-subacute-18.jpg,2026-07-26T22:07:27.608071
D:\aadhavan\AI-Based Skin Disease Detection and Preliminary Diagnosis System\dataset\1. Eczema 1677\t-eczema-subacute-42.jpg,1. Eczema 1677,t-eczema-subacute-42.jpg,D:\aadhavan\AI-Based Skin Disease Detection and Preliminary Diagnosis System\dataset\1. Eczema 1677\t-eczema-leg-6.jpg,D:\aadhavan\AI-Based Skin Disease Detection and Preliminary Diagnosis System\preprocessing\quarantine\duplicates\1. Eczema 1677\t-eczema-subacute-42.jpg,2026-07-26T22:07:27.608868
D:\aadhavan\AI-Based Skin Disease Detection and Preliminary Diagnosis System\dataset\1. Eczema 1677\t-eczema-nummular-128.jpg,1. Eczema 1677,t-eczema-nummular-128.jpg,D:\aadhavan\AI-Based Skin Disease Detection and Preliminary Diagnosis System\dataset\1. Eczema 1677\t-eczema-nummular-118.jpg,D:\aadhavan\AI-Based Skin Disease Detection and Preliminary Diagnosis System\preprocessing\quarantine\duplicates\1. Eczema 1677\t-eczema-nummular-128.jpg,2026-07-26T22:07:27.610182
D:\aadhavan\AI-Based Skin Disease Detection and Preliminary Diagnosis System\dataset\1. Eczema 1677\t-eczema-subacute-50.jpg,1. Eczema 1677,t-eczema-subacute-50.jpg,D:\aadhavan\AI-Based Skin Disease Detection and Preliminary Diagnosis System\dataset\1. Eczema 1677\t-eczema-nummular-20.jpg,D:\aadhavan\AI-Based Skin Disease Detection and Preliminary Diagnosis System\preprocessing\quarantine\duplicates\1. Eczema 1677\t-eczema-subacute-50.jpg,2026-07-26T22:07:27.611536
D:\aadhavan\AI-Based Skin Disease Detection and Preliminary Diagnosis System\dataset\1. Eczema 1677\t-eczema-subacute-51.jpg,1. Eczema 1677,t-eczema-subacute-51.jpg,D:\aadhavan\AI-Based Skin Disease Detection and Preliminary Diagnosis System\dataset\1. Eczema 1677\t-eczema-penis-1.jpg,D:\aadhavan\AI-Based Skin Disease Detection and Preliminary Diagnosis System\preprocessing\quarantine\duplicates\1. Eczema 1677\t-eczema-subacute-51.jpg,2026-07-26T22:07:27.613777
D:\aadhavan\AI-Based Skin Disease Detection and Preliminary Diagnosis System\dataset\1. Eczema 1677\t-eczema-subacute-52.jpg,1. Eczema 1677,t-eczema-subacute-52.jpg,D:\aadhavan\AI-Based Skin Disease Detection and Preliminary Diagnosis System\dataset\1. Eczema 1677\t-eczema-penis-1.jpg,D:\aadhavan\AI-Based Skin Disease Detection and Preliminary Diagnosis System\preprocessing\quarantine\duplicates\1. Eczema 1677\t-eczema-subacute-52.jpg,2026-07-26T22:07:27.614899
D:\aadhavan\AI-Based Skin Disease Detection and Preliminary Diagnosis System\dataset\1. Eczema 1677\t-lichen-simplex-chronicus-159.jpg,1. Eczema 1677,t-lichen-simplex-chronicus-159.jpg,D:\aadhavan\AI-Based Skin Disease Detection and Preliminary Diagnosis System\dataset\1. Eczema 1677\t-eczema-scrotum-3.jpg,D:\aadhavan\AI-Based Skin Disease Detection and Preliminary Diagnosis System\preprocessing\quarantine\duplicates\1. Eczema 1677\t-lichen-simplex-chronicus-159.jpg,2026-07-26T22:07:27.616603
D:\aadhavan\AI-Based Skin Disease Detection and Preliminary Diagnosis System\dataset\1. Eczema 1677\t-lichen-simplex-chronicus-158.jpg,1. Eczema 1677,t-lichen-simplex-chronicus-158.jpg,D:\aadhavan\AI-Based Skin Disease Detection and Preliminary Diagnosis System\dataset\1. Eczema 1677\t-eczema-scrotum-4.jpg,D:\aadhavan\AI-Based Skin Disease Detection and Preliminary Diagnosis System\preprocessing\quarantine\duplicates\1. Eczema 1677\t-lichen-simplex-chronicus-158.jpg,2026-07-26T22:07:27.618007
D:\aadhavan\AI-Based Skin Disease Detection and Preliminary Diagnosis System\dataset\1. Eczema 1677\v-eczema-leg-3.jpg,1. Eczema 1677,v-eczema-leg-3.jpg,D:\aadhavan\AI-Based Skin Disease Detection and Preliminary Diagnosis System\dataset\1. Eczema 1677\t-eczema-subacute-17.jpg,D:\aadhavan\AI-Based Skin Disease Detection and Preliminary Diagnosis System\preprocessing\quarantine\duplicates\1. Eczema 1677\v-eczema-leg-3.jpg,2026-07-26T22:07:27.619696
D:\aadhavan\AI-Based Skin Disease Detection and Preliminary Diagnosis System\dataset\1. Eczema 1677\t-eczema-trunk-generalized-35.jpg,1. Eczema 1677,t-eczema-trunk-generalized-35.jpg,D:\aadhavan\AI-Based Skin Disease Detection and Preliminary Diagnosis System\dataset\1. Eczema 1677\t-eczema-subacute-19.jpg,D:\aadhavan\AI-Based Skin Disease Detection and Preliminary Diagnosis System\preprocessing\quarantine\duplicates\1. Eczema 1677\t-eczema-trunk-generalized-35.jpg,2026-07-26T22:07:27.621492
D:\aadhavan\AI-Based Skin Disease Detection and Preliminary Diagnosis System\dataset\1. Eczema 1677\t-eczema-trunk-generalized-34.jpg,1. Eczema 1677,t-eczema-trunk-generalized-34.jpg,D:\aadhavan\AI-Based Skin Disease Detection and Preliminary Diagnosis System\dataset\1. Eczema 1677\t-eczema-subacute-20.jpg,D:\aadhavan\AI-Based Skin Disease Detection and Preliminary Diagnosis System\preprocessing\quarantine\duplicates\1. Eczema 1677\t-eczema-trunk-generalized-34.jpg,2026-07-26T22:07:27.622435
D:\aadhavan\AI-Based Skin Disease Detection and Preliminary Diagnosis System\dataset\1. Eczema 1677\v-eczema-arms-8.jpg,1. Eczema 1677,v-eczema-arms-8.jpg,D:\aadhavan\AI-Based Skin Disease Detection and Preliminary Diagnosis System\dataset\1. Eczema 1677\t-eczema-subacute-21.jpg,D:\aadhavan\AI-Based Skin Disease Detection and Preliminary Diagnosis System\preprocessing\quarantine\duplicates\1. Eczema 1677\v-eczema-arms-8.jpg,2026-07-26T22:07:27.626884
D:\aadhavan\AI-Based Skin Disease Detection and Preliminary Diagnosis System\dataset\1. Eczema 1677\v-eczema-trunk-generalized-33.jpg,1. Eczema 1677,v-eczema-trunk-generalized-33.jpg,D:\aadhavan\AI-Based Skin Disease Detection and Preliminary Diagnosis System\dataset\1. Eczema 1677\t-eczema-subacute-22.jpg,D:\aadhavan\AI-Based Skin Disease Detection and Preliminary Diagnosis System\preprocessing\quarantine\duplicates\1. Eczema 1677\v-eczema-trunk-generalized-33.jpg,2026-07-26T22:07:27.628405
D:\aadhavan\AI-Based Skin Disease Detection and Preliminary Diagnosis System\dataset\1. Eczema 1677\v-eczema-arms-9.jpg,1. Eczema 1677,v-eczema-arms-9.jpg,D:\aadhavan\AI-Based Skin Disease Detection and Preliminary Diagnosis System\dataset\1. Eczema 1677\t-eczema-subacute-23.jpg,D:\aadhavan\AI-Based Skin Disease Detection and Preliminary Diagnosis System\preprocessing\quarantine\duplicates\1. Eczema 1677\v-eczema-arms-9.jpg,2026-07-26T22:07:27.629960
D:\aadhavan\AI-Based Skin Disease Detection and Preliminary Diagnosis System\dataset\1. Eczema 1677\v-eczema-arms-10.jpg,1. Eczema 1677,v-eczema-arms-10.jpg,D:\aadhavan\AI-Based Skin Disease Detection and Preliminary Diagnosis System\dataset\1. Eczema 1677\t-eczema-subacute-24.jpg,D:\aadhavan\AI-Based Skin Disease Detection and Preliminary Diagnosis System\preprocessing\quarantine\duplicates\1. Eczema 1677\v-eczema-arms-10.jpg,2026-07-26T22:07:27.631413
D:\aadhavan\AI-Based Skin Disease Detection and Preliminary Diagnosis System\dataset\1. Eczema 1677\t-eczema-trunk-generalized-29.jpg,1. Eczema 1677,t-eczema-trunk-generalized-29.jpg,D:\aadhavan\AI-Based Skin Disease Detection and Preliminary Diagnosis System\dataset\1. Eczema 1677\t-eczema-subacute-28.jpg,D:\aadhavan\AI-Based Skin Disease Detection and Preliminary Diagnosis System\preprocessing\quarantine\duplicates\1. Eczema 1677\t-eczema-trunk-generalized-29.jpg,2026-07-26T22:07:27.632229
D:\aadhavan\AI-Based Skin Disease Detection and Preliminary Diagnosis System\dataset\1. Eczema 1677\t-eczema-trunk-generalized-27.jpg,1. Eczema 1677,t-eczema-trunk-generalized-27.jpg,D:\aadhavan\AI-Based Skin Disease Detection and Preliminary Diagnosis System\dataset\1. Eczema 1677\t-eczema-subacute-32.jpg,D:\aadhavan\AI-Based Skin Disease Detection and Preliminary Diagnosis System\preprocessing\quarantine\duplicates\1. Eczema 1677\t-eczema-trunk-generalized-27.jpg,2026-07-26T22:07:27.633019
D:\aadhavan\AI-Based Skin Disease Detection and Preliminary Diagnosis System\dataset\1. Eczema 1677\t-eczema-trunk-generalized-25.jpg,1. Eczema 1677,t-eczema-trunk-generalized-25.jpg,D:\aadhavan\AI-Based Skin Disease Detection and Preliminary Diagnosis System\dataset\1. Eczema 1677\t-eczema-subacute-36.jpg,D:\aadhavan\AI-Based Skin Disease Detection and Preliminary Diagnosis System\preprocessing\quarantine\duplicates\1. Eczema 1677\t-eczema-trunk-generalized-25.jpg,2026-07-26T22:07:27.633827
D:\aadhavan\AI-Based Skin Disease Detection and Preliminary Diagnosis System\dataset\1. Eczema 1677\v-eczema-trunk-generalized-22.jpg,1. Eczema 1677,v-eczema-trunk-generalized-22.jpg,D:\aadhavan\AI-Based Skin Disease Detection and Preliminary Diagnosis System\dataset\1. Eczema 1677\t-eczema-subacute-43.jpg,D:\aadhavan\AI-Based Skin Disease Detection and Preliminary Diagnosis System\preprocessing\quarantine\duplicates\1. Eczema 1677\v-eczema-trunk-generalized-22.jpg,2026-07-26T22:07:27.634660
D:\aadhavan\AI-Based Skin Disease Detection and Preliminary Diagnosis System\dataset\1. Eczema 1677\t-eczema-trunk-generalized-21.jpg,1. Eczema 1677,t-eczema-trunk-generalized-21.jpg,D:\aadhavan\AI-Based Skin Disease Detection and Preliminary Diagnosis System\dataset\1. Eczema 1677\t-eczema-subacute-45.jpg,D:\aadhavan\AI-Based Skin Disease Detection and Preliminary Diagnosis System\preprocessing\quarantine\duplicates\1. Eczema 1677\t-eczema-trunk-generalized-21.jpg,2026-07-26T22:07:27.635548
D:\aadhavan\AI-Based Skin Disease Detection and Preliminary Diagnosis System\dataset\1. Eczema 1677\t-eczema-trunk-generalized-15.jpg,1. Eczema 1677,t-eczema-trunk-generalized-15.jpg,D:\aadhavan\AI-Based Skin Disease Detection and Preliminary Diagnosis System\dataset\1. Eczema 1677\t-eczema-subacute-46.jpg,D:\aadhavan\AI-Based Skin Disease Detection and Preliminary Diagnosis System\preprocessing\quarantine\duplicates\1. Eczema 1677\t-eczema-trunk-generalized-15.jpg,2026-07-26T22:07:27.637832
D:\aadhavan\AI-Based Skin Disease Detection and Preliminary Diagnosis System\dataset\1. Eczema 1677\t-eczema-trunk-generalized-12.jpg,1. Eczema 1677,t-eczema-trunk-generalized-12.jpg,D:\aadhavan\AI-Based Skin Disease Detection and Preliminary Diagnosis System\dataset\1. Eczema 1677\t-eczema-subacute-47.jpg,D:\aadhavan\AI-Based Skin Disease Detection and Preliminary Diagnosis System\preprocessing\quarantine\duplicates\1. Eczema 1677\t-eczema-trunk-generalized-12.jpg,2026-07-26T22:07:27.639346
D:\aadhavan\AI-Based Skin Disease Detection and Preliminary Diagnosis System\dataset\1. Eczema 1677\t-eczema-trunk-generalized-11.jpg,1. Eczema 1677,t-eczema-trunk-generalized-11.jpg,D:\aadhavan\AI-Based Skin Disease Detection and Preliminary Diagnosis System\dataset\1. Eczema 1677\t-eczema-subacute-48.jpg,D:\aadhavan\AI-Based Skin Disease Detection and Preliminary Diagnosis System\preprocessing\quarantine\duplicates\1. Eczema 1677\t-eczema-trunk-generalized-11.jpg,2026-07-26T22:07:27.640783
D:\aadhavan\AI-Based Skin Disease Detection and Preliminary Diagnosis System\dataset\1. Eczema 1677\t-stasis-dermatitis-190.jpg,1. Eczema 1677,t-stasis-dermatitis-190.jpg,D:\aadhavan\AI-Based Skin Disease Detection and Preliminary Diagnosis System\dataset\1. Eczema 1677\t-eczema-subacute-49.jpg,D:\aadhavan\AI-Based Skin Disease Detection and Preliminary Diagnosis System\preprocessing\quarantine\duplicates\1. Eczema 1677\t-stasis-dermatitis-190.jpg,2026-07-26T22:07:27.642563
D:\aadhavan\AI-Based Skin Disease Detection and Preliminary Diagnosis System\dataset\1. Eczema 1677\t-eczema-trunk-generalized-3.jpg,1. Eczema 1677,t-eczema-trunk-generalized-3.jpg,D:\aadhavan\AI-Based Skin Disease Detection and Preliminary Diagnosis System\dataset\1. Eczema 1677\t-eczema-subacute-53.jpg,D:\aadhavan\AI-Based Skin Disease Detection and Preliminary Diagnosis System\preprocessing\quarantine\duplicates\1. Eczema 1677\t-eczema-trunk-generalized-3.jpg,2026-07-26T22:07:27.643886
D:\aadhavan\AI-Based Skin Disease Detection and Preliminary Diagnosis System\dataset\1. Eczema 1677\v-eczema-arms-4.jpg,1. Eczema 1677,v-eczema-arms-4.jpg,D:\aadhavan\AI-Based Skin Disease Detection and Preliminary Diagnosis System\dataset\1. Eczema 1677\t-eczema-subacute-7.jpg,D:\aadhavan\AI-Based Skin Disease Detection and Preliminary Diagnosis System\preprocessing\quarantine\duplicates\1. Eczema 1677\v-eczema-arms-4.jpg,2026-07-26T22:07:27.645672
D:\aadhavan\AI-Based Skin Disease Detection and Preliminary Diagnosis System\dataset\1. Eczema 1677\v-eczema-arms-5.jpg,1. Eczema 1677,v-eczema-arms-5.jpg,D:\aadhavan\AI-Based Skin Disease Detection and Preliminary Diagnosis System\dataset\1. Eczema 1677\t-eczema-subacute-8.jpg,D:\aadhavan\AI-Based Skin Disease Detection and Preliminary Diagnosis System\preprocessing\quarantine\duplicates\1. Eczema 1677\v-eczema-arms-5.jpg,2026-07-26T22:07:27.647453
D:\aadhavan\AI-Based Skin Disease Detection and Preliminary Diagnosis System\dataset\1. Eczema 1677\t-neurotic-excoriations-67.jpg,1. Eczema 1677,t-neurotic-excoriations-67.jpg,D:\aadhavan\AI-Based Skin Disease Detection and Preliminary Diagnosis System\dataset\1. Eczema 1677\t-eczema-trunk-generalized-2.jpg,D:\aadhavan\AI-Based Skin Disease Detection and Preliminary Diagnosis System\preprocessing\quarantine\duplicates\1. Eczema 1677\t-neurotic-excoriations-67.jpg,2026-07-26T22:07:27.649164
D:\aadhavan\AI-Based Skin Disease Detection and Preliminary Diagnosis System\dataset\1. Eczema 1677\v-eczema-subacute-39.jpg,1. Eczema 1677,v-eczema-subacute-39.jpg,D:\aadhavan\AI-Based Skin Disease Detection and Preliminary Diagnosis System\dataset\1. Eczema 1677\t-eczema-trunk-generalized-23.jpg,D:\aadhavan\AI-Based Skin Disease Detection and Preliminary Diagnosis System\preprocessing\quarantine\duplicates\1. Eczema 1677\v-eczema-subacute-39.jpg,2026-07-26T22:07:27.650550
D:\aadhavan\AI-Based Skin Disease Detection and Preliminary Diagnosis System\dataset\1. Eczema 1677\v-eczema-subacute-34.jpg,1. Eczema 1677,v-eczema-subacute-34.jpg,D:\aadhavan\AI-Based Skin Disease Detection and Preliminary Diagnosis System\dataset\1. Eczema 1677\t-eczema-trunk-generalized-26.jpg,D:\aadhavan\AI-Based Skin Disease Detection and Preliminary Diagnosis System\preprocessing\quarantine\duplicates\1. Eczema 1677\v-eczema-subacute-34.jpg,2026-07-26T22:07:27.651727
D:\aadhavan\AI-Based Skin Disease Detection and Preliminary Diagnosis System\dataset\1. Eczema 1677\v-eczema-subacute-29.jpg,1. Eczema 1677,v-eczema-subacute-29.jpg,D:\aadhavan\AI-Based Skin Disease Detection and Preliminary Diagnosis System\dataset\1. Eczema 1677\t-eczema-trunk-generalized-28.jpg,D:\aadhavan\AI-Based Skin Disease Detection and Preliminary Diagnosis System\preprocessing\quarantine\duplicates\1. Eczema 1677\v-eczema-subacute-29.jpg,2026-07-26T22:07:27.652563
D:\aadhavan\AI-Based Skin Disease Detection and Preliminary Diagnosis System\dataset\1. Eczema 1677\v-eczema-subacute-15.jpg,1. Eczema 1677,v-eczema-subacute-15.jpg,D:\aadhavan\AI-Based Skin Disease Detection and Preliminary Diagnosis System\dataset\1. Eczema 1677\t-eczema-trunk-generalized-36.jpg,D:\aadhavan\AI-Based Skin Disease Detection and Preliminary Diagnosis System\preprocessing\quarantine\duplicates\1. Eczema 1677\v-eczema-subacute-15.jpg,2026-07-26T22:07:27.653308
D:\aadhavan\AI-Based Skin Disease Detection and Preliminary Diagnosis System\dataset\1. Eczema 1677\t-lichen-simplex-chronicus-155.jpg,1. Eczema 1677,t-lichen-simplex-chronicus-155.jpg,D:\aadhavan\AI-Based Skin Disease Detection and Preliminary Diagnosis System\dataset\1. Eczema 1677\t-eczema-vulva-2.jpg,D:\aadhavan\AI-Based Skin Disease Detection and Preliminary Diagnosis System\preprocessing\quarantine\duplicates\1. Eczema 1677\t-lichen-simplex-chronicus-155.jpg,2026-07-26T22:07:27.654303
D:\aadhavan\AI-Based Skin Disease Detection and Preliminary Diagnosis System\dataset\1. Eczema 1677\t-lichen-simplex-chronicus-156.jpg,1. Eczema 1677,t-lichen-simplex-chronicus-156.jpg,D:\aadhavan\AI-Based Skin Disease Detection and Preliminary Diagnosis System\dataset\1. Eczema 1677\t-eczema-vulva-3.jpg,D:\aadhavan\AI-Based Skin Disease Detection and Preliminary Diagnosis System\preprocessing\quarantine\duplicates\1. Eczema 1677\t-lichen-simplex-chronicus-156.jpg,2026-07-26T22:07:27.655166
D:\aadhavan\AI-Based Skin Disease Detection and Preliminary Diagnosis System\dataset\1. Eczema 1677\v-lichen-simplex-chronicus-157.jpg,1. Eczema 1677,v-lichen-simplex-chronicus-157.jpg,D:\aadhavan\AI-Based Skin Disease Detection and Preliminary Diagnosis System\dataset\1. Eczema 1677\t-eczema-vulva-4.jpg,D:\aadhavan\AI-Based Skin Disease Detection and Preliminary Diagnosis System\preprocessing\quarantine\duplicates\1. Eczema 1677\v-lichen-simplex-chronicus-157.jpg,2026-07-26T22:07:27.655958
D:\aadhavan\AI-Based Skin Disease Detection and Preliminary Diagnosis System\dataset\1. Eczema 1677\v-fissure-4.jpg,1. Eczema 1677,v-fissure-4.jpg,D:\aadhavan\AI-Based Skin Disease Detection and Preliminary Diagnosis System\dataset\1. Eczema 1677\t-eczema-vulva-5.jpg,D:\aadhavan\AI-Based Skin Disease Detection and Preliminary Diagnosis System\preprocessing\quarantine\duplicates\1. Eczema 1677\v-fissure-4.jpg,2026-07-26T22:07:27.657216
D:\aadhavan\AI-Based Skin Disease Detection and Preliminary Diagnosis System\dataset\1. Eczema 1677\v-fissure-5.jpg,1. Eczema 1677,v-fissure-5.jpg,D:\aadhavan\AI-Based Skin Disease Detection and Preliminary Diagnosis System\dataset\1. Eczema 1677\t-eczema-vulva-6.jpg,D:\aadhavan\AI-Based Skin Disease Detection and Preliminary Diagnosis System\preprocessing\quarantine\duplicates\1. Eczema 1677\v-fissure-5.jpg,2026-07-26T22:07:27.658602
D:\aadhavan\AI-Based Skin Disease Detection and Preliminary Diagnosis System\dataset\1. Eczema 1677\v-maceration-5.jpg,1. Eczema 1677,v-maceration-5.jpg,D:\aadhavan\AI-Based Skin Disease Detection and Preliminary Diagnosis System\dataset\1. Eczema 1677\t-emersion-foot-1.jpg,D:\aadhavan\AI-Based Skin Disease Detection and Preliminary Diagnosis System\preprocessing\quarantine\duplicates\1. Eczema 1677\v-maceration-5.jpg,2026-07-26T22:07:27.660098
D:\aadhavan\AI-Based Skin Disease Detection and Preliminary Diagnosis System\dataset\1. Eczema 1677\t-fissure-9.jpg,1. Eczema 1677,t-fissure-9.jpg,D:\aadhavan\AI-Based Skin Disease Detection and Preliminary Diagnosis System\dataset\1. Eczema 1677\t-fissure-8.jpg,D:\aadhavan\AI-Based Skin Disease Detection and Preliminary Diagnosis System\preprocessing\quarantine\duplicates\1. Eczema 1677\t-fissure-9.jpg,2026-07-26T22:07:27.661438
D:\aadhavan\AI-Based Skin Disease Detection and Preliminary Diagnosis System\dataset\9. Tinea Ringworm Candidiasis and other Fungal Infections - 1.7k\v-id-reaction-11.jpg,9. Tinea Ringworm Candidiasis and other Fungal Infections - 1.7k,v-id-reaction-11.jpg,D:\aadhavan\AI-Based Skin Disease Detection and Preliminary Diagnosis System\dataset\1. Eczema 1677\t-id-reaction-11.jpg,D:\aadhavan\AI-Based Skin Disease Detection and Preliminary Diagnosis System\preprocessing\quarantine\duplicates\9. Tinea Ringworm Candidiasis and other Fungal Infections - 1.7k\v-id-reaction-11.jpg,2026-07-26T22:07:27.663257
D:\aadhavan\AI-Based Skin Disease Detection and Preliminary Diagnosis System\dataset\9. Tinea Ringworm Candidiasis and other Fungal Infections - 1.7k\t-id-reaction-2.jpg,9. Tinea Ringworm Candidiasis and other Fungal Infections - 1.7k,t-id-reaction-2.jpg,D:\aadhavan\AI-Based Skin Disease Detection and Preliminary Diagnosis System\dataset\1. Eczema 1677\t-id-reaction-2.jpg,D:\aadhavan\AI-Based Skin Disease Detection and Preliminary Diagnosis System\preprocessing\quarantine\duplicates\9. Tinea Ringworm Candidiasis and other Fungal Infections - 1.7k\t-id-reaction-2.jpg,2026-07-26T22:07:27.664614
D:\aadhavan\AI-Based Skin Disease Detection and Preliminary Diagnosis System\dataset\9. Tinea Ringworm Candidiasis and other Fungal Infections - 1.7k\t-id-reaction-3.jpg,9. Tinea Ringworm Candidiasis and other Fungal Infections - 1.7k,t-id-reaction-3.jpg,D:\aadhavan\AI-Based Skin Disease Detection and Preliminary Diagnosis System\dataset\1. Eczema 1677\t-id-reaction-3.jpg,D:\aadhavan\AI-Based Skin Disease Detection and Preliminary Diagnosis System\preprocessing\quarantine\duplicates\9. Tinea Ringworm Candidiasis and other Fungal Infections - 1.7k\t-id-reaction-3.jpg,2026-07-26T22:07:27.666086
D:\aadhavan\AI-Based Skin Disease Detection and Preliminary Diagnosis System\dataset\9. Tinea Ringworm Candidiasis and other Fungal Infections - 1.7k\t-id-reaction-4.jpg,9. Tinea Ringworm Candidiasis and other Fungal Infections - 1.7k,t-id-reaction-4.jpg,D:\aadhavan\AI-Based Skin Disease Detection and Preliminary Diagnosis System\dataset\1. Eczema 1677\t-id-reaction-4.jpg,D:\aadhavan\AI-Based Skin Disease Detection and Preliminary Diagnosis System\preprocessing\quarantine\duplicates\9. Tinea Ringworm Candidiasis and other Fungal Infections - 1.7k\t-id-reaction-4.jpg,2026-07-26T22:07:27.667554
D:\aadhavan\AI-Based Skin Disease Detection and Preliminary Diagnosis System\dataset\9. Tinea Ringworm Candidiasis and other Fungal Infections - 1.7k\v-id-reaction-5.jpg,9. Tinea Ringworm Candidiasis and other Fungal Infections - 1.7k,v-id-reaction-5.jpg,D:\aadhavan\AI-Based Skin Disease Detection and Preliminary Diagnosis System\dataset\1. Eczema 1677\t-id-reaction-5.jpg,D:\aadhavan\AI-Based Skin Disease Detection and Preliminary Diagnosis System\preprocessing\quarantine\duplicates\9. Tinea Ringworm Candidiasis and other Fungal Infections - 1.7k\v-id-reaction-5.jpg,2026-07-26T22:07:27.668838
D:\aadhavan\AI-Based Skin Disease Detection and Preliminary Diagnosis System\dataset\9. Tinea Ringworm Candidiasis and other Fungal Infections - 1.7k\v-id-reaction-6.jpg,9. Tinea Ringworm Candidiasis and other Fungal Infections - 1.7k,v-id-reaction-6.jpg,D:\aadhavan\AI-Based Skin Disease Detection and Preliminary Diagnosis System\dataset\1. Eczema 1677\t-id-reaction-6.jpg,D:\aadhavan\AI-Based Skin Disease Detection and Preliminary Diagnosis System\preprocessing\quarantine\duplicates\9. Tinea Ringworm Candidiasis and other Fungal Infections - 1.7k\v-id-reaction-6.jpg,2026-07-26T22:07:27.670063
D:\aadhavan\AI-Based Skin Disease Detection and Preliminary Diagnosis System\dataset\9. Tinea Ringworm Candidiasis and other Fungal Infections - 1.7k\v-id-reaction-9.jpg,9. Tinea Ringworm Candidiasis and other Fungal Infections - 1.7k,v-id-reaction-9.jpg,D:\aadhavan\AI-Based Skin Disease Detection and Preliminary Diagnosis System\dataset\1. Eczema 1677\t-id-reaction-9.jpg,D:\aadhavan\AI-Based Skin Disease Detection and Preliminary Diagnosis System\preprocessing\quarantine\duplicates\9. Tinea Ringworm Candidiasis and other Fungal Infections - 1.7k\v-id-reaction-9.jpg,2026-07-26T22:07:27.671548
D:\aadhavan\AI-Based Skin Disease Detection and Preliminary Diagnosis System\dataset\8. Seborrheic Keratoses and other Benign Tumors - 1.8k\t-knuckle-pads-1.jpg,8. Seborrheic Keratoses and other Benign Tumors - 1.8k,t-knuckle-pads-1.jpg,D:\aadhavan\AI-Based Skin Disease Detection and Preliminary Diagnosis System\dataset\1. Eczema 1677\t-knuckle-pads-1.jpg,D:\aadhavan\AI-Based Skin Disease Detection and Preliminary Diagnosis System\preprocessing\quarantine\duplicates\8. Seborrheic Keratoses and other Benign Tumors - 1.8k\t-knuckle-pads-1.jpg,2026-07-26T22:07:27.673373
D:\aadhavan\AI-Based Skin Disease Detection and Preliminary Diagnosis System\dataset\1. Eczema 1677\t-lichen-simplex-chronicus-175.jpg,1. Eczema 1677,t-lichen-simplex-chronicus-175.jpg,D:\aadhavan\AI-Based Skin Disease Detection and Preliminary Diagnosis System\dataset\1. Eczema 1677\t-lichen-simplex-chronicus-174.jpg,D:\aadhavan\AI-Based Skin Disease Detection and Preliminary Diagnosis System\preprocessing\quarantine\duplicates\1. Eczema 1677\t-lichen-simplex-chronicus-175.jpg,2026-07-26T22:07:27.675093
D:\aadhavan\AI-Based Skin Disease Detection and Preliminary Diagnosis System\dataset\1. Eczema 1677\t-pompholyx-39.jpg,1. Eczema 1677,t-pompholyx-39.jpg,D:\aadhavan\AI-Based Skin Disease Detection and Preliminary Diagnosis System\dataset\1. Eczema 1677\t-pompholyx-38.jpg,D:\aadhavan\AI-Based Skin Disease Detection and Preliminary Diagnosis System\preprocessing\quarantine\duplicates\1. Eczema 1677\t-pompholyx-39.jpg,2026-07-26T22:07:27.676614
D:\aadhavan\AI-Based Skin Disease Detection and Preliminary Diagnosis System\dataset\1. Eczema 1677\t-stasis-dermatitis-179.jpg,1. Eczema 1677,t-stasis-dermatitis-179.jpg,D:\aadhavan\AI-Based Skin Disease Detection and Preliminary Diagnosis System\dataset\1. Eczema 1677\t-prurigo-nodularis-20.jpg,D:\aadhavan\AI-Based Skin Disease Detection and Preliminary Diagnosis System\preprocessing\quarantine\duplicates\1. Eczema 1677\t-stasis-dermatitis-179.jpg,2026-07-26T22:07:27.678980
D:\aadhavan\AI-Based Skin Disease Detection and Preliminary Diagnosis System\dataset\1. Eczema 1677\t-prurigo-nodularis-49.jpg,1. Eczema 1677,t-prurigo-nodularis-49.jpg,D:\aadhavan\AI-Based Skin Disease Detection and Preliminary Diagnosis System\dataset\1. Eczema 1677\t-prurigo-nodularis-24.jpg,D:\aadhavan\AI-Based Skin Disease Detection and Preliminary Diagnosis System\preprocessing\quarantine\duplicates\1. Eczema 1677\t-prurigo-nodularis-49.jpg,2026-07-26T22:07:27.680710
D:\aadhavan\AI-Based Skin Disease Detection and Preliminary Diagnosis System\dataset\1. Eczema 1677\t-prurigo-nodularis-46.jpg,1. Eczema 1677,t-prurigo-nodularis-46.jpg,D:\aadhavan\AI-Based Skin Disease Detection and Preliminary Diagnosis System\dataset\1. Eczema 1677\t-prurigo-nodularis-45.jpg,D:\aadhavan\AI-Based Skin Disease Detection and Preliminary Diagnosis System\preprocessing\quarantine\duplicates\1. Eczema 1677\t-prurigo-nodularis-46.jpg,2026-07-26T22:07:27.681813
D:\aadhavan\AI-Based Skin Disease Detection and Preliminary Diagnosis System\dataset\1. Eczema 1677\v-eczema-nummular-14.jpg,1. Eczema 1677,v-eczema-nummular-14.jpg,D:\aadhavan\AI-Based Skin Disease Detection and Preliminary Diagnosis System\dataset\1. Eczema 1677\t-stasis-dermatitis-194.jpg,D:\aadhavan\AI-Based Skin Disease Detection and Preliminary Diagnosis System\preprocessing\quarantine\duplicates\1. Eczema 1677\v-eczema-nummular-14.jpg,2026-07-26T22:07:27.682627
D:\aadhavan\AI-Based Skin Disease Detection and Preliminary Diagnosis System\dataset\1. Eczema 1677\v-eczema-arms-6.jpg,1. Eczema 1677,v-eczema-arms-6.jpg,D:\aadhavan\AI-Based Skin Disease Detection and Preliminary Diagnosis System\dataset\1. Eczema 1677\v-03DermatitisLeg.jpg,D:\aadhavan\AI-Based Skin Disease Detection and Preliminary Diagnosis System\preprocessing\quarantine\duplicates\1. Eczema 1677\v-eczema-arms-6.jpg,2026-07-26T22:07:27.683394
D:\aadhavan\AI-Based Skin Disease Detection and Preliminary Diagnosis System\dataset\3. Atopic Dermatitis - 1.25k\v-03DermatitisLids1.jpg,3. Atopic Dermatitis - 1.25k,v-03DermatitisLids1.jpg,D:\aadhavan\AI-Based Skin Disease Detection and Preliminary Diagnosis System\dataset\1. Eczema 1677\v-03DermatitisLids1.jpg,D:\aadhavan\AI-Based Skin Disease Detection and Preliminary Diagnosis System\preprocessing\quarantine\duplicates\3. Atopic Dermatitis - 1.25k\v-03DermatitisLids1.jpg,2026-07-26T22:07:27.684180
D:\aadhavan\AI-Based Skin Disease Detection and Preliminary Diagnosis System\dataset\3. Atopic Dermatitis - 1.25k\v-05hyperkeratosis01010.jpg,3. Atopic Dermatitis - 1.25k,v-05hyperkeratosis01010.jpg,D:\aadhavan\AI-Based Skin Disease Detection and Preliminary Diagnosis System\dataset\1. Eczema 1677\v-05hyperkeratosis01010.jpg,D:\aadhavan\AI-Based Skin Disease Detection and Preliminary Diagnosis System\preprocessing\quarantine\duplicates\3. Atopic Dermatitis - 1.25k\v-05hyperkeratosis01010.jpg,2026-07-26T22:07:27.685067
D:\aadhavan\AI-Based Skin Disease Detection and Preliminary Diagnosis System\dataset\1. Eczema 1677\v-eczema-nummular-11.jpg,1. Eczema 1677,v-eczema-nummular-11.jpg,D:\aadhavan\AI-Based Skin Disease Detection and Preliminary Diagnosis System\dataset\1. Eczema 1677\v-eczema-chronic-29.jpg,D:\aadhavan\AI-Based Skin Disease Detection and Preliminary Diagnosis System\preprocessing\quarantine\duplicates\1. Eczema 1677\v-eczema-nummular-11.jpg,2026-07-26T22:07:27.685920
D:\aadhavan\AI-Based Skin Disease Detection and Preliminary Diagnosis System\dataset\7. Psoriasis pictures Lichen Planus and related diseases - 2k\t-Lichen-Planus-Hypertrophic-2.jpg,7. Psoriasis pictures Lichen Planus and related diseases - 2k,t-Lichen-Planus-Hypertrophic-2.jpg,D:\aadhavan\AI-Based Skin Disease Detection and Preliminary Diagnosis System\dataset\1. Eczema 1677\v-eczema-nummular-142.jpg,D:\aadhavan\AI-Based Skin Disease Detection and Preliminary Diagnosis System\preprocessing\quarantine\duplicates\7. Psoriasis pictures Lichen Planus and related diseases - 2k\t-Lichen-Planus-Hypertrophic-2.jpg,2026-07-26T22:07:27.687939
D:\aadhavan\AI-Based Skin Disease Detection and Preliminary Diagnosis System\dataset\9. Tinea Ringworm Candidiasis and other Fungal Infections - 1.7k\t-id-reaction-1.jpg,9. Tinea Ringworm Candidiasis and other Fungal Infections - 1.7k,t-id-reaction-1.jpg,D:\aadhavan\AI-Based Skin Disease Detection and Preliminary Diagnosis System\dataset\1. Eczema 1677\v-id-reaction-1.jpg,D:\aadhavan\AI-Based Skin Disease Detection and Preliminary Diagnosis System\preprocessing\quarantine\duplicates\9. Tinea Ringworm Candidiasis and other Fungal Infections - 1.7k\t-id-reaction-1.jpg,2026-07-26T22:07:27.689434
D:\aadhavan\AI-Based Skin Disease Detection and Preliminary Diagnosis System\dataset\9. Tinea Ringworm Candidiasis and other Fungal Infections - 1.7k\t-id-reaction-10.jpg,9. Tinea Ringworm Candidiasis and other Fungal Infections - 1.7k,t-id-reaction-10.jpg,D:\aadhavan\AI-Based Skin Disease Detection and Preliminary Diagnosis System\dataset\1. Eczema 1677\v-id-reaction-10.jpg,D:\aadhavan\AI-Based Skin Disease Detection and Preliminary Diagnosis System\preprocessing\quarantine\duplicates\9. Tinea Ringworm Candidiasis and other Fungal Infections - 1.7k\t-id-reaction-10.jpg,2026-07-26T22:07:27.690409
D:\aadhavan\AI-Based Skin Disease Detection and Preliminary Diagnosis System\dataset\9. Tinea Ringworm Candidiasis and other Fungal Infections - 1.7k\t-id-reaction-7.jpg,9. Tinea Ringworm Candidiasis and other Fungal Infections - 1.7k,t-id-reaction-7.jpg,D:\aadhavan\AI-Based Skin Disease Detection and Preliminary Diagnosis System\dataset\1. Eczema 1677\v-id-reaction-7.jpg,D:\aadhavan\AI-Based Skin Disease Detection and Preliminary Diagnosis System\preprocessing\quarantine\duplicates\9. Tinea Ringworm Candidiasis and other Fungal Infections - 1.7k\t-id-reaction-7.jpg,2026-07-26T22:07:27.691231
D:\aadhavan\AI-Based Skin Disease Detection and Preliminary Diagnosis System\dataset\9. Tinea Ringworm Candidiasis and other Fungal Infections - 1.7k\t-id-reaction-8.jpg,9. Tinea Ringworm Candidiasis and other Fungal Infections - 1.7k,t-id-reaction-8.jpg,D:\aadhavan\AI-Based Skin Disease Detection and Preliminary Diagnosis System\dataset\1. Eczema 1677\v-id-reaction-8.jpg,D:\aadhavan\AI-Based Skin Disease Detection and Preliminary Diagnosis System\preprocessing\quarantine\duplicates\9. Tinea Ringworm Candidiasis and other Fungal Infections - 1.7k\t-id-reaction-8.jpg,2026-07-26T22:07:27.692294
D:\aadhavan\AI-Based Skin Disease Detection and Preliminary Diagnosis System\dataset\1. Eczema 1677\v-lichen-simplex-chronicus-176.jpg,1. Eczema 1677,v-lichen-simplex-chronicus-176.jpg,D:\aadhavan\AI-Based Skin Disease Detection and Preliminary Diagnosis System\dataset\1. Eczema 1677\v-lichen-simplex-chronicus-172.jpg,D:\aadhavan\AI-Based Skin Disease Detection and Preliminary Diagnosis System\preprocessing\quarantine\duplicates\1. Eczema 1677\v-lichen-simplex-chronicus-176.jpg,2026-07-26T22:07:27.694741
D:\aadhavan\AI-Based Skin Disease Detection and Preliminary Diagnosis System\dataset\10. Warts Molluscum and other Viral Infections - 2103\6_333.jpg,10. Warts Molluscum and other Viral Infections - 2103,6_333.jpg,D:\aadhavan\AI-Based Skin Disease Detection and Preliminary Diagnosis System\dataset\10. Warts Molluscum and other Viral Infections - 2103\0_0.jpg,D:\aadhavan\AI-Based Skin Disease Detection and Preliminary Diagnosis System\preprocessing\quarantine\duplicates\10. Warts Molluscum and other Viral Infections - 2103\6_333.jpg,2026-07-26T22:07:27.697055
D:\aadhavan\AI-Based Skin Disease Detection and Preliminary Diagnosis System\dataset\10. Warts Molluscum and other Viral Infections - 2103\6_266.jpg,10. Warts Molluscum and other Viral Infections - 2103,6_266.jpg,D:\aadhavan\AI-Based Skin Disease Detection and Preliminary Diagnosis System\dataset\10. Warts Molluscum and other Viral Infections - 2103\0_1.jpg,D:\aadhavan\AI-Based Skin Disease Detection and Preliminary Diagnosis System\preprocessing\quarantine\duplicates\10. Warts Molluscum and other Viral Infections - 2103\6_266.jpg,2026-07-26T22:07:27.698629
D:\aadhavan\AI-Based Skin Disease Detection and Preliminary Diagnosis System\dataset\10. Warts Molluscum and other Viral Infections - 2103\6_97.jpg,10. Warts Molluscum and other Viral Infections - 2103,6_97.jpg,D:\aadhavan\AI-Based Skin Disease Detection and Preliminary Diagnosis System\dataset\10. Warts Molluscum and other Viral Infections - 2103\0_10.jpg,D:\aadhavan\AI-Based Skin Disease Detection and Preliminary Diagnosis System\preprocessing\quarantine\duplicates\10. Warts Molluscum and other Viral Infections - 2103\6_97.jpg,2026-07-26T22:07:27.700117
D:\aadhavan\AI-Based Skin Disease Detection and Preliminary Diagnosis System\dataset\10. Warts Molluscum and other Viral Infections - 2103\6_101.jpg,10. Warts Molluscum and other Viral Infections - 2103,6_101.jpg,D:\aadhavan\AI-Based Skin Disease Detection and Preliminary Diagnosis System\dataset\10. Warts Molluscum and other Viral Infections - 2103\0_11.jpg,D:\aadhavan\AI-Based Skin Disease Detection and Preliminary Diagnosis System\preprocessing\quarantine\duplicates\10. Warts Molluscum and other Viral Infections - 2103\6_101.jpg,2026-07-26T22:07:27.701496
D:\aadhavan\AI-Based Skin Disease Detection and Preliminary Diagnosis System\dataset\10. Warts Molluscum and other Viral Infections - 2103\6_264.jpg,10. Warts Molluscum and other Viral Infections - 2103,6_264.jpg,D:\aadhavan\AI-Based Skin Disease Detection and Preliminary Diagnosis System\dataset\10. Warts Molluscum and other Viral Infections - 2103\0_12.jpg,D:\aadhavan\AI-Based Skin Disease Detection and Preliminary Diagnosis System\preprocessing\quarantine\duplicates\10. Warts Molluscum and other Viral Infections - 2103\6_264.jpg,2026-07-26T22:07:27.702742
D:\aadhavan\AI-Based Skin Disease Detection and Preliminary Diagnosis System\dataset\10. Warts Molluscum and other Viral Infections - 2103\6_340.jpg,10. Warts Molluscum and other Viral Infections - 2103,6_340.jpg,D:\aadhavan\AI-Based Skin Disease Detection and Preliminary Diagnosis System\dataset\10. Warts Molluscum and other Viral Infections - 2103\0_13.jpg,D:\aadhavan\AI-Based Skin Disease Detection and Preliminary Diagnosis System\preprocessing\quarantine\duplicates\10. Warts Molluscum and other Viral Infections - 2103\6_340.jpg,2026-07-26T22:07:27.704107
D:\aadhavan\AI-Based Skin Disease Detection and Preliminary Diagnosis System\dataset\10. Warts Molluscum and other Viral Infections - 2103\6_232.jpg,10. Warts Molluscum and other Viral Infections - 2103,6_232.jpg,D:\aadhavan\AI-Based Skin Disease Detection and Preliminary Diagnosis System\dataset\10. Warts Molluscum and other Viral Infections - 2103\0_14.jpg,D:\aadhavan\AI-Based Skin Disease Detection and Preliminary Diagnosis System\preprocessing\quarantine\duplicates\10. Warts Molluscum and other Viral Infections - 2103\6_232.jpg,2026-07-26T22:07:27.705431
D:\aadhavan\AI-Based Skin Disease Detection and Preliminary Diagnosis System\dataset\10. Warts Molluscum and other Viral Infections - 2103\6_15.jpg,10. Warts Molluscum and other Viral Infections - 2103,6_15.jpg,D:\aadhavan\AI-Based Skin Disease Detection and Preliminary Diagnosis System\dataset\10. Warts Molluscum and other Viral Infections - 2103\0_15.jpg,D:\aadhavan\AI-Based Skin Disease Detection and Preliminary Diagnosis System\preprocessing\quarantine\duplicates\10. Warts Molluscum and other Viral Infections - 2103\6_15.jpg,2026-07-26T22:07:27.706993
D:\aadhavan\AI-Based Skin Disease Detection and Preliminary Diagnosis System\dataset\10. Warts Molluscum and other Viral Infections - 2103\6_41.jpg,10. Warts Molluscum and other Viral Infections - 2103,6_41.jpg,D:\aadhavan\AI-Based Skin Disease Detection and Preliminary Diagnosis System\dataset\10. Warts Molluscum and other Viral Infections - 2103\0_16.jpg,D:\aadhavan\AI-Based Skin Disease Detection and Preliminary Diagnosis System\preprocessing\quarantine\duplicates\10. Warts Molluscum and other Viral Infections - 2103\6_41.jpg,2026-07-26T22:07:27.708772
D:\aadhavan\AI-Based Skin Disease Detection and Preliminary Diagnosis System\dataset\10. Warts Molluscum and other Viral Infections - 2103\6_110.jpg,10. Warts Molluscum and other Viral Infections - 2103,6_110.jpg,D:\aadhavan\AI-Based Skin Disease Detection and Preliminary Diagnosis System\dataset\10. Warts Molluscum and other Viral Infections - 2103\0_17.jpg,D:\aadhavan\AI-Based Skin Disease Detection and Preliminary Diagnosis System\preprocessing\quarantine\duplicates\10. Warts Molluscum and other Viral Infections - 2103\6_110.jpg,2026-07-26T22:07:27.710071
D:\aadhavan\AI-Based Skin Disease Detection and Preliminary Diagnosis System\dataset\10. Warts Molluscum and other Viral Infections - 2103\6_17.jpg,10. Warts Molluscum and other Viral Infections - 2103,6_17.jpg,D:\aadhavan\AI-Based Skin Disease Detection and Preliminary Diagnosis System\dataset\10. Warts Molluscum and other Viral Infections - 2103\0_18.jpg,D:\aadhavan\AI-Based Skin Disease Detection and Preliminary Diagnosis System\preprocessing\quarantine\duplicates\10. Warts Molluscum and other Viral Infections - 2103\6_17.jpg,2026-07-26T22:07:27.711451
D:\aadhavan\AI-Based Skin Disease Detection and Preliminary Diagnosis System\dataset\10. Warts Molluscum and other Viral Infections - 2103\6_211.jpg,10. Warts Molluscum and other Viral Infections - 2103,6_211.jpg,D:\aadhavan\AI-Based Skin Disease Detection and Preliminary Diagnosis System\dataset\10. Warts Molluscum and other Viral Infections - 2103\0_19.jpg,D:\aadhavan\AI-Based Skin Disease Detection and Preliminary Diagnosis System\preprocessing\quarantine\duplicates\10. Warts Molluscum and other Viral Infections - 2103\6_211.jpg,2026-07-26T22:07:27.713216
D:\aadhavan\AI-Based Skin Disease Detection and Preliminary Diagnosis System\dataset\10. Warts Molluscum and other Viral Infections - 2103\6_139.jpg,10. Warts Molluscum and other Viral Infections - 2103,6_139.jpg,D:\aadhavan\AI-Based Skin Disease Detection and Preliminary Diagnosis System\dataset\10. Warts Molluscum and other Viral Infections - 2103\0_2.jpg,D:\aadhavan\AI-Based Skin Disease Detection and Preliminary Diagnosis System\preprocessing\quarantine\duplicates\10. Warts Molluscum and other Viral Infections - 2103\6_139.jpg,2026-07-26T22:07:27.714536
D:\aadhavan\AI-Based Skin Disease Detection and Preliminary Diagnosis System\dataset\10. Warts Molluscum and other Viral Infections - 2103\6_272.jpg,10. Warts Molluscum and other Viral Infections - 2103,6_272.jpg,D:\aadhavan\AI-Based Skin Disease Detection and Preliminary Diagnosis System\dataset\10. Warts Molluscum and other Viral Infections - 2103\0_20.jpg,D:\aadhavan\AI-Based Skin Disease Detection and Preliminary Diagnosis System\preprocessing\quarantine\duplicates\10. Warts Molluscum and other Viral Infections - 2103\6_272.jpg,2026-07-26T22:07:27.716105
D:\aadhavan\AI-Based Skin Disease Detection and Preliminary Diagnosis System\dataset\10. Warts Molluscum and other Viral Infections - 2103\6_28.jpg,10. Warts Molluscum and other Viral Infections - 2103,6_28.jpg,D:\aadhavan\AI-Based Skin Disease Detection and Preliminary Diagnosis System\dataset\10. Warts Molluscum and other Viral Infections - 2103\0_21.jpg,D:\aadhavan\AI-Based Skin Disease Detection and Preliminary Diagnosis System\preprocessing\quarantine\duplicates\10. Warts Molluscum and other Viral Infections - 2103\6_28.jpg,2026-07-26T22:07:27.717324
D:\aadhavan\AI-Based Skin Disease Detection and Preliminary Diagnosis System\dataset\10. Warts Molluscum and other Viral Infections - 2103\0_27.jpg,10. Warts Molluscum and other Viral Infections - 2103,0_27.jpg,D:\aadhavan\AI-Based Skin Disease Detection and Preliminary Diagnosis System\dataset\10. Warts Molluscum and other Viral Infections - 2103\0_22.jpg,D:\aadhavan\AI-Based Skin Disease Detection and Preliminary Diagnosis System\preprocessing\quarantine\duplicates\10. Warts Molluscum and other Viral Infections - 2103\0_27.jpg,2026-07-26T22:07:27.719234
D:\aadhavan\AI-Based Skin Disease Detection and Preliminary Diagnosis System\dataset\10. Warts Molluscum and other Viral Infections - 2103\6_188.jpg,10. Warts Molluscum and other Viral Infections - 2103,6_188.jpg,D:\aadhavan\AI-Based Skin Disease Detection and Preliminary Diagnosis System\dataset\10. Warts Molluscum and other Viral Infections - 2103\0_22.jpg,D:\aadhavan\AI-Based Skin Disease Detection and Preliminary Diagnosis System\preprocessing\quarantine\duplicates\10. Warts Molluscum and other Viral Infections - 2103\6_188.jpg,2026-07-26T22:07:27.720221
D:\aadhavan\AI-Based Skin Disease Detection and Preliminary Diagnosis System\dataset\10. Warts Molluscum and other Viral Infections - 2103\6_265.jpg,10. Warts Molluscum and other Viral Infections - 2103,6_265.jpg,D:\aadhavan\AI-Based Skin Disease Detection and Preliminary Diagnosis System\dataset\10. Warts Molluscum and other Viral Infections - 2103\0_22.jpg,D:\aadhavan\AI-Based Skin Disease Detection and Preliminary Diagnosis System\preprocessing\quarantine\duplicates\10. Warts Molluscum and other Viral Infections - 2103\6_265.jpg,2026-07-26T22:07:27.721267
D:\aadhavan\AI-Based Skin Disease Detection and Preliminary Diagnosis System\dataset\10. Warts Molluscum and other Viral Infections - 2103\6_289.jpg,10. Warts Molluscum and other Viral Infections - 2103,6_289.jpg,D:\aadhavan\AI-Based Skin Disease Detection and Preliminary Diagnosis System\dataset\10. Warts Molluscum and other Viral Infections - 2103\0_23.jpg,D:\aadhavan\AI-Based Skin Disease Detection and Preliminary Diagnosis System\preprocessing\quarantine\duplicates\10. Warts Molluscum and other Viral Infections - 2103\6_289.jpg,2026-07-26T22:07:27.722075
D:\aadhavan\AI-Based Skin Disease Detection and Preliminary Diagnosis System\dataset\10. Warts Molluscum and other Viral Infections - 2103\6_267.jpg,10. Warts Molluscum and other Viral Infections - 2103,6_267.jpg,D:\aadhavan\AI-Based Skin Disease Detection and Preliminary Diagnosis System\dataset\10. Warts Molluscum and other Viral Infections - 2103\0_24.jpg,D:\aadhavan\AI-Based Skin Disease Detection and Preliminary Diagnosis System\preprocessing\quarantine\duplicates\10. Warts Molluscum and other Viral Infections - 2103\6_267.jpg,2026-07-26T22:07:27.723727
D:\aadhavan\AI-Based Skin Disease Detection and Preliminary Diagnosis System\dataset\10. Warts Molluscum and other Viral Infections - 2103\6_339.jpg,10. Warts Molluscum and other Viral Infections - 2103,6_339.jpg,D:\aadhavan\AI-Based Skin Disease Detection and Preliminary Diagnosis System\dataset\10. Warts Molluscum and other Viral Infections - 2103\0_25.jpg,D:\aadhavan\AI-Based Skin Disease Detection and Preliminary Diagnosis System\preprocessing\quarantine\duplicates\10. Warts Molluscum and other Viral Infections - 2103\6_339.jpg,2026-07-26T22:07:27.725028
D:\aadhavan\AI-Based Skin Disease Detection and Preliminary Diagnosis System\dataset\10. Warts Molluscum and other Viral Infections - 2103\6_26.jpg,10. Warts Molluscum and other Viral Infections - 2103,6_26.jpg,D:\aadhavan\AI-Based Skin Disease Detection and Preliminary Diagnosis System\dataset\10. Warts Molluscum and other Viral Infections - 2103\0_26.jpg,D:\aadhavan\AI-Based Skin Disease Detection and Preliminary Diagnosis System\preprocessing\quarantine\duplicates\10. Warts Molluscum and other Viral Infections - 2103\6_26.jpg,2026-07-26T22:07:27.726305
D:\aadhavan\AI-Based Skin Disease Detection and Preliminary Diagnosis System\dataset\10. Warts Molluscum and other Viral Infections - 2103\6_244.jpg,10. Warts Molluscum and other Viral Infections - 2103,6_244.jpg,D:\aadhavan\AI-Based Skin Disease Detection and Preliminary Diagnosis System\dataset\10. Warts Molluscum and other Viral Infections - 2103\0_28.jpg,D:\aadhavan\AI-Based Skin Disease Detection and Preliminary Diagnosis System\preprocessing\quarantine\duplicates\10. Warts Molluscum and other Viral Infections - 2103\6_244.jpg,2026-07-26T22:07:27.727643
D:\aadhavan\AI-Based Skin Disease Detection and Preliminary Diagnosis System\dataset\10. Warts Molluscum and other Viral Infections - 2103\6_215.jpg,10. Warts Molluscum and other Viral Infections - 2103,6_215.jpg,D:\aadhavan\AI-Based Skin Disease Detection and Preliminary Diagnosis System\dataset\10. Warts Molluscum and other Viral Infections - 2103\0_29.jpg,D:\aadhavan\AI-Based Skin Disease Detection and Preliminary Diagnosis System\preprocessing\quarantine\duplicates\10. Warts Molluscum and other Viral Infections - 2103\6_215.jpg,2026-07-26T22:07:27.728968
D:\aadhavan\AI-Based Skin Disease Detection and Preliminary Diagnosis System\dataset\10. Warts Molluscum and other Viral Infections - 2103\6_91.jpg,10. Warts Molluscum and other Viral Infections - 2103,6_91.jpg,D:\aadhavan\AI-Based Skin Disease Detection and Preliminary Diagnosis System\dataset\10. Warts Molluscum and other Viral Infections - 2103\0_3.jpg,D:\aadhavan\AI-Based Skin Disease Detection and Preliminary Diagnosis System\preprocessing\quarantine\duplicates\10. Warts Molluscum and other Viral Infections - 2103\6_91.jpg,2026-07-26T22:07:27.730215
D:\aadhavan\AI-Based Skin Disease Detection and Preliminary Diagnosis System\dataset\10. Warts Molluscum and other Viral Infections - 2103\6_85.jpg,10. Warts Molluscum and other Viral Infections - 2103,6_85.jpg,D:\aadhavan\AI-Based Skin Disease Detection and Preliminary Diagnosis System\dataset\10. Warts Molluscum and other Viral Infections - 2103\0_30.jpg,D:\aadhavan\AI-Based Skin Disease Detection and Preliminary Diagnosis System\preprocessing\quarantine\duplicates\10. Warts Molluscum and other Viral Infections - 2103\6_85.jpg,2026-07-26T22:07:27.731395
D:\aadhavan\AI-Based Skin Disease Detection and Preliminary Diagnosis System\dataset\10. Warts Molluscum and other Viral Infections - 2103\6_63.jpg,10. Warts Molluscum and other Viral Infections - 2103,6_63.jpg,D:\aadhavan\AI-Based Skin Disease Detection and Preliminary Diagnosis System\dataset\10. Warts Molluscum and other Viral Infections - 2103\0_31.jpg,D:\aadhavan\AI-Based Skin Disease Detection and Preliminary Diagnosis System\preprocessing\quarantine\duplicates\10. Warts Molluscum and other Viral Infections - 2103\6_63.jpg,2026-07-26T22:07:27.733836
D:\aadhavan\AI-Based Skin Disease Detection and Preliminary Diagnosis System\dataset\10. Warts Molluscum and other Viral Infections - 2103\6_155.jpg,10. Warts Molluscum and other Viral Infections - 2103,6_155.jpg,D:\aadhavan\AI-Based Skin Disease Detection and Preliminary Diagnosis System\dataset\10. Warts Molluscum and other Viral Infections - 2103\0_32.jpg,D:\aadhavan\AI-Based Skin Disease Detection and Preliminary Diagnosis System\preprocessing\quarantine\duplicates\10. Warts Molluscum and other Viral Infections - 2103\6_155.jpg,2026-07-26T22:07:27.735203
D:\aadhavan\AI-Based Skin Disease Detection and Preliminary Diagnosis System\dataset\10. Warts Molluscum and other Viral Infections - 2103\6_80.jpg,10. Warts Molluscum and other Viral Infections - 2103,6_80.jpg,D:\aadhavan\AI-Based Skin Disease Detection and Preliminary Diagnosis System\dataset\10. Warts Molluscum and other Viral Infections - 2103\0_32.jpg,D:\aadhavan\AI-Based Skin Disease Detection and Preliminary Diagnosis System\preprocessing\quarantine\duplicates\10. Warts Molluscum and other Viral Infections - 2103\6_80.jpg,2026-07-26T22:07:27.736174
D:\aadhavan\AI-Based Skin Disease Detection and Preliminary Diagnosis System\dataset\10. Warts Molluscum and other Viral Infections - 2103\6_307.jpg,10. Warts Molluscum and other Viral Infections - 2103,6_307.jpg,D:\aadhavan\AI-Based Skin Disease Detection and Preliminary Diagnosis System\dataset\10. Warts Molluscum and other Viral Infections - 2103\0_33.jpg,D:\aadhavan\AI-Based Skin Disease Detection and Preliminary Diagnosis System\preprocessing\quarantine\duplicates\10. Warts Molluscum and other Viral Infections - 2103\6_307.jpg,2026-07-26T22:07:27.737459
D:\aadhavan\AI-Based Skin Disease Detection and Preliminary Diagnosis System\dataset\10. Warts Molluscum and other Viral Infections - 2103\6_242.jpg,10. Warts Molluscum and other Viral Infections - 2103,6_242.jpg,D:\aadhavan\AI-Based Skin Disease Detection and Preliminary Diagnosis System\dataset\10. Warts Molluscum and other Viral Infections - 2103\0_34.jpg,D:\aadhavan\AI-Based Skin Disease Detection and Preliminary Diagnosis System\preprocessing\quarantine\duplicates\10. Warts Molluscum and other Viral Infections - 2103\6_242.jpg,2026-07-26T22:07:27.738746
D:\aadhavan\AI-Based Skin Disease Detection and Preliminary Diagnosis System\dataset\10. Warts Molluscum and other Viral Infections - 2103\6_75.jpg,10. Warts Molluscum and other Viral Infections - 2103,6_75.jpg,D:\aadhavan\AI-Based Skin Disease Detection and Preliminary Diagnosis System\dataset\10. Warts Molluscum and other Viral Infections - 2103\0_35.jpg,D:\aadhavan\AI-Based Skin Disease Detection and Preliminary Diagnosis System\preprocessing\quarantine\duplicates\10. Warts Molluscum and other Viral Infections - 2103\6_75.jpg,2026-07-26T22:07:27.739922
D:\aadhavan\AI-Based Skin Disease Detection and Preliminary Diagnosis System\dataset\10. Warts Molluscum and other Viral Infections - 2103\6_81.jpg,10. Warts Molluscum and other Viral Infections - 2103,6_81.jpg,D:\aadhavan\AI-Based Skin Disease Detection and Preliminary Diagnosis System\dataset\10. Warts Molluscum and other Viral Infections - 2103\0_36.jpg,D:\aadhavan\AI-Based Skin Disease Detection and Preliminary Diagnosis System\preprocessing\quarantine\duplicates\10. Warts Molluscum and other Viral Infections - 2103\6_81.jpg,2026-07-26T22:07:27.741108
D:\aadhavan\AI-Based Skin Disease Detection and Preliminary Diagnosis System\dataset\10. Warts Molluscum and other Viral Infections - 2103\6_117.jpg,10. Warts Molluscum and other Viral Infections - 2103,6_117.jpg,D:\aadhavan\AI-Based Skin Disease Detection and Preliminary Diagnosis System\dataset\10. Warts Molluscum and other Viral Infections - 2103\0_37.jpg,D:\aadhavan\AI-Based Skin Disease Detection and Preliminary Diagnosis System\preprocessing\quarantine\duplicates\10. Warts Molluscum and other Viral Infections - 2103\6_117.jpg,2026-07-26T22:07:27.742365
D:\aadhavan\AI-Based Skin Disease Detection and Preliminary Diagnosis System\dataset\10. Warts Molluscum and other Viral Infections - 2103\6_46.jpg,10. Warts Molluscum and other Viral Infections - 2103,6_46.jpg,D:\aadhavan\AI-Based Skin Disease Detection and Preliminary Diagnosis System\dataset\10. Warts Molluscum and other Viral Infections - 2103\0_38.jpg,D:\aadhavan\AI-Based Skin Disease Detection and Preliminary Diagnosis System\preprocessing\quarantine\duplicates\10. Warts Molluscum and other Viral Infections - 2103\6_46.jpg,2026-07-26T22:07:27.743527
D:\aadhavan\AI-Based Skin Disease Detection and Preliminary Diagnosis System\dataset\10. Warts Molluscum and other Viral Infections - 2103\6_74.jpg,10. Warts Molluscum and other Viral Infections - 2103,6_74.jpg,D:\aadhavan\AI-Based Skin Disease Detection and Preliminary Diagnosis System\dataset\10. Warts Molluscum and other Viral Infections - 2103\0_39.jpg,D:\aadhavan\AI-Based Skin Disease Detection and Preliminary Diagnosis System\preprocessing\quarantine\duplicates\10. Warts Molluscum and other Viral Infections - 2103\6_74.jpg,2026-07-26T22:07:27.744706
D:\aadhavan\AI-Based Skin Disease Detection and Preliminary Diagnosis System\dataset\10. Warts Molluscum and other Viral Infections - 2103\6_312.jpg,10. Warts Molluscum and other Viral Infections - 2103,6_312.jpg,D:\aadhavan\AI-Based Skin Disease Detection and Preliminary Diagnosis System\dataset\10. Warts Molluscum and other Viral Infections - 2103\0_4.jpg,D:\aadhavan\AI-Based Skin Disease Detection and Preliminary Diagnosis System\preprocessing\quarantine\duplicates\10. Warts Molluscum and other Viral Infections - 2103\6_312.jpg,2026-07-26T22:07:27.746060
D:\aadhavan\AI-Based Skin Disease Detection and Preliminary Diagnosis System\dataset\10. Warts Molluscum and other Viral Infections - 2103\6_11.jpg,10. Warts Molluscum and other Viral Infections - 2103,6_11.jpg,D:\aadhavan\AI-Based Skin Disease Detection and Preliminary Diagnosis System\dataset\10. Warts Molluscum and other Viral Infections - 2103\0_40.jpg,D:\aadhavan\AI-Based Skin Disease Detection and Preliminary Diagnosis System\preprocessing\quarantine\duplicates\10. Warts Molluscum and other Viral Infections - 2103\6_11.jpg,2026-07-26T22:07:27.747312
D:\aadhavan\AI-Based Skin Disease Detection and Preliminary Diagnosis System\dataset\10. Warts Molluscum and other Viral Infections - 2103\6_35.jpg,10. Warts Molluscum and other Viral Infections - 2103,6_35.jpg,D:\aadhavan\AI-Based Skin Disease Detection and Preliminary Diagnosis System\dataset\10. Warts Molluscum and other Viral Infections - 2103\0_41.jpg,D:\aadhavan\AI-Based Skin Disease Detection and Preliminary Diagnosis System\preprocessing\quarantine\duplicates\10. Warts Molluscum and other Viral Infections - 2103\6_35.jpg,2026-07-26T22:07:27.748517
D:\aadhavan\AI-Based Skin Disease Detection and Preliminary Diagnosis System\dataset\10. Warts Molluscum and other Viral Infections - 2103\6_315.jpg,10. Warts Molluscum and other Viral Infections - 2103,6_315.jpg,D:\aadhavan\AI-Based Skin Disease Detection and Preliminary Diagnosis System\dataset\10. Warts Molluscum and other Viral Infections - 2103\0_42.jpg,D:\aadhavan\AI-Based Skin Disease Detection and Preliminary Diagnosis System\preprocessing\quarantine\duplicates\10. Warts Molluscum and other Viral Infections - 2103\6_315.jpg,2026-07-26T22:07:27.749834
D:\aadhavan\AI-Based Skin Disease Detection and Preliminary Diagnosis System\dataset\10. Warts Molluscum and other Viral Infections - 2103\6_159.jpg,10. Warts Molluscum and other Viral Infections - 2103,6_159.jpg,D:\aadhavan\AI-Based Skin Disease Detection and Preliminary Diagnosis System\dataset\10. Warts Molluscum and other Viral Infections - 2103\0_43.jpg,D:\aadhavan\AI-Based Skin Disease Detection and Preliminary Diagnosis System\preprocessing\quarantine\duplicates\10. Warts Molluscum and other Viral Infections - 2103\6_159.jpg,2026-07-26T22:07:27.751046
D:\aadhavan\AI-Based Skin Disease Detection and Preliminary Diagnosis System\dataset\10. Warts Molluscum and other Viral Infections - 2103\6_322.jpg,10. Warts Molluscum and other Viral Infections - 2103,6_322.jpg,D:\aadhavan\AI-Based Skin Disease Detection and Preliminary Diagnosis System\dataset\10. Warts Molluscum and other Viral Infections - 2103\0_44.jpg,D:\aadhavan\AI-Based Skin Disease Detection and Preliminary Diagnosis System\preprocessing\quarantine\duplicates\10. Warts Molluscum and other Viral Infections - 2103\6_322.jpg,2026-07-26T22:07:27.752199
D:\aadhavan\AI-Based Skin Disease Detection and Preliminary Diagnosis System\dataset\10. Warts Molluscum and other Viral Infections - 2103\6_247.jpg,10. Warts Molluscum and other Viral Infections - 2103,6_247.jpg,D:\aadhavan\AI-Based Skin Disease Detection and Preliminary Diagnosis System\dataset\10. Warts Molluscum and other Viral Infections - 2103\0_45.jpg,D:\aadhavan\AI-Based Skin Disease Detection and Preliminary Diagnosis System\preprocessing\quarantine\duplicates\10. Warts Molluscum and other Viral Infections - 2103\6_247.jpg,2026-07-26T22:07:27.753269
D:\aadhavan\AI-Based Skin Disease Detection and Preliminary Diagnosis System\dataset\10. Warts Molluscum and other Viral Infections - 2103\6_259.jpg,10. Warts Molluscum and other Viral Infections - 2103,6_259.jpg,D:\aadhavan\AI-Based Skin Disease Detection and Preliminary Diagnosis System\dataset\10. Warts Molluscum and other Viral Infections - 2103\0_46.jpg,D:\aadhavan\AI-Based Skin Disease Detection and Preliminary Diagnosis System\preprocessing\quarantine\duplicates\10. Warts Molluscum and other Viral Infections - 2103\6_259.jpg,2026-07-26T22:07:27.754367
D:\aadhavan\AI-Based Skin Disease Detection and Preliminary Diagnosis System\dataset\10. Warts Molluscum and other Viral Infections - 2103\6_230.jpg,10. Warts Molluscum and other Viral Infections - 2103,6_230.jpg,D:\aadhavan\AI-Based Skin Disease Detection and Preliminary Diagnosis System\dataset\10. Warts Molluscum and other Viral Infections - 2103\0_47.jpg,D:\aadhavan\AI-Based Skin Disease Detection and Preliminary Diagnosis System\preprocessing\quarantine\duplicates\10. Warts Molluscum and other Viral Infections - 2103\6_230.jpg,2026-07-26T22:07:27.755721
D:\aadhavan\AI-Based Skin Disease Detection and Preliminary Diagnosis System\dataset\10. Warts Molluscum and other Viral Infections - 2103\6_114.jpg,10. Warts Molluscum and other Viral Infections - 2103,6_114.jpg,D:\aadhavan\AI-Based Skin Disease Detection and Preliminary Diagnosis System\dataset\10. Warts Molluscum and other Viral Infections - 2103\0_5.jpg,D:\aadhavan\AI-Based Skin Disease Detection and Preliminary Diagnosis System\preprocessing\quarantine\duplicates\10. Warts Molluscum and other Viral Infections - 2103\6_114.jpg,2026-07-26T22:07:27.757209
D:\aadhavan\AI-Based Skin Disease Detection and Preliminary Diagnosis System\dataset\10. Warts Molluscum and other Viral Infections - 2103\6_69.jpg,10. Warts Molluscum and other Viral Infections - 2103,6_69.jpg,D:\aadhavan\AI-Based Skin Disease Detection and Preliminary Diagnosis System\dataset\10. Warts Molluscum and other Viral Infections - 2103\0_6.jpg,D:\aadhavan\AI-Based Skin Disease Detection and Preliminary Diagnosis System\preprocessing\quarantine\duplicates\10. Warts Molluscum and other Viral Infections - 2103\6_69.jpg,2026-07-26T22:07:27.758623
D:\aadhavan\AI-Based Skin Disease Detection and Preliminary Diagnosis System\dataset\10. Warts Molluscum and other Viral Infections - 2103\6_252.jpg,10. Warts Molluscum and other Viral Infections - 2103,6_252.jpg,D:\aadhavan\AI-Based Skin Disease Detection and Preliminary Diagnosis System\dataset\10. Warts Molluscum and other Viral Infections - 2103\0_7.jpg,D:\aadhavan\AI-Based Skin Disease Detection and Preliminary Diagnosis System\preprocessing\quarantine\duplicates\10. Warts Molluscum and other Viral Infections - 2103\6_252.jpg,2026-07-26T22:07:27.759939
D:\aadhavan\AI-Based Skin Disease Detection and Preliminary Diagnosis System\dataset\10. Warts Molluscum and other Viral Infections - 2103\6_269.jpg,10. Warts Molluscum and other Viral Infections - 2103,6_269.jpg,D:\aadhavan\AI-Based Skin Disease Detection and Preliminary Diagnosis System\dataset\10. Warts Molluscum and other Viral Infections - 2103\0_8.jpg,D:\aadhavan\AI-Based Skin Disease Detection and Preliminary Diagnosis System\preprocessing\quarantine\duplicates\10. Warts Molluscum and other Viral Infections - 2103\6_269.jpg,2026-07-26T22:07:27.761222
D:\aadhavan\AI-Based Skin Disease Detection and Preliminary Diagnosis System\dataset\10. Warts Molluscum and other Viral Infections - 2103\6_217.jpg,10. Warts Molluscum and other Viral Infections - 2103,6_217.jpg,D:\aadhavan\AI-Based Skin Disease Detection and Preliminary Diagnosis System\dataset\10. Warts Molluscum and other Viral Infections - 2103\0_9.jpg,D:\aadhavan\AI-Based Skin Disease Detection and Preliminary Diagnosis System\preprocessing\quarantine\duplicates\10. Warts Molluscum and other Viral Infections - 2103\6_217.jpg,2026-07-26T22:07:27.762709
D:\aadhavan\AI-Based Skin Disease Detection and Preliminary Diagnosis System\dataset\3. Atopic Dermatitis - 1.25k\6_5.jpg,3. Atopic Dermatitis - 1.25k,6_5.jpg,D:\aadhavan\AI-Based Skin Disease Detection and Preliminary Diagnosis System\dataset\10. Warts Molluscum and other Viral Infections - 2103\201_0_0.jpg,D:\aadhavan\AI-Based Skin Disease Detection and Preliminary Diagnosis System\preprocessing\quarantine\duplicates\3. Atopic Dermatitis - 1.25k\6_5.jpg,2026-07-26T22:07:27.764369
D:\aadhavan\AI-Based Skin Disease Detection and Preliminary Diagnosis System\dataset\3. Atopic Dermatitis - 1.25k\6_159.jpg,3. Atopic Dermatitis - 1.25k,6_159.jpg,D:\aadhavan\AI-Based Skin Disease Detection and Preliminary Diagnosis System\dataset\10. Warts Molluscum and other Viral Infections - 2103\202_0_2.jpg,D:\aadhavan\AI-Based Skin Disease Detection and Preliminary Diagnosis System\preprocessing\quarantine\duplicates\3. Atopic Dermatitis - 1.25k\6_159.jpg,2026-07-26T22:07:27.765712
D:\aadhavan\AI-Based Skin Disease Detection and Preliminary Diagnosis System\dataset\10. Warts Molluscum and other Viral Infections - 2103\207_0_8.jpg,10. Warts Molluscum and other Viral Infections - 2103,207_0_8.jpg,D:\aadhavan\AI-Based Skin Disease Detection and Preliminary Diagnosis System\dataset\10. Warts Molluscum and other Viral Infections - 2103\203_0_3.jpg,D:\aadhavan\AI-Based Skin Disease Detection and Preliminary Diagnosis System\preprocessing\quarantine\duplicates\10. Warts Molluscum and other Viral Infections - 2103\207_0_8.jpg,2026-07-26T22:07:27.767260
D:\aadhavan\AI-Based Skin Disease Detection and Preliminary Diagnosis System\dataset\3. Atopic Dermatitis - 1.25k\6_184.jpg,3. Atopic Dermatitis - 1.25k,6_184.jpg,D:\aadhavan\AI-Based Skin Disease Detection and Preliminary Diagnosis System\dataset\10. Warts Molluscum and other Viral Infections - 2103\203_0_3.jpg,D:\aadhavan\AI-Based Skin Disease Detection and Preliminary Diagnosis System\preprocessing\quarantine\duplicates\3. Atopic Dermatitis - 1.25k\6_184.jpg,2026-07-26T22:07:27.768308
D:\aadhavan\AI-Based Skin Disease Detection and Preliminary Diagnosis System\dataset\3. Atopic Dermatitis - 1.25k\6_202.jpg,3. Atopic Dermatitis - 1.25k,6_202.jpg,D:\aadhavan\AI-Based Skin Disease Detection and Preliminary Diagnosis System\dataset\10. Warts Molluscum and other Viral Infections - 2103\203_0_3.jpg,D:\aadhavan\AI-Based Skin Disease Detection and Preliminary Diagnosis System\preprocessing\quarantine\duplicates\3. Atopic Dermatitis - 1.25k\6_202.jpg,2026-07-26T22:07:27.769305
D:\aadhavan\AI-Based Skin Disease Detection and Preliminary Diagnosis System\dataset\3. Atopic Dermatitis - 1.25k\6_48.jpg,3. Atopic Dermatitis - 1.25k,6_48.jpg,D:\aadhavan\AI-Based Skin Disease Detection and Preliminary Diagnosis System\dataset\10. Warts Molluscum and other Viral Infections - 2103\204_0_4.jpg,D:\aadhavan\AI-Based Skin Disease Detection and Preliminary Diagnosis System\preprocessing\quarantine\duplicates\3. Atopic Dermatitis - 1.25k\6_48.jpg,2026-07-26T22:07:27.770627
D:\aadhavan\AI-Based Skin Disease Detection and Preliminary Diagnosis System\dataset\3. Atopic Dermatitis - 1.25k\6_78.jpg,3. Atopic Dermatitis - 1.25k,6_78.jpg,D:\aadhavan\AI-Based Skin Disease Detection and Preliminary Diagnosis System\dataset\10. Warts Molluscum and other Viral Infections - 2103\205_0_5.jpg,D:\aadhavan\AI-Based Skin Disease Detection and Preliminary Diagnosis System\preprocessing\quarantine\duplicates\3. Atopic Dermatitis - 1.25k\6_78.jpg,2026-07-26T22:07:27.772285
D:\aadhavan\AI-Based Skin Disease Detection and Preliminary Diagnosis System\dataset\3. Atopic Dermatitis - 1.25k\6_173.jpg,3. Atopic Dermatitis - 1.25k,6_173.jpg,D:\aadhavan\AI-Based Skin Disease Detection and Preliminary Diagnosis System\dataset\10. Warts Molluscum and other Viral Infections - 2103\206_0_6.jpg,D:\aadhavan\AI-Based Skin Disease Detection and Preliminary Diagnosis System\preprocessing\quarantine\duplicates\3. Atopic Dermatitis - 1.25k\6_173.jpg,2026-07-26T22:07:27.773761
D:\aadhavan\AI-Based Skin Disease Detection and Preliminary Diagnosis System\dataset\3. Atopic Dermatitis - 1.25k\6_279.jpg,3. Atopic Dermatitis - 1.25k,6_279.jpg,D:\aadhavan\AI-Based Skin Disease Detection and Preliminary Diagnosis System\dataset\10. Warts Molluscum and other Viral Infections - 2103\208_0_7.jpg,D:\aadhavan\AI-Based Skin Disease Detection and Preliminary Diagnosis System\preprocessing\quarantine\duplicates\3. Atopic Dermatitis - 1.25k\6_279.jpg,2026-07-26T22:07:27.775009
D:\aadhavan\AI-Based Skin Disease Detection and Preliminary Diagnosis System\dataset\3. Atopic Dermatitis - 1.25k\6_95.jpg,3. Atopic Dermatitis - 1.25k,6_95.jpg,D:\aadhavan\AI-Based Skin Disease Detection and Preliminary Diagnosis System\dataset\10. Warts Molluscum and other Viral Infections - 2103\209_0_10.jpg,D:\aadhavan\AI-Based Skin Disease Detection and Preliminary Diagnosis System\preprocessing\quarantine\duplicates\3. Atopic Dermatitis - 1.25k\6_95.jpg,2026-07-26T22:07:27.775942
D:\aadhavan\AI-Based Skin Disease Detection and Preliminary Diagnosis System\dataset\3. Atopic Dermatitis - 1.25k\6_301.jpg,3. Atopic Dermatitis - 1.25k,6_301.jpg,D:\aadhavan\AI-Based Skin Disease Detection and Preliminary Diagnosis System\dataset\10. Warts Molluscum and other Viral Infections - 2103\210_0_9.jpg,D:\aadhavan\AI-Based Skin Disease Detection and Preliminary Diagnosis System\preprocessing\quarantine\duplicates\3. Atopic Dermatitis - 1.25k\6_301.jpg,2026-07-26T22:07:27.776770
D:\aadhavan\AI-Based Skin Disease Detection and Preliminary Diagnosis System\dataset\10. Warts Molluscum and other Viral Infections - 2103\2_93.jpg,10. Warts Molluscum and other Viral Infections - 2103,2_93.jpg,D:\aadhavan\AI-Based Skin Disease Detection and Preliminary Diagnosis System\dataset\10. Warts Molluscum and other Viral Infections - 2103\2_0.jpg,D:\aadhavan\AI-Based Skin Disease Detection and Preliminary Diagnosis System\preprocessing\quarantine\duplicates\10. Warts Molluscum and other Viral Infections - 2103\2_93.jpg,2026-07-26T22:07:27.779174
D:\aadhavan\AI-Based Skin Disease Detection and Preliminary Diagnosis System\dataset\10. Warts Molluscum and other Viral Infections - 2103\6_207.jpg,10. Warts Molluscum and other Viral Infections - 2103,6_207.jpg,D:\aadhavan\AI-Based Skin Disease Detection and Preliminary Diagnosis System\dataset\10. Warts Molluscum and other Viral Infections - 2103\2_0.jpg,D:\aadhavan\AI-Based Skin Disease Detection and Preliminary Diagnosis System\preprocessing\quarantine\duplicates\10. Warts Molluscum and other Viral Infections - 2103\6_207.jpg,2026-07-26T22:07:27.780686
D:\aadhavan\AI-Based Skin Disease Detection and Preliminary Diagnosis System\dataset\10. Warts Molluscum and other Viral Infections - 2103\6_302.jpg,10. Warts Molluscum and other Viral Infections - 2103,6_302.jpg,D:\aadhavan\AI-Based Skin Disease Detection and Preliminary Diagnosis System\dataset\10. Warts Molluscum and other Viral Infections - 2103\2_1.jpg,D:\aadhavan\AI-Based Skin Disease Detection and Preliminary Diagnosis System\preprocessing\quarantine\duplicates\10. Warts Molluscum and other Viral Infections - 2103\6_302.jpg,2026-07-26T22:07:27.782178
D:\aadhavan\AI-Based Skin Disease Detection and Preliminary Diagnosis System\dataset\10. Warts Molluscum and other Viral Infections - 2103\6_300.jpg,10. Warts Molluscum and other Viral Infections - 2103,6_300.jpg,D:\aadhavan\AI-Based Skin Disease Detection and Preliminary Diagnosis System\dataset\10. Warts Molluscum and other Viral Infections - 2103\2_10.jpg,D:\aadhavan\AI-Based Skin Disease Detection and Preliminary Diagnosis System\preprocessing\quarantine\duplicates\10. Warts Molluscum and other Viral Infections - 2103\6_300.jpg,2026-07-26T22:07:27.783285
D:\aadhavan\AI-Based Skin Disease Detection and Preliminary Diagnosis System\dataset\10. Warts Molluscum and other Viral Infections - 2103\6_246.jpg,10. Warts Molluscum and other Viral Infections - 2103,6_246.jpg,D:\aadhavan\AI-Based Skin Disease Detection and Preliminary Diagnosis System\dataset\10. Warts Molluscum and other Viral Infections - 2103\2_11.jpg,D:\aadhavan\AI-Based Skin Disease Detection and Preliminary Diagnosis System\preprocessing\quarantine\duplicates\10. Warts Molluscum and other Viral Infections - 2103\6_246.jpg,2026-07-26T22:07:27.784292
D:\aadhavan\AI-Based Skin Disease Detection and Preliminary Diagnosis System\dataset\10. Warts Molluscum and other Viral Infections - 2103\6_294.jpg,10. Warts Molluscum and other Viral Infections - 2103,6_294.jpg,D:\aadhavan\AI-Based Skin Disease Detection and Preliminary Diagnosis System\dataset\10. Warts Molluscum and other Viral Infections - 2103\2_12.jpg,D:\aadhavan\AI-Based Skin Disease Detection and Preliminary Diagnosis System\preprocessing\quarantine\duplicates\10. Warts Molluscum and other Viral Infections - 2103\6_294.jpg,2026-07-26T22:07:27.786034
D:\aadhavan\AI-Based Skin Disease Detection and Preliminary Diagnosis System\dataset\10. Warts Molluscum and other Viral Infections - 2103\6_116.jpg,10. Warts Molluscum and other Viral Infections - 2103,6_116.jpg,D:\aadhavan\AI-Based Skin Disease Detection and Preliminary Diagnosis System\dataset\10. Warts Molluscum and other Viral Infections - 2103\2_13.jpg,D:\aadhavan\AI-Based Skin Disease Detection and Preliminary Diagnosis System\preprocessing\quarantine\duplicates\10. Warts Molluscum and other Viral Infections - 2103\6_116.jpg,2026-07-26T22:07:27.787781
D:\aadhavan\AI-Based Skin Disease Detection and Preliminary Diagnosis System\dataset\10. Warts Molluscum and other Viral Infections - 2103\6_183.jpg,10. Warts Molluscum and other Viral Infections - 2103,6_183.jpg,D:\aadhavan\AI-Based Skin Disease Detection and Preliminary Diagnosis System\dataset\10. Warts Molluscum and other Viral Infections - 2103\2_14.jpg,D:\aadhavan\AI-Based Skin Disease Detection and Preliminary Diagnosis System\preprocessing\quarantine\duplicates\10. Warts Molluscum and other Viral Infections - 2103\6_183.jpg,2026-07-26T22:07:27.789403
D:\aadhavan\AI-Based Skin Disease Detection and Preliminary Diagnosis System\dataset\10. Warts Molluscum and other Viral Infections - 2103\6_122.jpg,10. Warts Molluscum and other Viral Infections - 2103,6_122.jpg,D:\aadhavan\AI-Based Skin Disease Detection and Preliminary Diagnosis System\dataset\10. Warts Molluscum and other Viral Infections - 2103\2_15.jpg,D:\aadhavan\AI-Based Skin Disease Detection and Preliminary Diagnosis System\preprocessing\quarantine\duplicates\10. Warts Molluscum and other Viral Infections - 2103\6_122.jpg,2026-07-26T22:07:27.790853
D:\aadhavan\AI-Based Skin Disease Detection and Preliminary Diagnosis System\dataset\10. Warts Molluscum and other Viral Infections - 2103\6_175.jpg,10. Warts Molluscum and other Viral Infections - 2103,6_175.jpg,D:\aadhavan\AI-Based Skin Disease Detection and Preliminary Diagnosis System\dataset\10. Warts Molluscum and other Viral Infections - 2103\2_16.jpg,D:\aadhavan\AI-Based Skin Disease Detection and Preliminary Diagnosis System\preprocessing\quarantine\duplicates\10. Warts Molluscum and other Viral Infections - 2103\6_175.jpg,2026-07-26T22:07:27.792244
D:\aadhavan\AI-Based Skin Disease Detection and Preliminary Diagnosis System\dataset\10. Warts Molluscum and other Viral Infections - 2103\6_126.jpg,10. Warts Molluscum and other Viral Infections - 2103,6_126.jpg,D:\aadhavan\AI-Based Skin Disease Detection and Preliminary Diagnosis System\dataset\10. Warts Molluscum and other Viral Infections - 2103\2_17.jpg,D:\aadhavan\AI-Based Skin Disease Detection and Preliminary Diagnosis System\preprocessing\quarantine\duplicates\10. Warts Molluscum and other Viral Infections - 2103\6_126.jpg,2026-07-26T22:07:27.793587
D:\aadhavan\AI-Based Skin Disease Detection and Preliminary Diagnosis System\dataset\10. Warts Molluscum and other Viral Infections - 2103\6_112.jpg,10. Warts Molluscum and other Viral Infections - 2103,6_112.jpg,D:\aadhavan\AI-Based Skin Disease Detection and Preliminary Diagnosis System\dataset\10. Warts Molluscum and other Viral Infections - 2103\2_18.jpg,D:\aadhavan\AI-Based Skin Disease Detection and Preliminary Diagnosis System\preprocessing\quarantine\duplicates\10. Warts Molluscum and other Viral Infections - 2103\6_112.jpg,2026-07-26T22:07:27.794778
D:\aadhavan\AI-Based Skin Disease Detection and Preliminary Diagnosis System\dataset\10. Warts Molluscum and other Viral Infections - 2103\6_204.jpg,10. Warts Molluscum and other Viral Infections - 2103,6_204.jpg,D:\aadhavan\AI-Based Skin Disease Detection and Preliminary Diagnosis System\dataset\10. Warts Molluscum and other Viral Infections - 2103\2_19.jpg,D:\aadhavan\AI-Based Skin Disease Detection and Preliminary Diagnosis System\preprocessing\quarantine\duplicates\10. Warts Molluscum and other Viral Infections - 2103\6_204.jpg,2026-07-26T22:07:27.795952
D:\aadhavan\AI-Based Skin Disease Detection and Preliminary Diagnosis System\dataset\10. Warts Molluscum and other Viral Infections - 2103\6_61.jpg,10. Warts Molluscum and other Viral Infections - 2103,6_61.jpg,D:\aadhavan\AI-Based Skin Disease Detection and Preliminary Diagnosis System\dataset\10. Warts Molluscum and other Viral Infections - 2103\2_2.jpg,D:\aadhavan\AI-Based Skin Disease Detection and Preliminary Diagnosis System\preprocessing\quarantine\duplicates\10. Warts Molluscum and other Viral Infections - 2103\6_61.jpg,2026-07-26T22:07:27.796875
D:\aadhavan\AI-Based Skin Disease Detection and Preliminary Diagnosis System\dataset\10. Warts Molluscum and other Viral Infections - 2103\6_296.jpg,10. Warts Molluscum and other Viral Infections - 2103,6_296.jpg,D:\aadhavan\AI-Based Skin Disease Detection and Preliminary Diagnosis System\dataset\10. Warts Molluscum and other Viral Infections - 2103\2_20.jpg,D:\aadhavan\AI-Based Skin Disease Detection and Preliminary Diagnosis System\preprocessing\quarantine\duplicates\10. Warts Molluscum and other Viral Infections - 2103\6_296.jpg,2026-07-26T22:07:27.797840
D:\aadhavan\AI-Based Skin Disease Detection and Preliminary Diagnosis System\dataset\10. Warts Molluscum and other Viral Infections - 2103\2_35.jpg,10. Warts Molluscum and other Viral Infections - 2103,2_35.jpg,D:\aadhavan\AI-Based Skin Disease Detection and Preliminary Diagnosis System\dataset\10. Warts Molluscum and other Viral Infections - 2103\2_23.jpg,D:\aadhavan\AI-Based Skin Disease Detection and Preliminary Diagnosis System\preprocessing\quarantine\duplicates\10. Warts Molluscum and other Viral Infections - 2103\2_35.jpg,2026-07-26T22:07:27.798760
D:\aadhavan\AI-Based Skin Disease Detection and Preliminary Diagnosis System\dataset\10. Warts Molluscum and other Viral Infections - 2103\6_262.jpg,10. Warts Molluscum and other Viral Infections - 2103,6_262.jpg,D:\aadhavan\AI-Based Skin Disease Detection and Preliminary Diagnosis System\dataset\10. Warts Molluscum and other Viral Infections - 2103\2_3.jpg,D:\aadhavan\AI-Based Skin Disease Detection and Preliminary Diagnosis System\preprocessing\quarantine\duplicates\10. Warts Molluscum and other Viral Infections - 2103\6_262.jpg,2026-07-26T22:07:27.799666
D:\aadhavan\AI-Based Skin Disease Detection and Preliminary Diagnosis System\dataset\10. Warts Molluscum and other Viral Infections - 2103\6_93.jpg,10. Warts Molluscum and other Viral Infections - 2103,6_93.jpg,D:\aadhavan\AI-Based Skin Disease Detection and Preliminary Diagnosis System\dataset\10. Warts Molluscum and other Viral Infections - 2103\2_4.jpg,D:\aadhavan\AI-Based Skin Disease Detection and Preliminary Diagnosis System\preprocessing\quarantine\duplicates\10. Warts Molluscum and other Viral Infections - 2103\6_93.jpg,2026-07-26T22:07:27.800674
D:\aadhavan\AI-Based Skin Disease Detection and Preliminary Diagnosis System\dataset\10. Warts Molluscum and other Viral Infections - 2103\6_39.jpg,10. Warts Molluscum and other Viral Infections - 2103,6_39.jpg,D:\aadhavan\AI-Based Skin Disease Detection and Preliminary Diagnosis System\dataset\10. Warts Molluscum and other Viral Infections - 2103\2_5.jpg,D:\aadhavan\AI-Based Skin Disease Detection and Preliminary Diagnosis System\preprocessing\quarantine\duplicates\10. Warts Molluscum and other Viral Infections - 2103\6_39.jpg,2026-07-26T22:07:27.801519
D:\aadhavan\AI-Based Skin Disease Detection and Preliminary Diagnosis System\dataset\10. Warts Molluscum and other Viral Infections - 2103\6_124.jpg,10. Warts Molluscum and other Viral Infections - 2103,6_124.jpg,D:\aadhavan\AI-Based Skin Disease Detection and Preliminary Diagnosis System\dataset\10. Warts Molluscum and other Viral Infections - 2103\2_6.jpg,D:\aadhavan\AI-Based Skin Disease Detection and Preliminary Diagnosis System\preprocessing\quarantine\duplicates\10. Warts Molluscum and other Viral Infections - 2103\6_124.jpg,2026-07-26T22:07:27.802491
D:\aadhavan\AI-Based Skin Disease Detection and Preliminary Diagnosis System\dataset\10. Warts Molluscum and other Viral Infections - 2103\6_216.jpg,10. Warts Molluscum and other Viral Infections - 2103,6_216.jpg,D:\aadhavan\AI-Based Skin Disease Detection and Preliminary Diagnosis System\dataset\10. Warts Molluscum and other Viral Infections - 2103\2_7.jpg,D:\aadhavan\AI-Based Skin Disease Detection and Preliminary Diagnosis System\preprocessing\quarantine\duplicates\10. Warts Molluscum and other Viral Infections - 2103\6_216.jpg,2026-07-26T22:07:27.804099
D:\aadhavan\AI-Based Skin Disease Detection and Preliminary Diagnosis System\dataset\10. Warts Molluscum and other Viral Infections - 2103\6_181.jpg,10. Warts Molluscum and other Viral Infections - 2103,6_181.jpg,D:\aadhavan\AI-Based Skin Disease Detection and Preliminary Diagnosis System\dataset\10. Warts Molluscum and other Viral Infections - 2103\2_8.jpg,D:\aadhavan\AI-Based Skin Disease Detection and Preliminary Diagnosis System\preprocessing\quarantine\duplicates\10. Warts Molluscum and other Viral Infections - 2103\6_181.jpg,2026-07-26T22:07:27.805356
D:\aadhavan\AI-Based Skin Disease Detection and Preliminary Diagnosis System\dataset\10. Warts Molluscum and other Viral Infections - 2103\6_0.jpg,10. Warts Molluscum and other Viral Infections - 2103,6_0.jpg,D:\aadhavan\AI-Based Skin Disease Detection and Preliminary Diagnosis System\dataset\10. Warts Molluscum and other Viral Infections - 2103\2_9.jpg,D:\aadhavan\AI-Based Skin Disease Detection and Preliminary Diagnosis System\preprocessing\quarantine\duplicates\10. Warts Molluscum and other Viral Infections - 2103\6_0.jpg,2026-07-26T22:07:27.806102
D:\aadhavan\AI-Based Skin Disease Detection and Preliminary Diagnosis System\dataset\10. Warts Molluscum and other Viral Infections - 2103\6_119.jpg,10. Warts Molluscum and other Viral Infections - 2103,6_119.jpg,D:\aadhavan\AI-Based Skin Disease Detection and Preliminary Diagnosis System\dataset\10. Warts Molluscum and other Viral Infections - 2103\3_10.jpg,D:\aadhavan\AI-Based Skin Disease Detection and Preliminary Diagnosis System\preprocessing\quarantine\duplicates\10. Warts Molluscum and other Viral Infections - 2103\6_119.jpg,2026-07-26T22:07:27.806962
D:\aadhavan\AI-Based Skin Disease Detection and Preliminary Diagnosis System\dataset\10. Warts Molluscum and other Viral Infections - 2103\6_107.jpg,10. Warts Molluscum and other Viral Infections - 2103,6_107.jpg,D:\aadhavan\AI-Based Skin Disease Detection and Preliminary Diagnosis System\dataset\10. Warts Molluscum and other Viral Infections - 2103\3_11.jpg,D:\aadhavan\AI-Based Skin Disease Detection and Preliminary Diagnosis System\preprocessing\quarantine\duplicates\10. Warts Molluscum and other Viral Infections - 2103\6_107.jpg,2026-07-26T22:07:27.807817
D:\aadhavan\AI-Based Skin Disease Detection and Preliminary Diagnosis System\dataset\10. Warts Molluscum and other Viral Infections - 2103\6_68.jpg,10. Warts Molluscum and other Viral Infections - 2103,6_68.jpg,D:\aadhavan\AI-Based Skin Disease Detection and Preliminary Diagnosis System\dataset\10. Warts Molluscum and other Viral Infections - 2103\3_12.jpg,D:\aadhavan\AI-Based Skin Disease Detection and Preliminary Diagnosis System\preprocessing\quarantine\duplicates\10. Warts Molluscum and other Viral Infections - 2103\6_68.jpg,2026-07-26T22:07:27.808636
D:\aadhavan\AI-Based Skin Disease Detection and Preliminary Diagnosis System\dataset\10. Warts Molluscum and other Viral Infections - 2103\6_77.jpg,10. Warts Molluscum and other Viral Infections - 2103,6_77.jpg,D:\aadhavan\AI-Based Skin Disease Detection and Preliminary Diagnosis System\dataset\10. Warts Molluscum and other Viral Infections - 2103\3_13.jpg,D:\aadhavan\AI-Based Skin Disease Detection and Preliminary Diagnosis System\preprocessing\quarantine\duplicates\10. Warts Molluscum and other Viral Infections - 2103\6_77.jpg,2026-07-26T22:07:27.809489
D:\aadhavan\AI-Based Skin Disease Detection and Preliminary Diagnosis System\dataset\10. Warts Molluscum and other Viral Infections - 2103\6_100.jpg,10. Warts Molluscum and other Viral Infections - 2103,6_100.jpg,D:\aadhavan\AI-Based Skin Disease Detection and Preliminary Diagnosis System\dataset\10. Warts Molluscum and other Viral Infections - 2103\3_14.jpg,D:\aadhavan\AI-Based Skin Disease Detection and Preliminary Diagnosis System\preprocessing\quarantine\duplicates\10. Warts Molluscum and other Viral Infections - 2103\6_100.jpg,2026-07-26T22:07:27.810383
D:\aadhavan\AI-Based Skin Disease Detection and Preliminary Diagnosis System\dataset\10. Warts Molluscum and other Viral Infections - 2103\6_92.jpg,10. Warts Molluscum and other Viral Infections - 2103,6_92.jpg,D:\aadhavan\AI-Based Skin Disease Detection and Preliminary Diagnosis System\dataset\10. Warts Molluscum and other Viral Infections - 2103\3_15.jpg,D:\aadhavan\AI-Based Skin Disease Detection and Preliminary Diagnosis System\preprocessing\quarantine\duplicates\10. Warts Molluscum and other Viral Infections - 2103\6_92.jpg,2026-07-26T22:07:27.811192
D:\aadhavan\AI-Based Skin Disease Detection and Preliminary Diagnosis System\dataset\10. Warts Molluscum and other Viral Infections - 2103\6_341.jpg,10. Warts Molluscum and other Viral Infections - 2103,6_341.jpg,D:\aadhavan\AI-Based Skin Disease Detection and Preliminary Diagnosis System\dataset\10. Warts Molluscum and other Viral Infections - 2103\3_16.jpg,D:\aadhavan\AI-Based Skin Disease Detection and Preliminary Diagnosis System\preprocessing\quarantine\duplicates\10. Warts Molluscum and other Viral Infections - 2103\6_341.jpg,2026-07-26T22:07:27.812232
D:\aadhavan\AI-Based Skin Disease Detection and Preliminary Diagnosis System\dataset\10. Warts Molluscum and other Viral Infections - 2103\6_189.jpg,10. Warts Molluscum and other Viral Infections - 2103,6_189.jpg,D:\aadhavan\AI-Based Skin Disease Detection and Preliminary Diagnosis System\dataset\10. Warts Molluscum and other Viral Infections - 2103\3_17.jpg,D:\aadhavan\AI-Based Skin Disease Detection and Preliminary Diagnosis System\preprocessing\quarantine\duplicates\10. Warts Molluscum and other Viral Infections - 2103\6_189.jpg,2026-07-26T22:07:27.813382
D:\aadhavan\AI-Based Skin Disease Detection and Preliminary Diagnosis System\dataset\10. Warts Molluscum and other Viral Infections - 2103\6_197.jpg,10. Warts Molluscum and other Viral Infections - 2103,6_197.jpg,D:\aadhavan\AI-Based Skin Disease Detection and Preliminary Diagnosis System\dataset\10. Warts Molluscum and other Viral Infections - 2103\3_18.jpg,D:\aadhavan\AI-Based Skin Disease Detection and Preliminary Diagnosis System\preprocessing\quarantine\duplicates\10. Warts Molluscum and other Viral Infections - 2103\6_197.jpg,2026-07-26T22:07:27.814130
D:\aadhavan\AI-Based Skin Disease Detection and Preliminary Diagnosis System\dataset\10. Warts Molluscum and other Viral Infections - 2103\6_20.jpg,10. Warts Molluscum and other Viral Infections - 2103,6_20.jpg,D:\aadhavan\AI-Based Skin Disease Detection and Preliminary Diagnosis System\dataset\10. Warts Molluscum and other Viral Infections - 2103\3_20.jpg,D:\aadhavan\AI-Based Skin Disease Detection and Preliminary Diagnosis System\preprocessing\quarantine\duplicates\10. Warts Molluscum and other Viral Infections - 2103\6_20.jpg,2026-07-26T22:07:27.814770
D:\aadhavan\AI-Based Skin Disease Detection and Preliminary Diagnosis System\dataset\10. Warts Molluscum and other Viral Infections - 2103\6_287.jpg,10. Warts Molluscum and other Viral Infections - 2103,6_287.jpg,D:\aadhavan\AI-Based Skin Disease Detection and Preliminary Diagnosis System\dataset\10. Warts Molluscum and other Viral Infections - 2103\3_21.jpg,D:\aadhavan\AI-Based Skin Disease Detection and Preliminary Diagnosis System\preprocessing\quarantine\duplicates\10. Warts Molluscum and other Viral Infections - 2103\6_287.jpg,2026-07-26T22:07:27.815505
D:\aadhavan\AI-Based Skin Disease Detection and Preliminary Diagnosis System\dataset\10. Warts Molluscum and other Viral Infections - 2103\6_106.jpg,10. Warts Molluscum and other Viral Infections - 2103,6_106.jpg,D:\aadhavan\AI-Based Skin Disease Detection and Preliminary Diagnosis System\dataset\10. Warts Molluscum and other Viral Infections - 2103\3_22.jpg,D:\aadhavan\AI-Based Skin Disease Detection and Preliminary Diagnosis System\preprocessing\quarantine\duplicates\10. Warts Molluscum and other Viral Infections - 2103\6_106.jpg,2026-07-26T22:07:27.816355
D:\aadhavan\AI-Based Skin Disease Detection and Preliminary Diagnosis System\dataset\10. Warts Molluscum and other Viral Infections - 2103\6_336.jpg,10. Warts Molluscum and other Viral Infections - 2103,6_336.jpg,D:\aadhavan\AI-Based Skin Disease Detection and Preliminary Diagnosis System\dataset\10. Warts Molluscum and other Viral Infections - 2103\3_23.jpg,D:\aadhavan\AI-Based Skin Disease Detection and Preliminary Diagnosis System\preprocessing\quarantine\duplicates\10. Warts Molluscum and other Viral Infections - 2103\6_336.jpg,2026-07-26T22:07:27.817098
D:\aadhavan\AI-Based Skin Disease Detection and Preliminary Diagnosis System\dataset\10. Warts Molluscum and other Viral Infections - 2103\6_1.jpg,10. Warts Molluscum and other Viral Infections - 2103,6_1.jpg,D:\aadhavan\AI-Based Skin Disease Detection and Preliminary Diagnosis System\dataset\10. Warts Molluscum and other Viral Infections - 2103\3_24.jpg,D:\aadhavan\AI-Based Skin Disease Detection and Preliminary Diagnosis System\preprocessing\quarantine\duplicates\10. Warts Molluscum and other Viral Infections - 2103\6_1.jpg,2026-07-26T22:07:27.817837
D:\aadhavan\AI-Based Skin Disease Detection and Preliminary Diagnosis System\dataset\10. Warts Molluscum and other Viral Infections - 2103\6_158.jpg,10. Warts Molluscum and other Viral Infections - 2103,6_158.jpg,D:\aadhavan\AI-Based Skin Disease Detection and Preliminary Diagnosis System\dataset\10. Warts Molluscum and other Viral Infections - 2103\3_25.jpg,D:\aadhavan\AI-Based Skin Disease Detection and Preliminary Diagnosis System\preprocessing\quarantine\duplicates\10. Warts Molluscum and other Viral Infections - 2103\6_158.jpg,2026-07-26T22:07:27.818505
D:\aadhavan\AI-Based Skin Disease Detection and Preliminary Diagnosis System\dataset\10. Warts Molluscum and other Viral Infections - 2103\6_317.jpg,10. Warts Molluscum and other Viral Infections - 2103,6_317.jpg,D:\aadhavan\AI-Based Skin Disease Detection and Preliminary Diagnosis System\dataset\10. Warts Molluscum and other Viral Infections - 2103\3_26.jpg,D:\aadhavan\AI-Based Skin Disease Detection and Preliminary Diagnosis System\preprocessing\quarantine\duplicates\10. Warts Molluscum and other Viral Infections - 2103\6_317.jpg,2026-07-26T22:07:27.819255
D:\aadhavan\AI-Based Skin Disease Detection and Preliminary Diagnosis System\dataset\10. Warts Molluscum and other Viral Infections - 2103\6_65.jpg,10. Warts Molluscum and other Viral Infections - 2103,6_65.jpg,D:\aadhavan\AI-Based Skin Disease Detection and Preliminary Diagnosis System\dataset\10. Warts Molluscum and other Viral Infections - 2103\3_27.jpg,D:\aadhavan\AI-Based Skin Disease Detection and Preliminary Diagnosis System\preprocessing\quarantine\duplicates\10. Warts Molluscum and other Viral Infections - 2103\6_65.jpg,2026-07-26T22:07:27.820169
D:\aadhavan\AI-Based Skin Disease Detection and Preliminary Diagnosis System\dataset\10. Warts Molluscum and other Viral Infections - 2103\6_153.jpg,10. Warts Molluscum and other Viral Infections - 2103,6_153.jpg,D:\aadhavan\AI-Based Skin Disease Detection and Preliminary Diagnosis System\dataset\10. Warts Molluscum and other Viral Infections - 2103\3_28.jpg,D:\aadhavan\AI-Based Skin Disease Detection and Preliminary Diagnosis System\preprocessing\quarantine\duplicates\10. Warts Molluscum and other Viral Infections - 2103\6_153.jpg,2026-07-26T22:07:27.821264
D:\aadhavan\AI-Based Skin Disease Detection and Preliminary Diagnosis System\dataset\10. Warts Molluscum and other Viral Infections - 2103\6_177.jpg,10. Warts Molluscum and other Viral Infections - 2103,6_177.jpg,D:\aadhavan\AI-Based Skin Disease Detection and Preliminary Diagnosis System\dataset\10. Warts Molluscum and other Viral Infections - 2103\3_29.jpg,D:\aadhavan\AI-Based Skin Disease Detection and Preliminary Diagnosis System\preprocessing\quarantine\duplicates\10. Warts Molluscum and other Viral Infections - 2103\6_177.jpg,2026-07-26T22:07:27.822078
D:\aadhavan\AI-Based Skin Disease Detection and Preliminary Diagnosis System\dataset\10. Warts Molluscum and other Viral Infections - 2103\6_328.jpg,10. Warts Molluscum and other Viral Infections - 2103,6_328.jpg,D:\aadhavan\AI-Based Skin Disease Detection and Preliminary Diagnosis System\dataset\10. Warts Molluscum and other Viral Infections - 2103\3_30.jpg,D:\aadhavan\AI-Based Skin Disease Detection and Preliminary Diagnosis System\preprocessing\quarantine\duplicates\10. Warts Molluscum and other Viral Infections - 2103\6_328.jpg,2026-07-26T22:07:27.822755
D:\aadhavan\AI-Based Skin Disease Detection and Preliminary Diagnosis System\dataset\10. Warts Molluscum and other Viral Infections - 2103\6_270.jpg,10. Warts Molluscum and other Viral Infections - 2103,6_270.jpg,D:\aadhavan\AI-Based Skin Disease Detection and Preliminary Diagnosis System\dataset\10. Warts Molluscum and other Viral Infections - 2103\3_31.jpg,D:\aadhavan\AI-Based Skin Disease Detection and Preliminary Diagnosis System\preprocessing\quarantine\duplicates\10. Warts Molluscum and other Viral Infections - 2103\6_270.jpg,2026-07-26T22:07:27.823422
D:\aadhavan\AI-Based Skin Disease Detection and Preliminary Diagnosis System\dataset\10. Warts Molluscum and other Viral Infections - 2103\3_5.jpg,10. Warts Molluscum and other Viral Infections - 2103,3_5.jpg,D:\aadhavan\AI-Based Skin Disease Detection and Preliminary Diagnosis System\dataset\10. Warts Molluscum and other Viral Infections - 2103\3_32.jpg,D:\aadhavan\AI-Based Skin Disease Detection and Preliminary Diagnosis System\preprocessing\quarantine\duplicates\10. Warts Molluscum and other Viral Infections - 2103\3_5.jpg,2026-07-26T22:07:27.824597
D:\aadhavan\AI-Based Skin Disease Detection and Preliminary Diagnosis System\dataset\10. Warts Molluscum and other Viral Infections - 2103\6_248.jpg,10. Warts Molluscum and other Viral Infections - 2103,6_248.jpg,D:\aadhavan\AI-Based Skin Disease Detection and Preliminary Diagnosis System\dataset\10. Warts Molluscum and other Viral Infections - 2103\3_32.jpg,D:\aadhavan\AI-Based Skin Disease Detection and Preliminary Diagnosis System\preprocessing\quarantine\duplicates\10. Warts Molluscum and other Viral Infections - 2103\6_248.jpg,2026-07-26T22:07:27.825529
D:\aadhavan\AI-Based Skin Disease Detection and Preliminary Diagnosis System\dataset\10. Warts Molluscum and other Viral Infections - 2103\6_268.jpg,10. Warts Molluscum and other Viral Infections - 2103,6_268.jpg,D:\aadhavan\AI-Based Skin Disease Detection and Preliminary Diagnosis System\dataset\10. Warts Molluscum and other Viral Infections - 2103\3_32.jpg,D:\aadhavan\AI-Based Skin Disease Detection and Preliminary Diagnosis System\preprocessing\quarantine\duplicates\10. Warts Molluscum and other Viral Infections - 2103\6_268.jpg,2026-07-26T22:07:27.826867
D:\aadhavan\AI-Based Skin Disease Detection and Preliminary Diagnosis System\dataset\10. Warts Molluscum and other Viral Infections - 2103\6_137.jpg,10. Warts Molluscum and other Viral Infections - 2103,6_137.jpg,D:\aadhavan\AI-Based Skin Disease Detection and Preliminary Diagnosis System\dataset\10. Warts Molluscum and other Viral Infections - 2103\3_33.jpg,D:\aadhavan\AI-Based Skin Disease Detection and Preliminary Diagnosis System\preprocessing\quarantine\duplicates\10. Warts Molluscum and other Viral Infections - 2103\6_137.jpg,2026-07-26T22:07:27.828543
D:\aadhavan\AI-Based Skin Disease Detection and Preliminary Diagnosis System\dataset\10. Warts Molluscum and other Viral Infections - 2103\6_138.jpg,10. Warts Molluscum and other Viral Infections - 2103,6_138.jpg,D:\aadhavan\AI-Based Skin Disease Detection and Preliminary Diagnosis System\dataset\10. Warts Molluscum and other Viral Infections - 2103\3_34.jpg,D:\aadhavan\AI-Based Skin Disease Detection and Preliminary Diagnosis System\preprocessing\quarantine\duplicates\10. Warts Molluscum and other Viral Infections - 2103\6_138.jpg,2026-07-26T22:07:27.830269
D:\aadhavan\AI-Based Skin Disease Detection and Preliminary Diagnosis System\dataset\10. Warts Molluscum and other Viral Infections - 2103\6_293.jpg,10. Warts Molluscum and other Viral Infections - 2103,6_293.jpg,D:\aadhavan\AI-Based Skin Disease Detection and Preliminary Diagnosis System\dataset\10. Warts Molluscum and other Viral Infections - 2103\3_35.jpg,D:\aadhavan\AI-Based Skin Disease Detection and Preliminary Diagnosis System\preprocessing\quarantine\duplicates\10. Warts Molluscum and other Viral Infections - 2103\6_293.jpg,2026-07-26T22:07:27.831846
D:\aadhavan\AI-Based Skin Disease Detection and Preliminary Diagnosis System\dataset\10. Warts Molluscum and other Viral Infections - 2103\6_257.jpg,10. Warts Molluscum and other Viral Infections - 2103,6_257.jpg,D:\aadhavan\AI-Based Skin Disease Detection and Preliminary Diagnosis System\dataset\10. Warts Molluscum and other Viral Infections - 2103\3_36.jpg,D:\aadhavan\AI-Based Skin Disease Detection and Preliminary Diagnosis System\preprocessing\quarantine\duplicates\10. Warts Molluscum and other Viral Infections - 2103\6_257.jpg,2026-07-26T22:07:27.833384
D:\aadhavan\AI-Based Skin Disease Detection and Preliminary Diagnosis System\dataset\10. Warts Molluscum and other Viral Infections - 2103\6_274.jpg,10. Warts Molluscum and other Viral Infections - 2103,6_274.jpg,D:\aadhavan\AI-Based Skin Disease Detection and Preliminary Diagnosis System\dataset\10. Warts Molluscum and other Viral Infections - 2103\3_37.jpg,D:\aadhavan\AI-Based Skin Disease Detection and Preliminary Diagnosis System\preprocessing\quarantine\duplicates\10. Warts Molluscum and other Viral Infections - 2103\6_274.jpg,2026-07-26T22:07:27.834929
D:\aadhavan\AI-Based Skin Disease Detection and Preliminary Diagnosis System\dataset\10. Warts Molluscum and other Viral Infections - 2103\6_318.jpg,10. Warts Molluscum and other Viral Infections - 2103,6_318.jpg,D:\aadhavan\AI-Based Skin Disease Detection and Preliminary Diagnosis System\dataset\10. Warts Molluscum and other Viral Infections - 2103\3_38.jpg,D:\aadhavan\AI-Based Skin Disease Detection and Preliminary Diagnosis System\preprocessing\quarantine\duplicates\10. Warts Molluscum and other Viral Infections - 2103\6_318.jpg,2026-07-26T22:07:27.835786
D:\aadhavan\AI-Based Skin Disease Detection and Preliminary Diagnosis System\dataset\10. Warts Molluscum and other Viral Infections - 2103\6_282.jpg,10. Warts Molluscum and other Viral Infections - 2103,6_282.jpg,D:\aadhavan\AI-Based Skin Disease Detection and Preliminary Diagnosis System\dataset\10. Warts Molluscum and other Viral Infections - 2103\3_39.jpg,D:\aadhavan\AI-Based Skin Disease Detection and Preliminary Diagnosis System\preprocessing\quarantine\duplicates\10. Warts Molluscum and other Viral Infections - 2103\6_282.jpg,2026-07-26T22:07:27.836664
D:\aadhavan\AI-Based Skin Disease Detection and Preliminary Diagnosis System\dataset\10. Warts Molluscum and other Viral Infections - 2103\6_180.jpg,10. Warts Molluscum and other Viral Infections - 2103,6_180.jpg,D:\aadhavan\AI-Based Skin Disease Detection and Preliminary Diagnosis System\dataset\10. Warts Molluscum and other Viral Infections - 2103\3_40.jpg,D:\aadhavan\AI-Based Skin Disease Detection and Preliminary Diagnosis System\preprocessing\quarantine\duplicates\10. Warts Molluscum and other Viral Infections - 2103\6_180.jpg,2026-07-26T22:07:27.837652
D:\aadhavan\AI-Based Skin Disease Detection and Preliminary Diagnosis System\dataset\10. Warts Molluscum and other Viral Infections - 2103\6_203.jpg,10. Warts Molluscum and other Viral Infections - 2103,6_203.jpg,D:\aadhavan\AI-Based Skin Disease Detection and Preliminary Diagnosis System\dataset\10. Warts Molluscum and other Viral Infections - 2103\3_41.jpg,D:\aadhavan\AI-Based Skin Disease Detection and Preliminary Diagnosis System\preprocessing\quarantine\duplicates\10. Warts Molluscum and other Viral Infections - 2103\6_203.jpg,2026-07-26T22:07:27.838412
D:\aadhavan\AI-Based Skin Disease Detection and Preliminary Diagnosis System\dataset\10. Warts Molluscum and other Viral Infections - 2103\6_174.jpg,10. Warts Molluscum and other Viral Infections - 2103,6_174.jpg,D:\aadhavan\AI-Based Skin Disease Detection and Preliminary Diagnosis System\dataset\10. Warts Molluscum and other Viral Infections - 2103\3_42.jpg,D:\aadhavan\AI-Based Skin Disease Detection and Preliminary Diagnosis System\preprocessing\quarantine\duplicates\10. Warts Molluscum and other Viral Infections - 2103\6_174.jpg,2026-07-26T22:07:27.839030
D:\aadhavan\AI-Based Skin Disease Detection and Preliminary Diagnosis System\dataset\10. Warts Molluscum and other Viral Infections - 2103\6_169.jpg,10. Warts Molluscum and other Viral Infections - 2103,6_169.jpg,D:\aadhavan\AI-Based Skin Disease Detection and Preliminary Diagnosis System\dataset\10. Warts Molluscum and other Viral Infections - 2103\3_43.jpg,D:\aadhavan\AI-Based Skin Disease Detection and Preliminary Diagnosis System\preprocessing\quarantine\duplicates\10. Warts Molluscum and other Viral Infections - 2103\6_169.jpg,2026-07-26T22:07:27.839632
D:\aadhavan\AI-Based Skin Disease Detection and Preliminary Diagnosis System\dataset\10. Warts Molluscum and other Viral Infections - 2103\6_47.jpg,10. Warts Molluscum and other Viral Infections - 2103,6_47.jpg,D:\aadhavan\AI-Based Skin Disease Detection and Preliminary Diagnosis System\dataset\10. Warts Molluscum and other Viral Infections - 2103\3_44.jpg,D:\aadhavan\AI-Based Skin Disease Detection and Preliminary Diagnosis System\preprocessing\quarantine\duplicates\10. Warts Molluscum and other Viral Infections - 2103\6_47.jpg,2026-07-26T22:07:27.840281
D:\aadhavan\AI-Based Skin Disease Detection and Preliminary Diagnosis System\dataset\10. Warts Molluscum and other Viral Infections - 2103\6_133.jpg,10. Warts Molluscum and other Viral Infections - 2103,6_133.jpg,D:\aadhavan\AI-Based Skin Disease Detection and Preliminary Diagnosis System\dataset\10. Warts Molluscum and other Viral Infections - 2103\3_45.jpg,D:\aadhavan\AI-Based Skin Disease Detection and Preliminary Diagnosis System\preprocessing\quarantine\duplicates\10. Warts Molluscum and other Viral Infections - 2103\6_133.jpg,2026-07-26T22:07:27.841441
D:\aadhavan\AI-Based Skin Disease Detection and Preliminary Diagnosis System\dataset\10. Warts Molluscum and other Viral Infections - 2103\6_233.jpg,10. Warts Molluscum and other Viral Infections - 2103,6_233.jpg,D:\aadhavan\AI-Based Skin Disease Detection and Preliminary Diagnosis System\dataset\10. Warts Molluscum and other Viral Infections - 2103\3_46.jpg,D:\aadhavan\AI-Based Skin Disease Detection and Preliminary Diagnosis System\preprocessing\quarantine\duplicates\10. Warts Molluscum and other Viral Infections - 2103\6_233.jpg,2026-07-26T22:07:27.843060
D:\aadhavan\AI-Based Skin Disease Detection and Preliminary Diagnosis System\dataset\10. Warts Molluscum and other Viral Infections - 2103\6_208.jpg,10. Warts Molluscum and other Viral Infections - 2103,6_208.jpg,D:\aadhavan\AI-Based Skin Disease Detection and Preliminary Diagnosis System\dataset\10. Warts Molluscum and other Viral Infections - 2103\3_47.jpg,D:\aadhavan\AI-Based Skin Disease Detection and Preliminary Diagnosis System\preprocessing\quarantine\duplicates\10. Warts Molluscum and other Viral Infections - 2103\6_208.jpg,2026-07-26T22:07:27.844536
D:\aadhavan\AI-Based Skin Disease Detection and Preliminary Diagnosis System\dataset\10. Warts Molluscum and other Viral Infections - 2103\6_297.jpg,10. Warts Molluscum and other Viral Infections - 2103,6_297.jpg,D:\aadhavan\AI-Based Skin Disease Detection and Preliminary Diagnosis System\dataset\10. Warts Molluscum and other Viral Infections - 2103\3_48.jpg,D:\aadhavan\AI-Based Skin Disease Detection and Preliminary Diagnosis System\preprocessing\quarantine\duplicates\10. Warts Molluscum and other Viral Infections - 2103\6_297.jpg,2026-07-26T22:07:27.846053
D:\aadhavan\AI-Based Skin Disease Detection and Preliminary Diagnosis System\dataset\10. Warts Molluscum and other Viral Infections - 2103\6_196.jpg,10. Warts Molluscum and other Viral Infections - 2103,6_196.jpg,D:\aadhavan\AI-Based Skin Disease Detection and Preliminary Diagnosis System\dataset\10. Warts Molluscum and other Viral Infections - 2103\3_49.jpg,D:\aadhavan\AI-Based Skin Disease Detection and Preliminary Diagnosis System\preprocessing\quarantine\duplicates\10. Warts Molluscum and other Viral Infections - 2103\6_196.jpg,2026-07-26T22:07:27.847047
D:\aadhavan\AI-Based Skin Disease Detection and Preliminary Diagnosis System\dataset\10. Warts Molluscum and other Viral Infections - 2103\6_149.jpg,10. Warts Molluscum and other Viral Infections - 2103,6_149.jpg,D:\aadhavan\AI-Based Skin Disease Detection and Preliminary Diagnosis System\dataset\10. Warts Molluscum and other Viral Infections - 2103\3_50.jpg,D:\aadhavan\AI-Based Skin Disease Detection and Preliminary Diagnosis System\preprocessing\quarantine\duplicates\10. Warts Molluscum and other Viral Infections - 2103\6_149.jpg,2026-07-26T22:07:27.847982
D:\aadhavan\AI-Based Skin Disease Detection and Preliminary Diagnosis System\dataset\10. Warts Molluscum and other Viral Infections - 2103\6_62.jpg,10. Warts Molluscum and other Viral Infections - 2103,6_62.jpg,D:\aadhavan\AI-Based Skin Disease Detection and Preliminary Diagnosis System\dataset\10. Warts Molluscum and other Viral Infections - 2103\3_51.jpg,D:\aadhavan\AI-Based Skin Disease Detection and Preliminary Diagnosis System\preprocessing\quarantine\duplicates\10. Warts Molluscum and other Viral Infections - 2103\6_62.jpg,2026-07-26T22:07:27.848890
D:\aadhavan\AI-Based Skin Disease Detection and Preliminary Diagnosis System\dataset\10. Warts Molluscum and other Viral Infections - 2103\6_225.jpg,10. Warts Molluscum and other Viral Infections - 2103,6_225.jpg,D:\aadhavan\AI-Based Skin Disease Detection and Preliminary Diagnosis System\dataset\10. Warts Molluscum and other Viral Infections - 2103\3_52.jpg,D:\aadhavan\AI-Based Skin Disease Detection and Preliminary Diagnosis System\preprocessing\quarantine\duplicates\10. Warts Molluscum and other Viral Infections - 2103\6_225.jpg,2026-07-26T22:07:27.850160
D:\aadhavan\AI-Based Skin Disease Detection and Preliminary Diagnosis System\dataset\10. Warts Molluscum and other Viral Infections - 2103\6_104.jpg,10. Warts Molluscum and other Viral Infections - 2103,6_104.jpg,D:\aadhavan\AI-Based Skin Disease Detection and Preliminary Diagnosis System\dataset\10. Warts Molluscum and other Viral Infections - 2103\3_53.jpg,D:\aadhavan\AI-Based Skin Disease Detection and Preliminary Diagnosis System\preprocessing\quarantine\duplicates\10. Warts Molluscum and other Viral Infections - 2103\6_104.jpg,2026-07-26T22:07:27.851285
D:\aadhavan\AI-Based Skin Disease Detection and Preliminary Diagnosis System\dataset\10. Warts Molluscum and other Viral Infections - 2103\6_223.jpg,10. Warts Molluscum and other Viral Infections - 2103,6_223.jpg,D:\aadhavan\AI-Based Skin Disease Detection and Preliminary Diagnosis System\dataset\10. Warts Molluscum and other Viral Infections - 2103\3_57.jpg,D:\aadhavan\AI-Based Skin Disease Detection and Preliminary Diagnosis System\preprocessing\quarantine\duplicates\10. Warts Molluscum and other Viral Infections - 2103\6_223.jpg,2026-07-26T22:07:27.852806
D:\aadhavan\AI-Based Skin Disease Detection and Preliminary Diagnosis System\dataset\10. Warts Molluscum and other Viral Infections - 2103\6_34.jpg,10. Warts Molluscum and other Viral Infections - 2103,6_34.jpg,D:\aadhavan\AI-Based Skin Disease Detection and Preliminary Diagnosis System\dataset\10. Warts Molluscum and other Viral Infections - 2103\3_6.jpg,D:\aadhavan\AI-Based Skin Disease Detection and Preliminary Diagnosis System\preprocessing\quarantine\duplicates\10. Warts Molluscum and other Viral Infections - 2103\6_34.jpg,2026-07-26T22:07:27.854038
D:\aadhavan\AI-Based Skin Disease Detection and Preliminary Diagnosis System\dataset\10. Warts Molluscum and other Viral Infections - 2103\6_8.jpg,10. Warts Molluscum and other Viral Infections - 2103,6_8.jpg,D:\aadhavan\AI-Based Skin Disease Detection and Preliminary Diagnosis System\dataset\10. Warts Molluscum and other Viral Infections - 2103\3_9.jpg,D:\aadhavan\AI-Based Skin Disease Detection and Preliminary Diagnosis System\preprocessing\quarantine\duplicates\10. Warts Molluscum and other Viral Infections - 2103\6_8.jpg,2026-07-26T22:07:27.855127
D:\aadhavan\AI-Based Skin Disease Detection and Preliminary Diagnosis System\dataset\10. Warts Molluscum and other Viral Infections - 2103\4_39.jpg,10. Warts Molluscum and other Viral Infections - 2103,4_39.jpg,D:\aadhavan\AI-Based Skin Disease Detection and Preliminary Diagnosis System\dataset\10. Warts Molluscum and other Viral Infections - 2103\4_0.jpg,D:\aadhavan\AI-Based Skin Disease Detection and Preliminary Diagnosis System\preprocessing\quarantine\duplicates\10. Warts Molluscum and other Viral Infections - 2103\4_39.jpg,2026-07-26T22:07:27.856266
D:\aadhavan\AI-Based Skin Disease Detection and Preliminary Diagnosis System\dataset\10. Warts Molluscum and other Viral Infections - 2103\6_240.jpg,10. Warts Molluscum and other Viral Infections - 2103,6_240.jpg,D:\aadhavan\AI-Based Skin Disease Detection and Preliminary Diagnosis System\dataset\10. Warts Molluscum and other Viral Infections - 2103\4_1.jpg,D:\aadhavan\AI-Based Skin Disease Detection and Preliminary Diagnosis System\preprocessing\quarantine\duplicates\10. Warts Molluscum and other Viral Infections - 2103\6_240.jpg,2026-07-26T22:07:27.857559
D:\aadhavan\AI-Based Skin Disease Detection and Preliminary Diagnosis System\dataset\10. Warts Molluscum and other Viral Infections - 2103\6_94.jpg,10. Warts Molluscum and other Viral Infections - 2103,6_94.jpg,D:\aadhavan\AI-Based Skin Disease Detection and Preliminary Diagnosis System\dataset\10. Warts Molluscum and other Viral Infections - 2103\4_10.jpg,D:\aadhavan\AI-Based Skin Disease Detection and Preliminary Diagnosis System\preprocessing\quarantine\duplicates\10. Warts Molluscum and other Viral Infections - 2103\6_94.jpg,2026-07-26T22:07:27.859112
D:\aadhavan\AI-Based Skin Disease Detection and Preliminary Diagnosis System\dataset\10. Warts Molluscum and other Viral Infections - 2103\6_67.jpg,10. Warts Molluscum and other Viral Infections - 2103,6_67.jpg,D:\aadhavan\AI-Based Skin Disease Detection and Preliminary Diagnosis System\dataset\10. Warts Molluscum and other Viral Infections - 2103\4_12.jpg,D:\aadhavan\AI-Based Skin Disease Detection and Preliminary Diagnosis System\preprocessing\quarantine\duplicates\10. Warts Molluscum and other Viral Infections - 2103\6_67.jpg,2026-07-26T22:07:27.860524
D:\aadhavan\AI-Based Skin Disease Detection and Preliminary Diagnosis System\dataset\10. Warts Molluscum and other Viral Infections - 2103\6_285.jpg,10. Warts Molluscum and other Viral Infections - 2103,6_285.jpg,D:\aadhavan\AI-Based Skin Disease Detection and Preliminary Diagnosis System\dataset\10. Warts Molluscum and other Viral Infections - 2103\4_15.jpg,D:\aadhavan\AI-Based Skin Disease Detection and Preliminary Diagnosis System\preprocessing\quarantine\duplicates\10. Warts Molluscum and other Viral Infections - 2103\6_285.jpg,2026-07-26T22:07:27.862026
D:\aadhavan\AI-Based Skin Disease Detection and Preliminary Diagnosis System\dataset\10. Warts Molluscum and other Viral Infections - 2103\6_314.jpg,10. Warts Molluscum and other Viral Infections - 2103,6_314.jpg,D:\aadhavan\AI-Based Skin Disease Detection and Preliminary Diagnosis System\dataset\10. Warts Molluscum and other Viral Infections - 2103\4_30.jpg,D:\aadhavan\AI-Based Skin Disease Detection and Preliminary Diagnosis System\preprocessing\quarantine\duplicates\10. Warts Molluscum and other Viral Infections - 2103\6_314.jpg,2026-07-26T22:07:27.863149
D:\aadhavan\AI-Based Skin Disease Detection and Preliminary Diagnosis System\dataset\10. Warts Molluscum and other Viral Infections - 2103\6_102.jpg,10. Warts Molluscum and other Viral Infections - 2103,6_102.jpg,D:\aadhavan\AI-Based Skin Disease Detection and Preliminary Diagnosis System\dataset\10. Warts Molluscum and other Viral Infections - 2103\4_9.jpg,D:\aadhavan\AI-Based Skin Disease Detection and Preliminary Diagnosis System\preprocessing\quarantine\duplicates\10. Warts Molluscum and other Viral Infections - 2103\6_102.jpg,2026-07-26T22:07:27.863816
D:\aadhavan\AI-Based Skin Disease Detection and Preliminary Diagnosis System\dataset\10. Warts Molluscum and other Viral Infections - 2103\6_162.jpg,10. Warts Molluscum and other Viral Infections - 2103,6_162.jpg,D:\aadhavan\AI-Based Skin Disease Detection and Preliminary Diagnosis System\dataset\10. Warts Molluscum and other Viral Infections - 2103\5_0.jpg,D:\aadhavan\AI-Based Skin Disease Detection and Preliminary Diagnosis System\preprocessing\quarantine\duplicates\10. Warts Molluscum and other Viral Infections - 2103\6_162.jpg,2026-07-26T22:07:27.865098
D:\aadhavan\AI-Based Skin Disease Detection and Preliminary Diagnosis System\dataset\10. Warts Molluscum and other Viral Infections - 2103\6_308.jpg,10. Warts Molluscum and other Viral Infections - 2103,6_308.jpg,D:\aadhavan\AI-Based Skin Disease Detection and Preliminary Diagnosis System\dataset\10. Warts Molluscum and other Viral Infections - 2103\5_1.jpg,D:\aadhavan\AI-Based Skin Disease Detection and Preliminary Diagnosis System\preprocessing\quarantine\duplicates\10. Warts Molluscum and other Viral Infections - 2103\6_308.jpg,2026-07-26T22:07:27.866794
D:\aadhavan\AI-Based Skin Disease Detection and Preliminary Diagnosis System\dataset\10. Warts Molluscum and other Viral Infections - 2103\6_82.jpg,10. Warts Molluscum and other Viral Infections - 2103,6_82.jpg,D:\aadhavan\AI-Based Skin Disease Detection and Preliminary Diagnosis System\dataset\10. Warts Molluscum and other Viral Infections - 2103\5_13.jpg,D:\aadhavan\AI-Based Skin Disease Detection and Preliminary Diagnosis System\preprocessing\quarantine\duplicates\10. Warts Molluscum and other Viral Infections - 2103\6_82.jpg,2026-07-26T22:07:27.868121
D:\aadhavan\AI-Based Skin Disease Detection and Preliminary Diagnosis System\dataset\10. Warts Molluscum and other Viral Infections - 2103\6_51.jpg,10. Warts Molluscum and other Viral Infections - 2103,6_51.jpg,D:\aadhavan\AI-Based Skin Disease Detection and Preliminary Diagnosis System\dataset\10. Warts Molluscum and other Viral Infections - 2103\5_2.jpg,D:\aadhavan\AI-Based Skin Disease Detection and Preliminary Diagnosis System\preprocessing\quarantine\duplicates\10. Warts Molluscum and other Viral Infections - 2103\6_51.jpg,2026-07-26T22:07:27.869336
D:\aadhavan\AI-Based Skin Disease Detection and Preliminary Diagnosis System\dataset\10. Warts Molluscum and other Viral Infections - 2103\7_48.jpg,10. Warts Molluscum and other Viral Infections - 2103,7_48.jpg,D:\aadhavan\AI-Based Skin Disease Detection and Preliminary Diagnosis System\dataset\10. Warts Molluscum and other Viral Infections - 2103\6_10.jpg,D:\aadhavan\AI-Based Skin Disease Detection and Preliminary Diagnosis System\preprocessing\quarantine\duplicates\10. Warts Molluscum and other Viral Infections - 2103\7_48.jpg,2026-07-26T22:07:27.870958
D:\aadhavan\AI-Based Skin Disease Detection and Preliminary Diagnosis System\dataset\10. Warts Molluscum and other Viral Infections - 2103\7_6.jpg,10. Warts Molluscum and other Viral Infections - 2103,7_6.jpg,D:\aadhavan\AI-Based Skin Disease Detection and Preliminary Diagnosis System\dataset\10. Warts Molluscum and other Viral Infections - 2103\6_115.jpg,D:\aadhavan\AI-Based Skin Disease Detection and Preliminary Diagnosis System\preprocessing\quarantine\duplicates\10. Warts Molluscum and other Viral Infections - 2103\7_6.jpg,2026-07-26T22:07:27.872054
D:\aadhavan\AI-Based Skin Disease Detection and Preliminary Diagnosis System\dataset\7. Psoriasis pictures Lichen Planus and related diseases - 2k\19_19.jpg,7. Psoriasis pictures Lichen Planus and related diseases - 2k,19_19.jpg,D:\aadhavan\AI-Based Skin Disease Detection and Preliminary Diagnosis System\dataset\10. Warts Molluscum and other Viral Infections - 2103\6_118.jpg,D:\aadhavan\AI-Based Skin Disease Detection and Preliminary Diagnosis System\preprocessing\quarantine\duplicates\7. Psoriasis pictures Lichen Planus and related diseases - 2k\19_19.jpg,2026-07-26T22:07:27.872960
D:\aadhavan\AI-Based Skin Disease Detection and Preliminary Diagnosis System\dataset\10. Warts Molluscum and other Viral Infections - 2103\7_41.jpg,10. Warts Molluscum and other Viral Infections - 2103,7_41.jpg,D:\aadhavan\AI-Based Skin Disease Detection and Preliminary Diagnosis System\dataset\10. Warts Molluscum and other Viral Infections - 2103\6_125.jpg,D:\aadhavan\AI-Based Skin Disease Detection and Preliminary Diagnosis System\preprocessing\quarantine\duplicates\10. Warts Molluscum and other Viral Infections - 2103\7_41.jpg,2026-07-26T22:07:27.873826
D:\aadhavan\AI-Based Skin Disease Detection and Preliminary Diagnosis System\dataset\7. Psoriasis pictures Lichen Planus and related diseases - 2k\19_18.jpg,7. Psoriasis pictures Lichen Planus and related diseases - 2k,19_18.jpg,D:\aadhavan\AI-Based Skin Disease Detection and Preliminary Diagnosis System\dataset\10. Warts Molluscum and other Viral Infections - 2103\6_134.jpg,D:\aadhavan\AI-Based Skin Disease Detection and Preliminary Diagnosis System\preprocessing\quarantine\duplicates\7. Psoriasis pictures Lichen Planus and related diseases - 2k\19_18.jpg,2026-07-26T22:07:27.874934
D:\aadhavan\AI-Based Skin Disease Detection and Preliminary Diagnosis System\dataset\7. Psoriasis pictures Lichen Planus and related diseases - 2k\19_0.jpg,7. Psoriasis pictures Lichen Planus and related diseases - 2k,19_0.jpg,D:\aadhavan\AI-Based Skin Disease Detection and Preliminary Diagnosis System\dataset\10. Warts Molluscum and other Viral Infections - 2103\6_135.jpg,D:\aadhavan\AI-Based Skin Disease Detection and Preliminary Diagnosis System\preprocessing\quarantine\duplicates\7. Psoriasis pictures Lichen Planus and related diseases - 2k\19_0.jpg,2026-07-26T22:07:27.876363
D:\aadhavan\AI-Based Skin Disease Detection and Preliminary Diagnosis System\dataset\10. Warts Molluscum and other Viral Infections - 2103\7_26.jpg,10. Warts Molluscum and other Viral Infections - 2103,7_26.jpg,D:\aadhavan\AI-Based Skin Disease Detection and Preliminary Diagnosis System\dataset\10. Warts Molluscum and other Viral Infections - 2103\6_136.jpg,D:\aadhavan\AI-Based Skin Disease Detection and Preliminary Diagnosis System\preprocessing\quarantine\duplicates\10. Warts Molluscum and other Viral Infections - 2103\7_26.jpg,2026-07-26T22:07:27.878079
D:\aadhavan\AI-Based Skin Disease Detection and Preliminary Diagnosis System\dataset\10. Warts Molluscum and other Viral Infections - 2103\7_47.jpg,10. Warts Molluscum and other Viral Infections - 2103,7_47.jpg,D:\aadhavan\AI-Based Skin Disease Detection and Preliminary Diagnosis System\dataset\10. Warts Molluscum and other Viral Infections - 2103\6_145.jpg,D:\aadhavan\AI-Based Skin Disease Detection and Preliminary Diagnosis System\preprocessing\quarantine\duplicates\10. Warts Molluscum and other Viral Infections - 2103\7_47.jpg,2026-07-26T22:07:27.879808
D:\aadhavan\AI-Based Skin Disease Detection and Preliminary Diagnosis System\dataset\10. Warts Molluscum and other Viral Infections - 2103\7_50.jpg,10. Warts Molluscum and other Viral Infections - 2103,7_50.jpg,D:\aadhavan\AI-Based Skin Disease Detection and Preliminary Diagnosis System\dataset\10. Warts Molluscum and other Viral Infections - 2103\6_147.jpg,D:\aadhavan\AI-Based Skin Disease Detection and Preliminary Diagnosis System\preprocessing\quarantine\duplicates\10. Warts Molluscum and other Viral Infections - 2103\7_50.jpg,2026-07-26T22:07:27.881339
D:\aadhavan\AI-Based Skin Disease Detection and Preliminary Diagnosis System\dataset\10. Warts Molluscum and other Viral Infections - 2103\7_14.jpg,10. Warts Molluscum and other Viral Infections - 2103,7_14.jpg,D:\aadhavan\AI-Based Skin Disease Detection and Preliminary Diagnosis System\dataset\10. Warts Molluscum and other Viral Infections - 2103\6_150.jpg,D:\aadhavan\AI-Based Skin Disease Detection and Preliminary Diagnosis System\preprocessing\quarantine\duplicates\10. Warts Molluscum and other Viral Infections - 2103\7_14.jpg,2026-07-26T22:07:27.882785
D:\aadhavan\AI-Based Skin Disease Detection and Preliminary Diagnosis System\dataset\10. Warts Molluscum and other Viral Infections - 2103\7_7.jpg,10. Warts Molluscum and other Viral Infections - 2103,7_7.jpg,D:\aadhavan\AI-Based Skin Disease Detection and Preliminary Diagnosis System\dataset\10. Warts Molluscum and other Viral Infections - 2103\6_154.jpg,D:\aadhavan\AI-Based Skin Disease Detection and Preliminary Diagnosis System\preprocessing\quarantine\duplicates\10. Warts Molluscum and other Viral Infections - 2103\7_7.jpg,2026-07-26T22:07:27.884112
D:\aadhavan\AI-Based Skin Disease Detection and Preliminary Diagnosis System\dataset\10. Warts Molluscum and other Viral Infections - 2103\7_8.jpg,10. Warts Molluscum and other Viral Infections - 2103,7_8.jpg,D:\aadhavan\AI-Based Skin Disease Detection and Preliminary Diagnosis System\dataset\10. Warts Molluscum and other Viral Infections - 2103\6_157.jpg,D:\aadhavan\AI-Based Skin Disease Detection and Preliminary Diagnosis System\preprocessing\quarantine\duplicates\10. Warts Molluscum and other Viral Infections - 2103\7_8.jpg,2026-07-26T22:07:27.885456
D:\aadhavan\AI-Based Skin Disease Detection and Preliminary Diagnosis System\dataset\10. Warts Molluscum and other Viral Infections - 2103\7_4.jpg,10. Warts Molluscum and other Viral Infections - 2103,7_4.jpg,D:\aadhavan\AI-Based Skin Disease Detection and Preliminary Diagnosis System\dataset\10. Warts Molluscum and other Viral Infections - 2103\6_167.jpg,D:\aadhavan\AI-Based Skin Disease Detection and Preliminary Diagnosis System\preprocessing\quarantine\duplicates\10. Warts Molluscum and other Viral Infections - 2103\7_4.jpg,2026-07-26T22:07:27.887110
D:\aadhavan\AI-Based Skin Disease Detection and Preliminary Diagnosis System\dataset\10. Warts Molluscum and other Viral Infections - 2103\7_19.jpg,10. Warts Molluscum and other Viral Infections - 2103,7_19.jpg,D:\aadhavan\AI-Based Skin Disease Detection and Preliminary Diagnosis System\dataset\10. Warts Molluscum and other Viral Infections - 2103\6_179.jpg,D:\aadhavan\AI-Based Skin Disease Detection and Preliminary Diagnosis System\preprocessing\quarantine\duplicates\10. Warts Molluscum and other Viral Infections - 2103\7_19.jpg,2026-07-26T22:07:27.888368
D:\aadhavan\AI-Based Skin Disease Detection and Preliminary Diagnosis System\dataset\10. Warts Molluscum and other Viral Infections - 2103\7_23.jpg,10. Warts Molluscum and other Viral Infections - 2103,7_23.jpg,D:\aadhavan\AI-Based Skin Disease Detection and Preliminary Diagnosis System\dataset\10. Warts Molluscum and other Viral Infections - 2103\6_185.jpg,D:\aadhavan\AI-Based Skin Disease Detection and Preliminary Diagnosis System\preprocessing\quarantine\duplicates\10. Warts Molluscum and other Viral Infections - 2103\7_23.jpg,2026-07-26T22:07:27.889337
D:\aadhavan\AI-Based Skin Disease Detection and Preliminary Diagnosis System\dataset\10. Warts Molluscum and other Viral Infections - 2103\7_42.jpg,10. Warts Molluscum and other Viral Infections - 2103,7_42.jpg,D:\aadhavan\AI-Based Skin Disease Detection and Preliminary Diagnosis System\dataset\10. Warts Molluscum and other Viral Infections - 2103\6_19.jpg,D:\aadhavan\AI-Based Skin Disease Detection and Preliminary Diagnosis System\preprocessing\quarantine\duplicates\10. Warts Molluscum and other Viral Infections - 2103\7_42.jpg,2026-07-26T22:07:27.890236
D:\aadhavan\AI-Based Skin Disease Detection and Preliminary Diagnosis System\dataset\10. Warts Molluscum and other Viral Infections - 2103\7_3.jpg,10. Warts Molluscum and other Viral Infections - 2103,7_3.jpg,D:\aadhavan\AI-Based Skin Disease Detection and Preliminary Diagnosis System\dataset\10. Warts Molluscum and other Viral Infections - 2103\6_2.jpg,D:\aadhavan\AI-Based Skin Disease Detection and Preliminary Diagnosis System\preprocessing\quarantine\duplicates\10. Warts Molluscum and other Viral Infections - 2103\7_3.jpg,2026-07-26T22:07:27.891150
D:\aadhavan\AI-Based Skin Disease Detection and Preliminary Diagnosis System\dataset\10. Warts Molluscum and other Viral Infections - 2103\7_10.jpg,10. Warts Molluscum and other Viral Infections - 2103,7_10.jpg,D:\aadhavan\AI-Based Skin Disease Detection and Preliminary Diagnosis System\dataset\10. Warts Molluscum and other Viral Infections - 2103\6_202.jpg,D:\aadhavan\AI-Based Skin Disease Detection and Preliminary Diagnosis System\preprocessing\quarantine\duplicates\10. Warts Molluscum and other Viral Infections - 2103\7_10.jpg,2026-07-26T22:07:27.892066
D:\aadhavan\AI-Based Skin Disease Detection and Preliminary Diagnosis System\dataset\10. Warts Molluscum and other Viral Infections - 2103\7_46.jpg,10. Warts Molluscum and other Viral Infections - 2103,7_46.jpg,D:\aadhavan\AI-Based Skin Disease Detection and Preliminary Diagnosis System\dataset\10. Warts Molluscum and other Viral Infections - 2103\6_214.jpg,D:\aadhavan\AI-Based Skin Disease Detection and Preliminary Diagnosis System\preprocessing\quarantine\duplicates\10. Warts Molluscum and other Viral Infections - 2103\7_46.jpg,2026-07-26T22:07:27.892877
D:\aadhavan\AI-Based Skin Disease Detection and Preliminary Diagnosis System\dataset\7. Psoriasis pictures Lichen Planus and related diseases - 2k\19_15.jpg,7. Psoriasis pictures Lichen Planus and related diseases - 2k,19_15.jpg,D:\aadhavan\AI-Based Skin Disease Detection and Preliminary Diagnosis System\dataset\10. Warts Molluscum and other Viral Infections - 2103\6_219.jpg,D:\aadhavan\AI-Based Skin Disease Detection and Preliminary Diagnosis System\preprocessing\quarantine\duplicates\7. Psoriasis pictures Lichen Planus and related diseases - 2k\19_15.jpg,2026-07-26T22:07:27.893689
D:\aadhavan\AI-Based Skin Disease Detection and Preliminary Diagnosis System\dataset\7. Psoriasis pictures Lichen Planus and related diseases - 2k\19_16.jpg,7. Psoriasis pictures Lichen Planus and related diseases - 2k,19_16.jpg,D:\aadhavan\AI-Based Skin Disease Detection and Preliminary Diagnosis System\dataset\10. Warts Molluscum and other Viral Infections - 2103\6_228.jpg,D:\aadhavan\AI-Based Skin Disease Detection and Preliminary Diagnosis System\preprocessing\quarantine\duplicates\7. Psoriasis pictures Lichen Planus and related diseases - 2k\19_16.jpg,2026-07-26T22:07:27.894646
D:\aadhavan\AI-Based Skin Disease Detection and Preliminary Diagnosis System\dataset\10. Warts Molluscum and other Viral Infections - 2103\7_11.jpg,10. Warts Molluscum and other Viral Infections - 2103,7_11.jpg,D:\aadhavan\AI-Based Skin Disease Detection and Preliminary Diagnosis System\dataset\10. Warts Molluscum and other Viral Infections - 2103\6_239.jpg,D:\aadhavan\AI-Based Skin Disease Detection and Preliminary Diagnosis System\preprocessing\quarantine\duplicates\10. Warts Molluscum and other Viral Infections - 2103\7_11.jpg,2026-07-26T22:07:27.896378
D:\aadhavan\AI-Based Skin Disease Detection and Preliminary Diagnosis System\dataset\10. Warts Molluscum and other Viral Infections - 2103\7_51.jpg,10. Warts Molluscum and other Viral Infections - 2103,7_51.jpg,D:\aadhavan\AI-Based Skin Disease Detection and Preliminary Diagnosis System\dataset\10. Warts Molluscum and other Viral Infections - 2103\6_254.jpg,D:\aadhavan\AI-Based Skin Disease Detection and Preliminary Diagnosis System\preprocessing\quarantine\duplicates\10. Warts Molluscum and other Viral Infections - 2103\7_51.jpg,2026-07-26T22:07:27.897913
D:\aadhavan\AI-Based Skin Disease Detection and Preliminary Diagnosis System\dataset\10. Warts Molluscum and other Viral Infections - 2103\7_45.jpg,10. Warts Molluscum and other Viral Infections - 2103,7_45.jpg,D:\aadhavan\AI-Based Skin Disease Detection and Preliminary Diagnosis System\dataset\10. Warts Molluscum and other Viral Infections - 2103\6_258.jpg,D:\aadhavan\AI-Based Skin Disease Detection and Preliminary Diagnosis System\preprocessing\quarantine\duplicates\10. Warts Molluscum and other Viral Infections - 2103\7_45.jpg,2026-07-26T22:07:27.899313
D:\aadhavan\AI-Based Skin Disease Detection and Preliminary Diagnosis System\dataset\10. Warts Molluscum and other Viral Infections - 2103\7_52.jpg,10. Warts Molluscum and other Viral Infections - 2103,7_52.jpg,D:\aadhavan\AI-Based Skin Disease Detection and Preliminary Diagnosis System\dataset\10. Warts Molluscum and other Viral Infections - 2103\6_277.jpg,D:\aadhavan\AI-Based Skin Disease Detection and Preliminary Diagnosis System\preprocessing\quarantine\duplicates\10. Warts Molluscum and other Viral Infections - 2103\7_52.jpg,2026-07-26T22:07:27.900617
D:\aadhavan\AI-Based Skin Disease Detection and Preliminary Diagnosis System\dataset\10. Warts Molluscum and other Viral Infections - 2103\7_5.jpg,10. Warts Molluscum and other Viral Infections - 2103,7_5.jpg,D:\aadhavan\AI-Based Skin Disease Detection and Preliminary Diagnosis System\dataset\10. Warts Molluscum and other Viral Infections - 2103\6_279.jpg,D:\aadhavan\AI-Based Skin Disease Detection and Preliminary Diagnosis System\preprocessing\quarantine\duplicates\10. Warts Molluscum and other Viral Infections - 2103\7_5.jpg,2026-07-26T22:07:27.902408
D:\aadhavan\AI-Based Skin Disease Detection and Preliminary Diagnosis System\dataset\7. Psoriasis pictures Lichen Planus and related diseases - 2k\19_35.jpg,7. Psoriasis pictures Lichen Planus and related diseases - 2k,19_35.jpg,D:\aadhavan\AI-Based Skin Disease Detection and Preliminary Diagnosis System\dataset\10. Warts Molluscum and other Viral Infections - 2103\6_29.jpg,D:\aadhavan\AI-Based Skin Disease Detection and Preliminary Diagnosis System\preprocessing\quarantine\duplicates\7. Psoriasis pictures Lichen Planus and related diseases - 2k\19_35.jpg,2026-07-26T22:07:27.904016
D:\aadhavan\AI-Based Skin Disease Detection and Preliminary Diagnosis System\dataset\7. Psoriasis pictures Lichen Planus and related diseases - 2k\19_4.jpg,7. Psoriasis pictures Lichen Planus and related diseases - 2k,19_4.jpg,D:\aadhavan\AI-Based Skin Disease Detection and Preliminary Diagnosis System\dataset\10. Warts Molluscum and other Viral Infections - 2103\6_298.jpg,D:\aadhavan\AI-Based Skin Disease Detection and Preliminary Diagnosis System\preprocessing\quarantine\duplicates\7. Psoriasis pictures Lichen Planus and related diseases - 2k\19_4.jpg,2026-07-26T22:07:27.905367
D:\aadhavan\AI-Based Skin Disease Detection and Preliminary Diagnosis System\dataset\10. Warts Molluscum and other Viral Infections - 2103\7_33.jpg,10. Warts Molluscum and other Viral Infections - 2103,7_33.jpg,D:\aadhavan\AI-Based Skin Disease Detection and Preliminary Diagnosis System\dataset\10. Warts Molluscum and other Viral Infections - 2103\6_3.jpg,D:\aadhavan\AI-Based Skin Disease Detection and Preliminary Diagnosis System\preprocessing\quarantine\duplicates\10. Warts Molluscum and other Viral Infections - 2103\7_33.jpg,2026-07-26T22:07:27.906714
D:\aadhavan\AI-Based Skin Disease Detection and Preliminary Diagnosis System\dataset\10. Warts Molluscum and other Viral Infections - 2103\7_43.jpg,10. Warts Molluscum and other Viral Infections - 2103,7_43.jpg,D:\aadhavan\AI-Based Skin Disease Detection and Preliminary Diagnosis System\dataset\10. Warts Molluscum and other Viral Infections - 2103\6_301.jpg,D:\aadhavan\AI-Based Skin Disease Detection and Preliminary Diagnosis System\preprocessing\quarantine\duplicates\10. Warts Molluscum and other Viral Infections - 2103\7_43.jpg,2026-07-26T22:07:27.908138
D:\aadhavan\AI-Based Skin Disease Detection and Preliminary Diagnosis System\dataset\10. Warts Molluscum and other Viral Infections - 2103\7_0.jpg,10. Warts Molluscum and other Viral Infections - 2103,7_0.jpg,D:\aadhavan\AI-Based Skin Disease Detection and Preliminary Diagnosis System\dataset\10. Warts Molluscum and other Viral Infections - 2103\6_310.jpg,D:\aadhavan\AI-Based Skin Disease Detection and Preliminary Diagnosis System\preprocessing\quarantine\duplicates\10. Warts Molluscum and other Viral Infections - 2103\7_0.jpg,2026-07-26T22:07:27.909445
D:\aadhavan\AI-Based Skin Disease Detection and Preliminary Diagnosis System\dataset\7. Psoriasis pictures Lichen Planus and related diseases - 2k\19_11.jpg,7. Psoriasis pictures Lichen Planus and related diseases - 2k,19_11.jpg,D:\aadhavan\AI-Based Skin Disease Detection and Preliminary Diagnosis System\dataset\10. Warts Molluscum and other Viral Infections - 2103\6_311.jpg,D:\aadhavan\AI-Based Skin Disease Detection and Preliminary Diagnosis System\preprocessing\quarantine\duplicates\7. Psoriasis pictures Lichen Planus and related diseases - 2k\19_11.jpg,2026-07-26T22:07:27.910659
D:\aadhavan\AI-Based Skin Disease Detection and Preliminary Diagnosis System\dataset\7. Psoriasis pictures Lichen Planus and related diseases - 2k\19_5.jpg,7. Psoriasis pictures Lichen Planus and related diseases - 2k,19_5.jpg,D:\aadhavan\AI-Based Skin Disease Detection and Preliminary Diagnosis System\dataset\10. Warts Molluscum and other Viral Infections - 2103\6_316.jpg,D:\aadhavan\AI-Based Skin Disease Detection and Preliminary Diagnosis System\preprocessing\quarantine\duplicates\7. Psoriasis pictures Lichen Planus and related diseases - 2k\19_5.jpg,2026-07-26T22:07:27.912052
D:\aadhavan\AI-Based Skin Disease Detection and Preliminary Diagnosis System\dataset\10. Warts Molluscum and other Viral Infections - 2103\7_38.jpg,10. Warts Molluscum and other Viral Infections - 2103,7_38.jpg,D:\aadhavan\AI-Based Skin Disease Detection and Preliminary Diagnosis System\dataset\10. Warts Molluscum and other Viral Infections - 2103\6_319.jpg,D:\aadhavan\AI-Based Skin Disease Detection and Preliminary Diagnosis System\preprocessing\quarantine\duplicates\10. Warts Molluscum and other Viral Infections - 2103\7_38.jpg,2026-07-26T22:07:27.913454
D:\aadhavan\AI-Based Skin Disease Detection and Preliminary Diagnosis System\dataset\10. Warts Molluscum and other Viral Infections - 2103\7_44.jpg,10. Warts Molluscum and other Viral Infections - 2103,7_44.jpg,D:\aadhavan\AI-Based Skin Disease Detection and Preliminary Diagnosis System\dataset\10. Warts Molluscum and other Viral Infections - 2103\6_32.jpg,D:\aadhavan\AI-Based Skin Disease Detection and Preliminary Diagnosis System\preprocessing\quarantine\duplicates\10. Warts Molluscum and other Viral Infections - 2103\7_44.jpg,2026-07-26T22:07:27.914774
D:\aadhavan\AI-Based Skin Disease Detection and Preliminary Diagnosis System\dataset\10. Warts Molluscum and other Viral Infections - 2103\7_20.jpg,10. Warts Molluscum and other Viral Infections - 2103,7_20.jpg,D:\aadhavan\AI-Based Skin Disease Detection and Preliminary Diagnosis System\dataset\10. Warts Molluscum and other Viral Infections - 2103\6_327.jpg,D:\aadhavan\AI-Based Skin Disease Detection and Preliminary Diagnosis System\preprocessing\quarantine\duplicates\10. Warts Molluscum and other Viral Infections - 2103\7_20.jpg,2026-07-26T22:07:27.915983
D:\aadhavan\AI-Based Skin Disease Detection and Preliminary Diagnosis System\dataset\7. Psoriasis pictures Lichen Planus and related diseases - 2k\19_21.jpg,7. Psoriasis pictures Lichen Planus and related diseases - 2k,19_21.jpg,D:\aadhavan\AI-Based Skin Disease Detection and Preliminary Diagnosis System\dataset\10. Warts Molluscum and other Viral Infections - 2103\6_33.jpg,D:\aadhavan\AI-Based Skin Disease Detection and Preliminary Diagnosis System\preprocessing\quarantine\duplicates\7. Psoriasis pictures Lichen Planus and related diseases - 2k\19_21.jpg,2026-07-26T22:07:27.917155
D:\aadhavan\AI-Based Skin Disease Detection and Preliminary Diagnosis System\dataset\10. Warts Molluscum and other Viral Infections - 2103\7_25.jpg,10. Warts Molluscum and other Viral Infections - 2103,7_25.jpg,D:\aadhavan\AI-Based Skin Disease Detection and Preliminary Diagnosis System\dataset\10. Warts Molluscum and other Viral Infections - 2103\6_330.jpg,D:\aadhavan\AI-Based Skin Disease Detection and Preliminary Diagnosis System\preprocessing\quarantine\duplicates\10. Warts Molluscum and other Viral Infections - 2103\7_25.jpg,2026-07-26T22:07:27.918404
D:\aadhavan\AI-Based Skin Disease Detection and Preliminary Diagnosis System\dataset\10. Warts Molluscum and other Viral Infections - 2103\7_39.jpg,10. Warts Molluscum and other Viral Infections - 2103,7_39.jpg,D:\aadhavan\AI-Based Skin Disease Detection and Preliminary Diagnosis System\dataset\10. Warts Molluscum and other Viral Infections - 2103\6_335.jpg,D:\aadhavan\AI-Based Skin Disease Detection and Preliminary Diagnosis System\preprocessing\quarantine\duplicates\10. Warts Molluscum and other Viral Infections - 2103\7_39.jpg,2026-07-26T22:07:27.919639
D:\aadhavan\AI-Based Skin Disease Detection and Preliminary Diagnosis System\dataset\10. Warts Molluscum and other Viral Infections - 2103\7_18.jpg,10. Warts Molluscum and other Viral Infections - 2103,7_18.jpg,D:\aadhavan\AI-Based Skin Disease Detection and Preliminary Diagnosis System\dataset\10. Warts Molluscum and other Viral Infections - 2103\6_40.jpg,D:\aadhavan\AI-Based Skin Disease Detection and Preliminary Diagnosis System\preprocessing\quarantine\duplicates\10. Warts Molluscum and other Viral Infections - 2103\7_18.jpg,2026-07-26T22:07:27.921121
D:\aadhavan\AI-Based Skin Disease Detection and Preliminary Diagnosis System\dataset\10. Warts Molluscum and other Viral Infections - 2103\7_12.jpg,10. Warts Molluscum and other Viral Infections - 2103,7_12.jpg,D:\aadhavan\AI-Based Skin Disease Detection and Preliminary Diagnosis System\dataset\10. Warts Molluscum and other Viral Infections - 2103\6_48.jpg,D:\aadhavan\AI-Based Skin Disease Detection and Preliminary Diagnosis System\preprocessing\quarantine\duplicates\10. Warts Molluscum and other Viral Infections - 2103\7_12.jpg,2026-07-26T22:07:27.922502
D:\aadhavan\AI-Based Skin Disease Detection and Preliminary Diagnosis System\dataset\10. Warts Molluscum and other Viral Infections - 2103\7_9.jpg,10. Warts Molluscum and other Viral Infections - 2103,7_9.jpg,D:\aadhavan\AI-Based Skin Disease Detection and Preliminary Diagnosis System\dataset\10. Warts Molluscum and other Viral Infections - 2103\6_5.jpg,D:\aadhavan\AI-Based Skin Disease Detection and Preliminary Diagnosis System\preprocessing\quarantine\duplicates\10. Warts Molluscum and other Viral Infections - 2103\7_9.jpg,2026-07-26T22:07:27.923722
D:\aadhavan\AI-Based Skin Disease Detection and Preliminary Diagnosis System\dataset\7. Psoriasis pictures Lichen Planus and related diseases - 2k\19_3.jpg,7. Psoriasis pictures Lichen Planus and related diseases - 2k,19_3.jpg,D:\aadhavan\AI-Based Skin Disease Detection and Preliminary Diagnosis System\dataset\10. Warts Molluscum and other Viral Infections - 2103\6_50.jpg,D:\aadhavan\AI-Based Skin Disease Detection and Preliminary Diagnosis System\preprocessing\quarantine\duplicates\7. Psoriasis pictures Lichen Planus and related diseases - 2k\19_3.jpg,2026-07-26T22:07:27.924899
D:\aadhavan\AI-Based Skin Disease Detection and Preliminary Diagnosis System\dataset\10. Warts Molluscum and other Viral Infections - 2103\7_49.jpg,10. Warts Molluscum and other Viral Infections - 2103,7_49.jpg,D:\aadhavan\AI-Based Skin Disease Detection and Preliminary Diagnosis System\dataset\10. Warts Molluscum and other Viral Infections - 2103\6_53.jpg,D:\aadhavan\AI-Based Skin Disease Detection and Preliminary Diagnosis System\preprocessing\quarantine\duplicates\10. Warts Molluscum and other Viral Infections - 2103\7_49.jpg,2026-07-26T22:07:27.926180
D:\aadhavan\AI-Based Skin Disease Detection and Preliminary Diagnosis System\dataset\10. Warts Molluscum and other Viral Infections - 2103\7_24.jpg,10. Warts Molluscum and other Viral Infections - 2103,7_24.jpg,D:\aadhavan\AI-Based Skin Disease Detection and Preliminary Diagnosis System\dataset\10. Warts Molluscum and other Viral Infections - 2103\6_57.jpg,D:\aadhavan\AI-Based Skin Disease Detection and Preliminary Diagnosis System\preprocessing\quarantine\duplicates\10. Warts Molluscum and other Viral Infections - 2103\7_24.jpg,2026-07-26T22:07:27.927423
D:\aadhavan\AI-Based Skin Disease Detection and Preliminary Diagnosis System\dataset\10. Warts Molluscum and other Viral Infections - 2103\7_15.jpg,10. Warts Molluscum and other Viral Infections - 2103,7_15.jpg,D:\aadhavan\AI-Based Skin Disease Detection and Preliminary Diagnosis System\dataset\10. Warts Molluscum and other Viral Infections - 2103\6_6.jpg,D:\aadhavan\AI-Based Skin Disease Detection and Preliminary Diagnosis System\preprocessing\quarantine\duplicates\10. Warts Molluscum and other Viral Infections - 2103\7_15.jpg,2026-07-26T22:07:27.928805
D:\aadhavan\AI-Based Skin Disease Detection and Preliminary Diagnosis System\dataset\10. Warts Molluscum and other Viral Infections - 2103\7_37.jpg,10. Warts Molluscum and other Viral Infections - 2103,7_37.jpg,D:\aadhavan\AI-Based Skin Disease Detection and Preliminary Diagnosis System\dataset\10. Warts Molluscum and other Viral Infections - 2103\6_90.jpg,D:\aadhavan\AI-Based Skin Disease Detection and Preliminary Diagnosis System\preprocessing\quarantine\duplicates\10. Warts Molluscum and other Viral Infections - 2103\7_37.jpg,2026-07-26T22:07:27.930231
D:\aadhavan\AI-Based Skin Disease Detection and Preliminary Diagnosis System\dataset\10. Warts Molluscum and other Viral Infections - 2103\7_29.jpg,10. Warts Molluscum and other Viral Infections - 2103,7_29.jpg,D:\aadhavan\AI-Based Skin Disease Detection and Preliminary Diagnosis System\dataset\10. Warts Molluscum and other Viral Infections - 2103\6_95.jpg,D:\aadhavan\AI-Based Skin Disease Detection and Preliminary Diagnosis System\preprocessing\quarantine\duplicates\10. Warts Molluscum and other Viral Infections - 2103\7_29.jpg,2026-07-26T22:07:27.931467
D:\aadhavan\AI-Based Skin Disease Detection and Preliminary Diagnosis System\dataset\10. Warts Molluscum and other Viral Infections - 2103\t-warts-plantar-91.jpg,10. Warts Molluscum and other Viral Infections - 2103,t-warts-plantar-91.jpg,D:\aadhavan\AI-Based Skin Disease Detection and Preliminary Diagnosis System\dataset\10. Warts Molluscum and other Viral Infections - 2103\t-12WartAldara.jpg,D:\aadhavan\AI-Based Skin Disease Detection and Preliminary Diagnosis System\preprocessing\quarantine\duplicates\10. Warts Molluscum and other Viral Infections - 2103\t-warts-plantar-91.jpg,2026-07-26T22:07:27.933633
D:\aadhavan\AI-Based Skin Disease Detection and Preliminary Diagnosis System\dataset\10. Warts Molluscum and other Viral Infections - 2103\t-warts-cryotherapy-9.jpg,10. Warts Molluscum and other Viral Infections - 2103,t-warts-cryotherapy-9.jpg,D:\aadhavan\AI-Based Skin Disease Detection and Preliminary Diagnosis System\dataset\10. Warts Molluscum and other Viral Infections - 2103\t-12WartNitrogen4.jpg,D:\aadhavan\AI-Based Skin Disease Detection and Preliminary Diagnosis System\preprocessing\quarantine\duplicates\10. Warts Molluscum and other Viral Infections - 2103\t-warts-cryotherapy-9.jpg,2026-07-26T22:07:27.935651
D:\aadhavan\AI-Based Skin Disease Detection and Preliminary Diagnosis System\dataset\10. Warts Molluscum and other Viral Infections - 2103\t-herpes-type-1-recurrent-8.jpg,10. Warts Molluscum and other Viral Infections - 2103,t-herpes-type-1-recurrent-8.jpg,D:\aadhavan\AI-Based Skin Disease Detection and Preliminary Diagnosis System\dataset\10. Warts Molluscum and other Viral Infections - 2103\t-herpes-cutaneous-20.jpg,D:\aadhavan\AI-Based Skin Disease Detection and Preliminary Diagnosis System\preprocessing\quarantine\duplicates\10. Warts Molluscum and other Viral Infections - 2103\t-herpes-type-1-recurrent-8.jpg,2026-07-26T22:07:27.938806
D:\aadhavan\AI-Based Skin Disease Detection and Preliminary Diagnosis System\dataset\10. Warts Molluscum and other Viral Infections - 2103\t-herpes-type-1-recurrent-9.jpg,10. Warts Molluscum and other Viral Infections - 2103,t-herpes-type-1-recurrent-9.jpg,D:\aadhavan\AI-Based Skin Disease Detection and Preliminary Diagnosis System\dataset\10. Warts Molluscum and other Viral Infections - 2103\t-herpes-cutaneous-20.jpg,D:\aadhavan\AI-Based Skin Disease Detection and Preliminary Diagnosis System\preprocessing\quarantine\duplicates\10. Warts Molluscum and other Viral Infections - 2103\t-herpes-type-1-recurrent-9.jpg,2026-07-26T22:07:27.940046
D:\aadhavan\AI-Based Skin Disease Detection and Preliminary Diagnosis System\dataset\10. Warts Molluscum and other Viral Infections - 2103\t-herpes-type-1-recurrent-10.jpg,10. Warts Molluscum and other Viral Infections - 2103,t-herpes-type-1-recurrent-10.jpg,D:\aadhavan\AI-Based Skin Disease Detection and Preliminary Diagnosis System\dataset\10. Warts Molluscum and other Viral Infections - 2103\t-herpes-cutaneous-27.jpg,D:\aadhavan\AI-Based Skin Disease Detection and Preliminary Diagnosis System\preprocessing\quarantine\duplicates\10. Warts Molluscum and other Viral Infections - 2103\t-herpes-type-1-recurrent-10.jpg,2026-07-26T22:07:27.941800
D:\aadhavan\AI-Based Skin Disease Detection and Preliminary Diagnosis System\dataset\10. Warts Molluscum and other Viral Infections - 2103\t-herpes-type-1-recurrent-11.jpg,10. Warts Molluscum and other Viral Infections - 2103,t-herpes-type-1-recurrent-11.jpg,D:\aadhavan\AI-Based Skin Disease Detection and Preliminary Diagnosis System\dataset\10. Warts Molluscum and other Viral Infections - 2103\t-herpes-cutaneous-27.jpg,D:\aadhavan\AI-Based Skin Disease Detection and Preliminary Diagnosis System\preprocessing\quarantine\duplicates\10. Warts Molluscum and other Viral Infections - 2103\t-herpes-type-1-recurrent-11.jpg,2026-07-26T22:07:27.942792
D:\aadhavan\AI-Based Skin Disease Detection and Preliminary Diagnosis System\dataset\10. Warts Molluscum and other Viral Infections - 2103\t-herpes-type-1-recurrent-18.jpg,10. Warts Molluscum and other Viral Infections - 2103,t-herpes-type-1-recurrent-18.jpg,D:\aadhavan\AI-Based Skin Disease Detection and Preliminary Diagnosis System\dataset\10. Warts Molluscum and other Viral Infections - 2103\t-herpes-cutaneous-36.jpg,D:\aadhavan\AI-Based Skin Disease Detection and Preliminary Diagnosis System\preprocessing\quarantine\duplicates\10. Warts Molluscum and other Viral Infections - 2103\t-herpes-type-1-recurrent-18.jpg,2026-07-26T22:07:27.944774
D:\aadhavan\AI-Based Skin Disease Detection and Preliminary Diagnosis System\dataset\10. Warts Molluscum and other Viral Infections - 2103\t-herpes-type-1-recurrent-19.jpg,10. Warts Molluscum and other Viral Infections - 2103,t-herpes-type-1-recurrent-19.jpg,D:\aadhavan\AI-Based Skin Disease Detection and Preliminary Diagnosis System\dataset\10. Warts Molluscum and other Viral Infections - 2103\t-herpes-cutaneous-37.jpg,D:\aadhavan\AI-Based Skin Disease Detection and Preliminary Diagnosis System\preprocessing\quarantine\duplicates\10. Warts Molluscum and other Viral Infections - 2103\t-herpes-type-1-recurrent-19.jpg,2026-07-26T22:07:27.946383
D:\aadhavan\AI-Based Skin Disease Detection and Preliminary Diagnosis System\dataset\10. Warts Molluscum and other Viral Infections - 2103\t-herpes-type-1-recurrent-20.jpg,10. Warts Molluscum and other Viral Infections - 2103,t-herpes-type-1-recurrent-20.jpg,D:\aadhavan\AI-Based Skin Disease Detection and Preliminary Diagnosis System\dataset\10. Warts Molluscum and other Viral Infections - 2103\t-herpes-cutaneous-37.jpg,D:\aadhavan\AI-Based Skin Disease Detection and Preliminary Diagnosis System\preprocessing\quarantine\duplicates\10. Warts Molluscum and other Viral Infections - 2103\t-herpes-type-1-recurrent-20.jpg,2026-07-26T22:07:27.947136
D:\aadhavan\AI-Based Skin Disease Detection and Preliminary Diagnosis System\dataset\10. Warts Molluscum and other Viral Infections - 2103\t-herpes-type-1-recurrent-21.jpg,10. Warts Molluscum and other Viral Infections - 2103,t-herpes-type-1-recurrent-21.jpg,D:\aadhavan\AI-Based Skin Disease Detection and Preliminary Diagnosis System\dataset\10. Warts Molluscum and other Viral Infections - 2103\t-herpes-cutaneous-38.jpg,D:\aadhavan\AI-Based Skin Disease Detection and Preliminary Diagnosis System\preprocessing\quarantine\duplicates\10. Warts Molluscum and other Viral Infections - 2103\t-herpes-type-1-recurrent-21.jpg,2026-07-26T22:07:27.948098
D:\aadhavan\AI-Based Skin Disease Detection and Preliminary Diagnosis System\dataset\10. Warts Molluscum and other Viral Infections - 2103\t-herpes-type-1-recurrent-22.jpg,10. Warts Molluscum and other Viral Infections - 2103,t-herpes-type-1-recurrent-22.jpg,D:\aadhavan\AI-Based Skin Disease Detection and Preliminary Diagnosis System\dataset\10. Warts Molluscum and other Viral Infections - 2103\t-herpes-cutaneous-39.jpg,D:\aadhavan\AI-Based Skin Disease Detection and Preliminary Diagnosis System\preprocessing\quarantine\duplicates\10. Warts Molluscum and other Viral Infections - 2103\t-herpes-type-1-recurrent-22.jpg,2026-07-26T22:07:27.949192
D:\aadhavan\AI-Based Skin Disease Detection and Preliminary Diagnosis System\dataset\10. Warts Molluscum and other Viral Infections - 2103\t-herpes-type-1-recurrent-24.jpg,10. Warts Molluscum and other Viral Infections - 2103,t-herpes-type-1-recurrent-24.jpg,D:\aadhavan\AI-Based Skin Disease Detection and Preliminary Diagnosis System\dataset\10. Warts Molluscum and other Viral Infections - 2103\t-herpes-cutaneous-40.jpg,D:\aadhavan\AI-Based Skin Disease Detection and Preliminary Diagnosis System\preprocessing\quarantine\duplicates\10. Warts Molluscum and other Viral Infections - 2103\t-herpes-type-1-recurrent-24.jpg,2026-07-26T22:07:27.951118
D:\aadhavan\AI-Based Skin Disease Detection and Preliminary Diagnosis System\dataset\10. Warts Molluscum and other Viral Infections - 2103\v-herpes-simplex-58.jpg,10. Warts Molluscum and other Viral Infections - 2103,v-herpes-simplex-58.jpg,D:\aadhavan\AI-Based Skin Disease Detection and Preliminary Diagnosis System\dataset\10. Warts Molluscum and other Viral Infections - 2103\t-herpes-cutaneous-40.jpg,D:\aadhavan\AI-Based Skin Disease Detection and Preliminary Diagnosis System\preprocessing\quarantine\duplicates\10. Warts Molluscum and other Viral Infections - 2103\v-herpes-simplex-58.jpg,2026-07-26T22:07:27.951715
D:\aadhavan\AI-Based Skin Disease Detection and Preliminary Diagnosis System\dataset\10. Warts Molluscum and other Viral Infections - 2103\t-herpes-type-1-recurrent-25.jpg,10. Warts Molluscum and other Viral Infections - 2103,t-herpes-type-1-recurrent-25.jpg,D:\aadhavan\AI-Based Skin Disease Detection and Preliminary Diagnosis System\dataset\10. Warts Molluscum and other Viral Infections - 2103\t-herpes-cutaneous-45.jpg,D:\aadhavan\AI-Based Skin Disease Detection and Preliminary Diagnosis System\preprocessing\quarantine\duplicates\10. Warts Molluscum and other Viral Infections - 2103\t-herpes-type-1-recurrent-25.jpg,2026-07-26T22:07:27.952884
D:\aadhavan\AI-Based Skin Disease Detection and Preliminary Diagnosis System\dataset\10. Warts Molluscum and other Viral Infections - 2103\t-herpes-type-1-recurrent-27.jpg,10. Warts Molluscum and other Viral Infections - 2103,t-herpes-type-1-recurrent-27.jpg,D:\aadhavan\AI-Based Skin Disease Detection and Preliminary Diagnosis System\dataset\10. Warts Molluscum and other Viral Infections - 2103\t-herpes-cutaneous-50.jpg,D:\aadhavan\AI-Based Skin Disease Detection and Preliminary Diagnosis System\preprocessing\quarantine\duplicates\10. Warts Molluscum and other Viral Infections - 2103\t-herpes-type-1-recurrent-27.jpg,2026-07-26T22:07:27.954577
D:\aadhavan\AI-Based Skin Disease Detection and Preliminary Diagnosis System\dataset\10. Warts Molluscum and other Viral Infections - 2103\v-herpes-simplex-59.jpg,10. Warts Molluscum and other Viral Infections - 2103,v-herpes-simplex-59.jpg,D:\aadhavan\AI-Based Skin Disease Detection and Preliminary Diagnosis System\dataset\10. Warts Molluscum and other Viral Infections - 2103\t-herpes-cutaneous-52.jpg,D:\aadhavan\AI-Based Skin Disease Detection and Preliminary Diagnosis System\preprocessing\quarantine\duplicates\10. Warts Molluscum and other Viral Infections - 2103\v-herpes-simplex-59.jpg,2026-07-26T22:07:27.956304
D:\aadhavan\AI-Based Skin Disease Detection and Preliminary Diagnosis System\dataset\10. Warts Molluscum and other Viral Infections - 2103\t-herpes-simplex-57.jpg,10. Warts Molluscum and other Viral Infections - 2103,t-herpes-simplex-57.jpg,D:\aadhavan\AI-Based Skin Disease Detection and Preliminary Diagnosis System\dataset\10. Warts Molluscum and other Viral Infections - 2103\t-herpes-cutaneous-53.jpg,D:\aadhavan\AI-Based Skin Disease Detection and Preliminary Diagnosis System\preprocessing\quarantine\duplicates\10. Warts Molluscum and other Viral Infections - 2103\t-herpes-simplex-57.jpg,2026-07-26T22:07:27.958110
D:\aadhavan\AI-Based Skin Disease Detection and Preliminary Diagnosis System\dataset\10. Warts Molluscum and other Viral Infections - 2103\t-herpes-zoster-87.jpg,10. Warts Molluscum and other Viral Infections - 2103,t-herpes-zoster-87.jpg,D:\aadhavan\AI-Based Skin Disease Detection and Preliminary Diagnosis System\dataset\10. Warts Molluscum and other Viral Infections - 2103\t-herpes-simplex-56.jpg,D:\aadhavan\AI-Based Skin Disease Detection and Preliminary Diagnosis System\preprocessing\quarantine\duplicates\10. Warts Molluscum and other Viral Infections - 2103\t-herpes-zoster-87.jpg,2026-07-26T22:07:27.959678
D:\aadhavan\AI-Based Skin Disease Detection and Preliminary Diagnosis System\dataset\10. Warts Molluscum and other Viral Infections - 2103\v-herpes-zoster-99.jpg,10. Warts Molluscum and other Viral Infections - 2103,v-herpes-zoster-99.jpg,D:\aadhavan\AI-Based Skin Disease Detection and Preliminary Diagnosis System\dataset\10. Warts Molluscum and other Viral Infections - 2103\t-herpes-zoster-100.jpg,D:\aadhavan\AI-Based Skin Disease Detection and Preliminary Diagnosis System\preprocessing\quarantine\duplicates\10. Warts Molluscum and other Viral Infections - 2103\v-herpes-zoster-99.jpg,2026-07-26T22:07:27.961576
D:\aadhavan\AI-Based Skin Disease Detection and Preliminary Diagnosis System\dataset\10. Warts Molluscum and other Viral Infections - 2103\t-herpes-zoster-102.jpg,10. Warts Molluscum and other Viral Infections - 2103,t-herpes-zoster-102.jpg,D:\aadhavan\AI-Based Skin Disease Detection and Preliminary Diagnosis System\dataset\10. Warts Molluscum and other Viral Infections - 2103\t-herpes-zoster-101.jpg,D:\aadhavan\AI-Based Skin Disease Detection and Preliminary Diagnosis System\preprocessing\quarantine\duplicates\10. Warts Molluscum and other Viral Infections - 2103\t-herpes-zoster-102.jpg,2026-07-26T22:07:27.963256
D:\aadhavan\AI-Based Skin Disease Detection and Preliminary Diagnosis System\dataset\10. Warts Molluscum and other Viral Infections - 2103\t-herpes-zoster-83.jpg,10. Warts Molluscum and other Viral Infections - 2103,t-herpes-zoster-83.jpg,D:\aadhavan\AI-Based Skin Disease Detection and Preliminary Diagnosis System\dataset\10. Warts Molluscum and other Viral Infections - 2103\t-herpes-zoster-82.jpg,D:\aadhavan\AI-Based Skin Disease Detection and Preliminary Diagnosis System\preprocessing\quarantine\duplicates\10. Warts Molluscum and other Viral Infections - 2103\t-herpes-zoster-83.jpg,2026-07-26T22:07:27.964480
D:\aadhavan\AI-Based Skin Disease Detection and Preliminary Diagnosis System\dataset\10. Warts Molluscum and other Viral Infections - 2103\t-herpes-zoster-98.jpg,10. Warts Molluscum and other Viral Infections - 2103,t-herpes-zoster-98.jpg,D:\aadhavan\AI-Based Skin Disease Detection and Preliminary Diagnosis System\dataset\10. Warts Molluscum and other Viral Infections - 2103\t-herpes-zoster-91.jpg,D:\aadhavan\AI-Based Skin Disease Detection and Preliminary Diagnosis System\preprocessing\quarantine\duplicates\10. Warts Molluscum and other Viral Infections - 2103\t-herpes-zoster-98.jpg,2026-07-26T22:07:27.966162
D:\aadhavan\AI-Based Skin Disease Detection and Preliminary Diagnosis System\dataset\10. Warts Molluscum and other Viral Infections - 2103\v-herpes-simplex-55.jpg,10. Warts Molluscum and other Viral Infections - 2103,v-herpes-simplex-55.jpg,D:\aadhavan\AI-Based Skin Disease Detection and Preliminary Diagnosis System\dataset\10. Warts Molluscum and other Viral Infections - 2103\t-herpes-zoster-97.jpg,D:\aadhavan\AI-Based Skin Disease Detection and Preliminary Diagnosis System\preprocessing\quarantine\duplicates\10. Warts Molluscum and other Viral Infections - 2103\v-herpes-simplex-55.jpg,2026-07-26T22:07:27.967626
D:\aadhavan\AI-Based Skin Disease Detection and Preliminary Diagnosis System\dataset\10. Warts Molluscum and other Viral Infections - 2103\v-varicella-12.jpg,10. Warts Molluscum and other Viral Infections - 2103,v-varicella-12.jpg,D:\aadhavan\AI-Based Skin Disease Detection and Preliminary Diagnosis System\dataset\10. Warts Molluscum and other Viral Infections - 2103\t-varicella-11.jpg,D:\aadhavan\AI-Based Skin Disease Detection and Preliminary Diagnosis System\preprocessing\quarantine\duplicates\10. Warts Molluscum and other Viral Infections - 2103\v-varicella-12.jpg,2026-07-26T22:07:27.969630
D:\aadhavan\AI-Based Skin Disease Detection and Preliminary Diagnosis System\dataset\10. Warts Molluscum and other Viral Infections - 2103\t-warts-common-30.jpg,10. Warts Molluscum and other Viral Infections - 2103,t-warts-common-30.jpg,D:\aadhavan\AI-Based Skin Disease Detection and Preliminary Diagnosis System\dataset\10. Warts Molluscum and other Viral Infections - 2103\t-warts-digitate-12.jpg,D:\aadhavan\AI-Based Skin Disease Detection and Preliminary Diagnosis System\preprocessing\quarantine\duplicates\10. Warts Molluscum and other Viral Infections - 2103\t-warts-common-30.jpg,2026-07-26T22:07:27.971864
D:\aadhavan\AI-Based Skin Disease Detection and Preliminary Diagnosis System\dataset\10. Warts Molluscum and other Viral Infections - 2103\t-warts-common-32.jpg,10. Warts Molluscum and other Viral Infections - 2103,t-warts-common-32.jpg,D:\aadhavan\AI-Based Skin Disease Detection and Preliminary Diagnosis System\dataset\10. Warts Molluscum and other Viral Infections - 2103\t-warts-digitate-13.jpg,D:\aadhavan\AI-Based Skin Disease Detection and Preliminary Diagnosis System\preprocessing\quarantine\duplicates\10. Warts Molluscum and other Viral Infections - 2103\t-warts-common-32.jpg,2026-07-26T22:07:27.973275
D:\aadhavan\AI-Based Skin Disease Detection and Preliminary Diagnosis System\dataset\10. Warts Molluscum and other Viral Infections - 2103\t-warts-common-33.jpg,10. Warts Molluscum and other Viral Infections - 2103,t-warts-common-33.jpg,D:\aadhavan\AI-Based Skin Disease Detection and Preliminary Diagnosis System\dataset\10. Warts Molluscum and other Viral Infections - 2103\t-warts-periungual-6.jpg,D:\aadhavan\AI-Based Skin Disease Detection and Preliminary Diagnosis System\preprocessing\quarantine\duplicates\10. Warts Molluscum and other Viral Infections - 2103\t-warts-common-33.jpg,2026-07-26T22:07:27.975682
D:\aadhavan\AI-Based Skin Disease Detection and Preliminary Diagnosis System\dataset\10. Warts Molluscum and other Viral Infections - 2103\t-warts-plantar-90.jpg,10. Warts Molluscum and other Viral Infections - 2103,t-warts-plantar-90.jpg,D:\aadhavan\AI-Based Skin Disease Detection and Preliminary Diagnosis System\dataset\10. Warts Molluscum and other Viral Infections - 2103\t-warts-periungual-6.jpg,D:\aadhavan\AI-Based Skin Disease Detection and Preliminary Diagnosis System\preprocessing\quarantine\duplicates\10. Warts Molluscum and other Viral Infections - 2103\t-warts-plantar-90.jpg,2026-07-26T22:07:27.977029
D:\aadhavan\AI-Based Skin Disease Detection and Preliminary Diagnosis System\dataset\10. Warts Molluscum and other Viral Infections - 2103\t-warts-common-35.jpg,10. Warts Molluscum and other Viral Infections - 2103,t-warts-common-35.jpg,D:\aadhavan\AI-Based Skin Disease Detection and Preliminary Diagnosis System\dataset\10. Warts Molluscum and other Viral Infections - 2103\t-warts-plantar-88.jpg,D:\aadhavan\AI-Based Skin Disease Detection and Preliminary Diagnosis System\preprocessing\quarantine\duplicates\10. Warts Molluscum and other Viral Infections - 2103\t-warts-common-35.jpg,2026-07-26T22:07:27.979573
D:\aadhavan\AI-Based Skin Disease Detection and Preliminary Diagnosis System\dataset\10. Warts Molluscum and other Viral Infections - 2103\t-warts-common-36.jpg,10. Warts Molluscum and other Viral Infections - 2103,t-warts-common-36.jpg,D:\aadhavan\AI-Based Skin Disease Detection and Preliminary Diagnosis System\dataset\10. Warts Molluscum and other Viral Infections - 2103\t-warts-plantar-88.jpg,D:\aadhavan\AI-Based Skin Disease Detection and Preliminary Diagnosis System\preprocessing\quarantine\duplicates\10. Warts Molluscum and other Viral Infections - 2103\t-warts-common-36.jpg,2026-07-26T22:07:27.981231
D:\aadhavan\AI-Based Skin Disease Detection and Preliminary Diagnosis System\dataset\10. Warts Molluscum and other Viral Infections - 2103\t-warts-flat-47.jpg,10. Warts Molluscum and other Viral Infections - 2103,t-warts-flat-47.jpg,D:\aadhavan\AI-Based Skin Disease Detection and Preliminary Diagnosis System\dataset\10. Warts Molluscum and other Viral Infections - 2103\t-warts-common-51.jpg,D:\aadhavan\AI-Based Skin Disease Detection and Preliminary Diagnosis System\preprocessing\quarantine\duplicates\10. Warts Molluscum and other Viral Infections - 2103\t-warts-flat-47.jpg,2026-07-26T22:07:27.984005
D:\aadhavan\AI-Based Skin Disease Detection and Preliminary Diagnosis System\dataset\10. Warts Molluscum and other Viral Infections - 2103\t-warts-flat-49.jpg,10. Warts Molluscum and other Viral Infections - 2103,t-warts-flat-49.jpg,D:\aadhavan\AI-Based Skin Disease Detection and Preliminary Diagnosis System\dataset\10. Warts Molluscum and other Viral Infections - 2103\t-warts-common-54.jpg,D:\aadhavan\AI-Based Skin Disease Detection and Preliminary Diagnosis System\preprocessing\quarantine\duplicates\10. Warts Molluscum and other Viral Infections - 2103\t-warts-flat-49.jpg,2026-07-26T22:07:27.987413
D:\aadhavan\AI-Based Skin Disease Detection and Preliminary Diagnosis System\dataset\10. Warts Molluscum and other Viral Infections - 2103\t-warts-flat-50.jpg,10. Warts Molluscum and other Viral Infections - 2103,t-warts-flat-50.jpg,D:\aadhavan\AI-Based Skin Disease Detection and Preliminary Diagnosis System\dataset\10. Warts Molluscum and other Viral Infections - 2103\t-warts-common-54.jpg,D:\aadhavan\AI-Based Skin Disease Detection and Preliminary Diagnosis System\preprocessing\quarantine\duplicates\10. Warts Molluscum and other Viral Infections - 2103\t-warts-flat-50.jpg,2026-07-26T22:07:27.988828
D:\aadhavan\AI-Based Skin Disease Detection and Preliminary Diagnosis System\dataset\10. Warts Molluscum and other Viral Infections - 2103\t-warts-cryotherapy-8.jpg,10. Warts Molluscum and other Viral Infections - 2103,t-warts-cryotherapy-8.jpg,D:\aadhavan\AI-Based Skin Disease Detection and Preliminary Diagnosis System\dataset\10. Warts Molluscum and other Viral Infections - 2103\t-warts-cryotherapy-1.jpg,D:\aadhavan\AI-Based Skin Disease Detection and Preliminary Diagnosis System\preprocessing\quarantine\duplicates\10. Warts Molluscum and other Viral Infections - 2103\t-warts-cryotherapy-8.jpg,2026-07-26T22:07:27.991023
D:\aadhavan\AI-Based Skin Disease Detection and Preliminary Diagnosis System\dataset\10. Warts Molluscum and other Viral Infections - 2103\v-warts-cryotherapy-7.jpg,10. Warts Molluscum and other Viral Infections - 2103,v-warts-cryotherapy-7.jpg,D:\aadhavan\AI-Based Skin Disease Detection and Preliminary Diagnosis System\dataset\10. Warts Molluscum and other Viral Infections - 2103\t-warts-cryotherapy-10.jpg,D:\aadhavan\AI-Based Skin Disease Detection and Preliminary Diagnosis System\preprocessing\quarantine\duplicates\10. Warts Molluscum and other Viral Infections - 2103\v-warts-cryotherapy-7.jpg,2026-07-26T22:07:27.993045
D:\aadhavan\AI-Based Skin Disease Detection and Preliminary Diagnosis System\dataset\10. Warts Molluscum and other Viral Infections - 2103\v-12wartCommon0403061.jpg,10. Warts Molluscum and other Viral Infections - 2103,v-12wartCommon0403061.jpg,D:\aadhavan\AI-Based Skin Disease Detection and Preliminary Diagnosis System\dataset\10. Warts Molluscum and other Viral Infections - 2103\t-warts-digitate-15.jpg,D:\aadhavan\AI-Based Skin Disease Detection and Preliminary Diagnosis System\preprocessing\quarantine\duplicates\10. Warts Molluscum and other Viral Infections - 2103\v-12wartCommon0403061.jpg,2026-07-26T22:07:27.994885
D:\aadhavan\AI-Based Skin Disease Detection and Preliminary Diagnosis System\dataset\10. Warts Molluscum and other Viral Infections - 2103\t-warts-oral-8.jpg,10. Warts Molluscum and other Viral Infections - 2103,t-warts-oral-8.jpg,D:\aadhavan\AI-Based Skin Disease Detection and Preliminary Diagnosis System\dataset\10. Warts Molluscum and other Viral Infections - 2103\t-warts-digitate-21.jpg,D:\aadhavan\AI-Based Skin Disease Detection and Preliminary Diagnosis System\preprocessing\quarantine\duplicates\10. Warts Molluscum and other Viral Infections - 2103\t-warts-oral-8.jpg,2026-07-26T22:07:27.996798
D:\aadhavan\AI-Based Skin Disease Detection and Preliminary Diagnosis System\dataset\10. Warts Molluscum and other Viral Infections - 2103\v-warts-digitate-22.jpg,10. Warts Molluscum and other Viral Infections - 2103,v-warts-digitate-22.jpg,D:\aadhavan\AI-Based Skin Disease Detection and Preliminary Diagnosis System\dataset\10. Warts Molluscum and other Viral Infections - 2103\t-warts-digitate-3.jpg,D:\aadhavan\AI-Based Skin Disease Detection and Preliminary Diagnosis System\preprocessing\quarantine\duplicates\10. Warts Molluscum and other Viral Infections - 2103\v-warts-digitate-22.jpg,2026-07-26T22:07:27.999164
D:\aadhavan\AI-Based Skin Disease Detection and Preliminary Diagnosis System\dataset\10. Warts Molluscum and other Viral Infections - 2103\t-warts-flat-11.jpg,10. Warts Molluscum and other Viral Infections - 2103,t-warts-flat-11.jpg,D:\aadhavan\AI-Based Skin Disease Detection and Preliminary Diagnosis System\dataset\10. Warts Molluscum and other Viral Infections - 2103\t-warts-flat-10.jpg,D:\aadhavan\AI-Based Skin Disease Detection and Preliminary Diagnosis System\preprocessing\quarantine\duplicates\10. Warts Molluscum and other Viral Infections - 2103\t-warts-flat-11.jpg,2026-07-26T22:07:28.000941
D:\aadhavan\AI-Based Skin Disease Detection and Preliminary Diagnosis System\dataset\10. Warts Molluscum and other Viral Infections - 2103\v-warts-flat-39.jpg,10. Warts Molluscum and other Viral Infections - 2103,v-warts-flat-39.jpg,D:\aadhavan\AI-Based Skin Disease Detection and Preliminary Diagnosis System\dataset\10. Warts Molluscum and other Viral Infections - 2103\t-warts-flat-13.jpg,D:\aadhavan\AI-Based Skin Disease Detection and Preliminary Diagnosis System\preprocessing\quarantine\duplicates\10. Warts Molluscum and other Viral Infections - 2103\v-warts-flat-39.jpg,2026-07-26T22:07:28.002731
D:\aadhavan\AI-Based Skin Disease Detection and Preliminary Diagnosis System\dataset\10. Warts Molluscum and other Viral Infections - 2103\t-warts-flat-32.jpg,10. Warts Molluscum and other Viral Infections - 2103,t-warts-flat-32.jpg,D:\aadhavan\AI-Based Skin Disease Detection and Preliminary Diagnosis System\dataset\10. Warts Molluscum and other Viral Infections - 2103\t-warts-flat-29.jpg,D:\aadhavan\AI-Based Skin Disease Detection and Preliminary Diagnosis System\preprocessing\quarantine\duplicates\10. Warts Molluscum and other Viral Infections - 2103\t-warts-flat-32.jpg,2026-07-26T22:07:28.004288
D:\aadhavan\AI-Based Skin Disease Detection and Preliminary Diagnosis System\dataset\10. Warts Molluscum and other Viral Infections - 2103\t-warts-flat-35.jpg,10. Warts Molluscum and other Viral Infections - 2103,t-warts-flat-35.jpg,D:\aadhavan\AI-Based Skin Disease Detection and Preliminary Diagnosis System\dataset\10. Warts Molluscum and other Viral Infections - 2103\t-warts-flat-34.jpg,D:\aadhavan\AI-Based Skin Disease Detection and Preliminary Diagnosis System\preprocessing\quarantine\duplicates\10. Warts Molluscum and other Viral Infections - 2103\t-warts-flat-35.jpg,2026-07-26T22:07:28.005167
D:\aadhavan\AI-Based Skin Disease Detection and Preliminary Diagnosis System\dataset\10. Warts Molluscum and other Viral Infections - 2103\v-warts-common-53.jpg,10. Warts Molluscum and other Viral Infections - 2103,v-warts-common-53.jpg,D:\aadhavan\AI-Based Skin Disease Detection and Preliminary Diagnosis System\dataset\10. Warts Molluscum and other Viral Infections - 2103\t-warts-flat-48.jpg,D:\aadhavan\AI-Based Skin Disease Detection and Preliminary Diagnosis System\preprocessing\quarantine\duplicates\10. Warts Molluscum and other Viral Infections - 2103\v-warts-common-53.jpg,2026-07-26T22:07:28.006871
D:\aadhavan\AI-Based Skin Disease Detection and Preliminary Diagnosis System\dataset\10. Warts Molluscum and other Viral Infections - 2103\t-warts-oral-9.jpg,10. Warts Molluscum and other Viral Infections - 2103,t-warts-oral-9.jpg,D:\aadhavan\AI-Based Skin Disease Detection and Preliminary Diagnosis System\dataset\10. Warts Molluscum and other Viral Infections - 2103\t-warts-immunocompromised-11.jpg,D:\aadhavan\AI-Based Skin Disease Detection and Preliminary Diagnosis System\preprocessing\quarantine\duplicates\10. Warts Molluscum and other Viral Infections - 2103\t-warts-oral-9.jpg,2026-07-26T22:07:28.008812
D:\aadhavan\AI-Based Skin Disease Detection and Preliminary Diagnosis System\dataset\10. Warts Molluscum and other Viral Infections - 2103\t-warts-oral-7.jpg,10. Warts Molluscum and other Viral Infections - 2103,t-warts-oral-7.jpg,D:\aadhavan\AI-Based Skin Disease Detection and Preliminary Diagnosis System\dataset\10. Warts Molluscum and other Viral Infections - 2103\t-warts-immunocompromised-9.jpg,D:\aadhavan\AI-Based Skin Disease Detection and Preliminary Diagnosis System\preprocessing\quarantine\duplicates\10. Warts Molluscum and other Viral Infections - 2103\t-warts-oral-7.jpg,2026-07-26T22:07:28.010256
D:\aadhavan\AI-Based Skin Disease Detection and Preliminary Diagnosis System\dataset\10. Warts Molluscum and other Viral Infections - 2103\t-warts-treatment-3.jpg,10. Warts Molluscum and other Viral Infections - 2103,t-warts-treatment-3.jpg,D:\aadhavan\AI-Based Skin Disease Detection and Preliminary Diagnosis System\dataset\10. Warts Molluscum and other Viral Infections - 2103\t-warts-immunocompromised-9.jpg,D:\aadhavan\AI-Based Skin Disease Detection and Preliminary Diagnosis System\preprocessing\quarantine\duplicates\10. Warts Molluscum and other Viral Infections - 2103\t-warts-treatment-3.jpg,2026-07-26T22:07:28.011440
D:\aadhavan\AI-Based Skin Disease Detection and Preliminary Diagnosis System\dataset\10. Warts Molluscum and other Viral Infections - 2103\t-warts-plantar-110.jpg,10. Warts Molluscum and other Viral Infections - 2103,t-warts-plantar-110.jpg,D:\aadhavan\AI-Based Skin Disease Detection and Preliminary Diagnosis System\dataset\10. Warts Molluscum and other Viral Infections - 2103\t-warts-plantar-109.jpg,D:\aadhavan\AI-Based Skin Disease Detection and Preliminary Diagnosis System\preprocessing\quarantine\duplicates\10. Warts Molluscum and other Viral Infections - 2103\t-warts-plantar-110.jpg,2026-07-26T22:07:28.013449
D:\aadhavan\AI-Based Skin Disease Detection and Preliminary Diagnosis System\dataset\10. Warts Molluscum and other Viral Infections - 2103\v-12PeriungualWart.jpg,10. Warts Molluscum and other Viral Infections - 2103,v-12PeriungualWart.jpg,D:\aadhavan\AI-Based Skin Disease Detection and Preliminary Diagnosis System\dataset\10. Warts Molluscum and other Viral Infections - 2103\t-warts-plantar-116.jpg,D:\aadhavan\AI-Based Skin Disease Detection and Preliminary Diagnosis System\preprocessing\quarantine\duplicates\10. Warts Molluscum and other Viral Infections - 2103\v-12PeriungualWart.jpg,2026-07-26T22:07:28.015098
D:\aadhavan\AI-Based Skin Disease Detection and Preliminary Diagnosis System\dataset\10. Warts Molluscum and other Viral Infections - 2103\t-warts-plantar-77.jpg,10. Warts Molluscum and other Viral Infections - 2103,t-warts-plantar-77.jpg,D:\aadhavan\AI-Based Skin Disease Detection and Preliminary Diagnosis System\dataset\10. Warts Molluscum and other Viral Infections - 2103\t-warts-treatment-1.jpg,D:\aadhavan\AI-Based Skin Disease Detection and Preliminary Diagnosis System\preprocessing\quarantine\duplicates\10. Warts Molluscum and other Viral Infections - 2103\t-warts-plantar-77.jpg,2026-07-26T22:07:28.016735
D:\aadhavan\AI-Based Skin Disease Detection and Preliminary Diagnosis System\dataset\10. Warts Molluscum and other Viral Infections - 2103\v-herpes-type-1-recurrent-7.jpg,10. Warts Molluscum and other Viral Infections - 2103,v-herpes-type-1-recurrent-7.jpg,D:\aadhavan\AI-Based Skin Disease Detection and Preliminary Diagnosis System\dataset\10. Warts Molluscum and other Viral Infections - 2103\v-herpes-mouth-11.jpg,D:\aadhavan\AI-Based Skin Disease Detection and Preliminary Diagnosis System\preprocessing\quarantine\duplicates\10. Warts Molluscum and other Viral Infections - 2103\v-herpes-type-1-recurrent-7.jpg,2026-07-26T22:07:28.018850
D:\aadhavan\AI-Based Skin Disease Detection and Preliminary Diagnosis System\dataset\10. Warts Molluscum and other Viral Infections - 2103\v-warts-plantar-71.jpg,10. Warts Molluscum and other Viral Infections - 2103,v-warts-plantar-71.jpg,D:\aadhavan\AI-Based Skin Disease Detection and Preliminary Diagnosis System\dataset\10. Warts Molluscum and other Viral Infections - 2103\v-warts-plantar-70.jpg,D:\aadhavan\AI-Based Skin Disease Detection and Preliminary Diagnosis System\preprocessing\quarantine\duplicates\10. Warts Molluscum and other Viral Infections - 2103\v-warts-plantar-71.jpg,2026-07-26T22:07:28.020704
D:\aadhavan\AI-Based Skin Disease Detection and Preliminary Diagnosis System\dataset\2. Melanoma 15.75k\ISIC_7528783.jpg,2. Melanoma 15.75k,ISIC_7528783.jpg,D:\aadhavan\AI-Based Skin Disease Detection and Preliminary Diagnosis System\dataset\2. Melanoma 15.75k\ISIC_6689310.jpg,D:\aadhavan\AI-Based Skin Disease Detection and Preliminary Diagnosis System\preprocessing\quarantine\duplicates\2. Melanoma 15.75k\ISIC_7528783.jpg,2026-07-26T22:07:28.022211
D:\aadhavan\AI-Based Skin Disease Detection and Preliminary Diagnosis System\dataset\2. Melanoma 15.75k\ISIC_6856100.jpg,2. Melanoma 15.75k,ISIC_6856100.jpg,D:\aadhavan\AI-Based Skin Disease Detection and Preliminary Diagnosis System\dataset\2. Melanoma 15.75k\ISIC_6696536.jpg,D:\aadhavan\AI-Based Skin Disease Detection and Preliminary Diagnosis System\preprocessing\quarantine\duplicates\2. Melanoma 15.75k\ISIC_6856100.jpg,2026-07-26T22:07:28.023526
D:\aadhavan\AI-Based Skin Disease Detection and Preliminary Diagnosis System\dataset\2. Melanoma 15.75k\ISIC_6804655.jpg,2. Melanoma 15.75k,ISIC_6804655.jpg,D:\aadhavan\AI-Based Skin Disease Detection and Preliminary Diagnosis System\dataset\5. Melanocytic Nevi (NV) - 7970\ISIC_0012523_downsampled.jpg,D:\aadhavan\AI-Based Skin Disease Detection and Preliminary Diagnosis System\preprocessing\quarantine\duplicates\2. Melanoma 15.75k\ISIC_6804655.jpg,2026-07-26T22:07:28.025006
D:\aadhavan\AI-Based Skin Disease Detection and Preliminary Diagnosis System\dataset\2. Melanoma 15.75k\ISIC_6847618.jpg,2. Melanoma 15.75k,ISIC_6847618.jpg,D:\aadhavan\AI-Based Skin Disease Detection and Preliminary Diagnosis System\dataset\5. Melanocytic Nevi (NV) - 7970\ISIC_0016053_downsampled.jpg,D:\aadhavan\AI-Based Skin Disease Detection and Preliminary Diagnosis System\preprocessing\quarantine\duplicates\2. Melanoma 15.75k\ISIC_6847618.jpg,2026-07-26T22:07:28.026455
D:\aadhavan\AI-Based Skin Disease Detection and Preliminary Diagnosis System\dataset\2. Melanoma 15.75k\ISIC_7311305.jpg,2. Melanoma 15.75k,ISIC_7311305.jpg,D:\aadhavan\AI-Based Skin Disease Detection and Preliminary Diagnosis System\dataset\2. Melanoma 15.75k\ISIC_7146294.jpg,D:\aadhavan\AI-Based Skin Disease Detection and Preliminary Diagnosis System\preprocessing\quarantine\duplicates\2. Melanoma 15.75k\ISIC_7311305.jpg,2026-07-26T22:07:28.027887
D:\aadhavan\AI-Based Skin Disease Detection and Preliminary Diagnosis System\dataset\2. Melanoma 15.75k\ISIC_7311296.jpg,2. Melanoma 15.75k,ISIC_7311296.jpg,D:\aadhavan\AI-Based Skin Disease Detection and Preliminary Diagnosis System\dataset\5. Melanocytic Nevi (NV) - 7970\ISIC_0012551_downsampled.jpg,D:\aadhavan\AI-Based Skin Disease Detection and Preliminary Diagnosis System\preprocessing\quarantine\duplicates\2. Melanoma 15.75k\ISIC_7311296.jpg,2026-07-26T22:07:28.029608
D:\aadhavan\AI-Based Skin Disease Detection and Preliminary Diagnosis System\dataset\2. Melanoma 15.75k\ISIC_7486963.jpg,2. Melanoma 15.75k,ISIC_7486963.jpg,D:\aadhavan\AI-Based Skin Disease Detection and Preliminary Diagnosis System\dataset\2. Melanoma 15.75k\ISIC_7384382.jpg,D:\aadhavan\AI-Based Skin Disease Detection and Preliminary Diagnosis System\preprocessing\quarantine\duplicates\2. Melanoma 15.75k\ISIC_7486963.jpg,2026-07-26T22:07:28.030986
D:\aadhavan\AI-Based Skin Disease Detection and Preliminary Diagnosis System\dataset\2. Melanoma 15.75k\ISIC_7619041.jpg,2. Melanoma 15.75k,ISIC_7619041.jpg,D:\aadhavan\AI-Based Skin Disease Detection and Preliminary Diagnosis System\dataset\5. Melanocytic Nevi (NV) - 7970\ISIC_0012547_downsampled.jpg,D:\aadhavan\AI-Based Skin Disease Detection and Preliminary Diagnosis System\preprocessing\quarantine\duplicates\2. Melanoma 15.75k\ISIC_7619041.jpg,2026-07-26T22:07:28.032198
D:\aadhavan\AI-Based Skin Disease Detection and Preliminary Diagnosis System\dataset\7. Psoriasis pictures Lichen Planus and related diseases - 2k\12_6.jpg,7. Psoriasis pictures Lichen Planus and related diseases - 2k,12_6.jpg,D:\aadhavan\AI-Based Skin Disease Detection and Preliminary Diagnosis System\dataset\3. Atopic Dermatitis - 1.25k\0_10.jpg,D:\aadhavan\AI-Based Skin Disease Detection and Preliminary Diagnosis System\preprocessing\quarantine\duplicates\7. Psoriasis pictures Lichen Planus and related diseases - 2k\12_6.jpg,2026-07-26T22:07:28.033259
D:\aadhavan\AI-Based Skin Disease Detection and Preliminary Diagnosis System\dataset\3. Atopic Dermatitis - 1.25k\6_251.jpg,3. Atopic Dermatitis - 1.25k,6_251.jpg,D:\aadhavan\AI-Based Skin Disease Detection and Preliminary Diagnosis System\dataset\3. Atopic Dermatitis - 1.25k\111_6_3.jpg,D:\aadhavan\AI-Based Skin Disease Detection and Preliminary Diagnosis System\preprocessing\quarantine\duplicates\3. Atopic Dermatitis - 1.25k\6_251.jpg,2026-07-26T22:07:28.034186
D:\aadhavan\AI-Based Skin Disease Detection and Preliminary Diagnosis System\dataset\3. Atopic Dermatitis - 1.25k\6_245.jpg,3. Atopic Dermatitis - 1.25k,6_245.jpg,D:\aadhavan\AI-Based Skin Disease Detection and Preliminary Diagnosis System\dataset\3. Atopic Dermatitis - 1.25k\112_6_4.jpg,D:\aadhavan\AI-Based Skin Disease Detection and Preliminary Diagnosis System\preprocessing\quarantine\duplicates\3. Atopic Dermatitis - 1.25k\6_245.jpg,2026-07-26T22:07:28.035063
D:\aadhavan\AI-Based Skin Disease Detection and Preliminary Diagnosis System\dataset\3. Atopic Dermatitis - 1.25k\6_227.jpg,3. Atopic Dermatitis - 1.25k,6_227.jpg,D:\aadhavan\AI-Based Skin Disease Detection and Preliminary Diagnosis System\dataset\3. Atopic Dermatitis - 1.25k\114_6_5.jpg,D:\aadhavan\AI-Based Skin Disease Detection and Preliminary Diagnosis System\preprocessing\quarantine\duplicates\3. Atopic Dermatitis - 1.25k\6_227.jpg,2026-07-26T22:07:28.036372
D:\aadhavan\AI-Based Skin Disease Detection and Preliminary Diagnosis System\dataset\3. Atopic Dermatitis - 1.25k\6_118.jpg,3. Atopic Dermatitis - 1.25k,6_118.jpg,D:\aadhavan\AI-Based Skin Disease Detection and Preliminary Diagnosis System\dataset\3. Atopic Dermatitis - 1.25k\118_6_11.jpg,D:\aadhavan\AI-Based Skin Disease Detection and Preliminary Diagnosis System\preprocessing\quarantine\duplicates\3. Atopic Dermatitis - 1.25k\6_118.jpg,2026-07-26T22:07:28.037925
D:\aadhavan\AI-Based Skin Disease Detection and Preliminary Diagnosis System\dataset\3. Atopic Dermatitis - 1.25k\6_175.jpg,3. Atopic Dermatitis - 1.25k,6_175.jpg,D:\aadhavan\AI-Based Skin Disease Detection and Preliminary Diagnosis System\dataset\3. Atopic Dermatitis - 1.25k\119_6_10.jpg,D:\aadhavan\AI-Based Skin Disease Detection and Preliminary Diagnosis System\preprocessing\quarantine\duplicates\3. Atopic Dermatitis - 1.25k\6_175.jpg,2026-07-26T22:07:28.039373
D:\aadhavan\AI-Based Skin Disease Detection and Preliminary Diagnosis System\dataset\3. Atopic Dermatitis - 1.25k\6_206.jpg,3. Atopic Dermatitis - 1.25k,6_206.jpg,D:\aadhavan\AI-Based Skin Disease Detection and Preliminary Diagnosis System\dataset\3. Atopic Dermatitis - 1.25k\120_6_12.jpg,D:\aadhavan\AI-Based Skin Disease Detection and Preliminary Diagnosis System\preprocessing\quarantine\duplicates\3. Atopic Dermatitis - 1.25k\6_206.jpg,2026-07-26T22:07:28.040788
D:\aadhavan\AI-Based Skin Disease Detection and Preliminary Diagnosis System\dataset\3. Atopic Dermatitis - 1.25k\6_25.jpg,3. Atopic Dermatitis - 1.25k,6_25.jpg,D:\aadhavan\AI-Based Skin Disease Detection and Preliminary Diagnosis System\dataset\3. Atopic Dermatitis - 1.25k\121_6_13.jpg,D:\aadhavan\AI-Based Skin Disease Detection and Preliminary Diagnosis System\preprocessing\quarantine\duplicates\3. Atopic Dermatitis - 1.25k\6_25.jpg,2026-07-26T22:07:28.042248
D:\aadhavan\AI-Based Skin Disease Detection and Preliminary Diagnosis System\dataset\3. Atopic Dermatitis - 1.25k\6_112.jpg,3. Atopic Dermatitis - 1.25k,6_112.jpg,D:\aadhavan\AI-Based Skin Disease Detection and Preliminary Diagnosis System\dataset\3. Atopic Dermatitis - 1.25k\122_6_14.jpg,D:\aadhavan\AI-Based Skin Disease Detection and Preliminary Diagnosis System\preprocessing\quarantine\duplicates\3. Atopic Dermatitis - 1.25k\6_112.jpg,2026-07-26T22:07:28.043707
D:\aadhavan\AI-Based Skin Disease Detection and Preliminary Diagnosis System\dataset\3. Atopic Dermatitis - 1.25k\6_167.jpg,3. Atopic Dermatitis - 1.25k,6_167.jpg,D:\aadhavan\AI-Based Skin Disease Detection and Preliminary Diagnosis System\dataset\3. Atopic Dermatitis - 1.25k\123_6_15.jpg,D:\aadhavan\AI-Based Skin Disease Detection and Preliminary Diagnosis System\preprocessing\quarantine\duplicates\3. Atopic Dermatitis - 1.25k\6_167.jpg,2026-07-26T22:07:28.045213
D:\aadhavan\AI-Based Skin Disease Detection and Preliminary Diagnosis System\dataset\3. Atopic Dermatitis - 1.25k\6_170.jpg,3. Atopic Dermatitis - 1.25k,6_170.jpg,D:\aadhavan\AI-Based Skin Disease Detection and Preliminary Diagnosis System\dataset\3. Atopic Dermatitis - 1.25k\124_6_17.jpg,D:\aadhavan\AI-Based Skin Disease Detection and Preliminary Diagnosis System\preprocessing\quarantine\duplicates\3. Atopic Dermatitis - 1.25k\6_170.jpg,2026-07-26T22:07:28.046654
D:\aadhavan\AI-Based Skin Disease Detection and Preliminary Diagnosis System\dataset\3. Atopic Dermatitis - 1.25k\6_99.jpg,3. Atopic Dermatitis - 1.25k,6_99.jpg,D:\aadhavan\AI-Based Skin Disease Detection and Preliminary Diagnosis System\dataset\3. Atopic Dermatitis - 1.25k\125_6_16.jpg,D:\aadhavan\AI-Based Skin Disease Detection and Preliminary Diagnosis System\preprocessing\quarantine\duplicates\3. Atopic Dermatitis - 1.25k\6_99.jpg,2026-07-26T22:07:28.047979
D:\aadhavan\AI-Based Skin Disease Detection and Preliminary Diagnosis System\dataset\3. Atopic Dermatitis - 1.25k\6_290.jpg,3. Atopic Dermatitis - 1.25k,6_290.jpg,D:\aadhavan\AI-Based Skin Disease Detection and Preliminary Diagnosis System\dataset\3. Atopic Dermatitis - 1.25k\126_6_18.jpg,D:\aadhavan\AI-Based Skin Disease Detection and Preliminary Diagnosis System\preprocessing\quarantine\duplicates\3. Atopic Dermatitis - 1.25k\6_290.jpg,2026-07-26T22:07:28.049277
D:\aadhavan\AI-Based Skin Disease Detection and Preliminary Diagnosis System\dataset\3. Atopic Dermatitis - 1.25k\6_198.jpg,3. Atopic Dermatitis - 1.25k,6_198.jpg,D:\aadhavan\AI-Based Skin Disease Detection and Preliminary Diagnosis System\dataset\3. Atopic Dermatitis - 1.25k\127_6_19.jpg,D:\aadhavan\AI-Based Skin Disease Detection and Preliminary Diagnosis System\preprocessing\quarantine\duplicates\3. Atopic Dermatitis - 1.25k\6_198.jpg,2026-07-26T22:07:28.050570
D:\aadhavan\AI-Based Skin Disease Detection and Preliminary Diagnosis System\dataset\3. Atopic Dermatitis - 1.25k\6_205.jpg,3. Atopic Dermatitis - 1.25k,6_205.jpg,D:\aadhavan\AI-Based Skin Disease Detection and Preliminary Diagnosis System\dataset\3. Atopic Dermatitis - 1.25k\128_6_20.jpg,D:\aadhavan\AI-Based Skin Disease Detection and Preliminary Diagnosis System\preprocessing\quarantine\duplicates\3. Atopic Dermatitis - 1.25k\6_205.jpg,2026-07-26T22:07:28.051995
D:\aadhavan\AI-Based Skin Disease Detection and Preliminary Diagnosis System\dataset\3. Atopic Dermatitis - 1.25k\6_327.jpg,3. Atopic Dermatitis - 1.25k,6_327.jpg,D:\aadhavan\AI-Based Skin Disease Detection and Preliminary Diagnosis System\dataset\3. Atopic Dermatitis - 1.25k\129_6_22.jpg,D:\aadhavan\AI-Based Skin Disease Detection and Preliminary Diagnosis System\preprocessing\quarantine\duplicates\3. Atopic Dermatitis - 1.25k\6_327.jpg,2026-07-26T22:07:28.053403
D:\aadhavan\AI-Based Skin Disease Detection and Preliminary Diagnosis System\dataset\3. Atopic Dermatitis - 1.25k\6_180.jpg,3. Atopic Dermatitis - 1.25k,6_180.jpg,D:\aadhavan\AI-Based Skin Disease Detection and Preliminary Diagnosis System\dataset\3. Atopic Dermatitis - 1.25k\130_6_21.jpg,D:\aadhavan\AI-Based Skin Disease Detection and Preliminary Diagnosis System\preprocessing\quarantine\duplicates\3. Atopic Dermatitis - 1.25k\6_180.jpg,2026-07-26T22:07:28.054920
D:\aadhavan\AI-Based Skin Disease Detection and Preliminary Diagnosis System\dataset\3. Atopic Dermatitis - 1.25k\6_221.jpg,3. Atopic Dermatitis - 1.25k,6_221.jpg,D:\aadhavan\AI-Based Skin Disease Detection and Preliminary Diagnosis System\dataset\3. Atopic Dermatitis - 1.25k\131_6_23.jpg,D:\aadhavan\AI-Based Skin Disease Detection and Preliminary Diagnosis System\preprocessing\quarantine\duplicates\3. Atopic Dermatitis - 1.25k\6_221.jpg,2026-07-26T22:07:28.056240
D:\aadhavan\AI-Based Skin Disease Detection and Preliminary Diagnosis System\dataset\3. Atopic Dermatitis - 1.25k\6_55.jpg,3. Atopic Dermatitis - 1.25k,6_55.jpg,D:\aadhavan\AI-Based Skin Disease Detection and Preliminary Diagnosis System\dataset\3. Atopic Dermatitis - 1.25k\132_6_24.jpg,D:\aadhavan\AI-Based Skin Disease Detection and Preliminary Diagnosis System\preprocessing\quarantine\duplicates\3. Atopic Dermatitis - 1.25k\6_55.jpg,2026-07-26T22:07:28.057504
D:\aadhavan\AI-Based Skin Disease Detection and Preliminary Diagnosis System\dataset\3. Atopic Dermatitis - 1.25k\6_149.jpg,3. Atopic Dermatitis - 1.25k,6_149.jpg,D:\aadhavan\AI-Based Skin Disease Detection and Preliminary Diagnosis System\dataset\3. Atopic Dermatitis - 1.25k\133_6_25.jpg,D:\aadhavan\AI-Based Skin Disease Detection and Preliminary Diagnosis System\preprocessing\quarantine\duplicates\3. Atopic Dermatitis - 1.25k\6_149.jpg,2026-07-26T22:07:28.058871
D:\aadhavan\AI-Based Skin Disease Detection and Preliminary Diagnosis System\dataset\3. Atopic Dermatitis - 1.25k\6_204.jpg,3. Atopic Dermatitis - 1.25k,6_204.jpg,D:\aadhavan\AI-Based Skin Disease Detection and Preliminary Diagnosis System\dataset\3. Atopic Dermatitis - 1.25k\133_6_25.jpg,D:\aadhavan\AI-Based Skin Disease Detection and Preliminary Diagnosis System\preprocessing\quarantine\duplicates\3. Atopic Dermatitis - 1.25k\6_204.jpg,2026-07-26T22:07:28.059893
D:\aadhavan\AI-Based Skin Disease Detection and Preliminary Diagnosis System\dataset\3. Atopic Dermatitis - 1.25k\6_136.jpg,3. Atopic Dermatitis - 1.25k,6_136.jpg,D:\aadhavan\AI-Based Skin Disease Detection and Preliminary Diagnosis System\dataset\3. Atopic Dermatitis - 1.25k\134_6_26.jpg,D:\aadhavan\AI-Based Skin Disease Detection and Preliminary Diagnosis System\preprocessing\quarantine\duplicates\3. Atopic Dermatitis - 1.25k\6_136.jpg,2026-07-26T22:07:28.061429
D:\aadhavan\AI-Based Skin Disease Detection and Preliminary Diagnosis System\dataset\3. Atopic Dermatitis - 1.25k\6_56.jpg,3. Atopic Dermatitis - 1.25k,6_56.jpg,D:\aadhavan\AI-Based Skin Disease Detection and Preliminary Diagnosis System\dataset\3. Atopic Dermatitis - 1.25k\134_6_26.jpg,D:\aadhavan\AI-Based Skin Disease Detection and Preliminary Diagnosis System\preprocessing\quarantine\duplicates\3. Atopic Dermatitis - 1.25k\6_56.jpg,2026-07-26T22:07:28.062606
D:\aadhavan\AI-Based Skin Disease Detection and Preliminary Diagnosis System\dataset\3. Atopic Dermatitis - 1.25k\6_62.jpg,3. Atopic Dermatitis - 1.25k,6_62.jpg,D:\aadhavan\AI-Based Skin Disease Detection and Preliminary Diagnosis System\dataset\3. Atopic Dermatitis - 1.25k\134_6_26.jpg,D:\aadhavan\AI-Based Skin Disease Detection and Preliminary Diagnosis System\preprocessing\quarantine\duplicates\3. Atopic Dermatitis - 1.25k\6_62.jpg,2026-07-26T22:07:28.063641
D:\aadhavan\AI-Based Skin Disease Detection and Preliminary Diagnosis System\dataset\3. Atopic Dermatitis - 1.25k\6_50.jpg,3. Atopic Dermatitis - 1.25k,6_50.jpg,D:\aadhavan\AI-Based Skin Disease Detection and Preliminary Diagnosis System\dataset\3. Atopic Dermatitis - 1.25k\135_6_27.jpg,D:\aadhavan\AI-Based Skin Disease Detection and Preliminary Diagnosis System\preprocessing\quarantine\duplicates\3. Atopic Dermatitis - 1.25k\6_50.jpg,2026-07-26T22:07:28.064691
D:\aadhavan\AI-Based Skin Disease Detection and Preliminary Diagnosis System\dataset\3. Atopic Dermatitis - 1.25k\6_156.jpg,3. Atopic Dermatitis - 1.25k,6_156.jpg,D:\aadhavan\AI-Based Skin Disease Detection and Preliminary Diagnosis System\dataset\3. Atopic Dermatitis - 1.25k\136_6_29.jpg,D:\aadhavan\AI-Based Skin Disease Detection and Preliminary Diagnosis System\preprocessing\quarantine\duplicates\3. Atopic Dermatitis - 1.25k\6_156.jpg,2026-07-26T22:07:28.065385
D:\aadhavan\AI-Based Skin Disease Detection and Preliminary Diagnosis System\dataset\3. Atopic Dermatitis - 1.25k\6_105.jpg,3. Atopic Dermatitis - 1.25k,6_105.jpg,D:\aadhavan\AI-Based Skin Disease Detection and Preliminary Diagnosis System\dataset\3. Atopic Dermatitis - 1.25k\137_6_28.jpg,D:\aadhavan\AI-Based Skin Disease Detection and Preliminary Diagnosis System\preprocessing\quarantine\duplicates\3. Atopic Dermatitis - 1.25k\6_105.jpg,2026-07-26T22:07:28.066573
D:\aadhavan\AI-Based Skin Disease Detection and Preliminary Diagnosis System\dataset\3. Atopic Dermatitis - 1.25k\1_40.jpg,3. Atopic Dermatitis - 1.25k,1_40.jpg,D:\aadhavan\AI-Based Skin Disease Detection and Preliminary Diagnosis System\dataset\3. Atopic Dermatitis - 1.25k\1_0.jpg,D:\aadhavan\AI-Based Skin Disease Detection and Preliminary Diagnosis System\preprocessing\quarantine\duplicates\3. Atopic Dermatitis - 1.25k\1_40.jpg,2026-07-26T22:07:28.068080
D:\aadhavan\AI-Based Skin Disease Detection and Preliminary Diagnosis System\dataset\3. Atopic Dermatitis - 1.25k\1_39.jpg,3. Atopic Dermatitis - 1.25k,1_39.jpg,D:\aadhavan\AI-Based Skin Disease Detection and Preliminary Diagnosis System\dataset\3. Atopic Dermatitis - 1.25k\1_1.jpg,D:\aadhavan\AI-Based Skin Disease Detection and Preliminary Diagnosis System\preprocessing\quarantine\duplicates\3. Atopic Dermatitis - 1.25k\1_39.jpg,2026-07-26T22:07:28.068919
D:\aadhavan\AI-Based Skin Disease Detection and Preliminary Diagnosis System\dataset\3. Atopic Dermatitis - 1.25k\1_50.jpg,3. Atopic Dermatitis - 1.25k,1_50.jpg,D:\aadhavan\AI-Based Skin Disease Detection and Preliminary Diagnosis System\dataset\3. Atopic Dermatitis - 1.25k\1_3.jpg,D:\aadhavan\AI-Based Skin Disease Detection and Preliminary Diagnosis System\preprocessing\quarantine\duplicates\3. Atopic Dermatitis - 1.25k\1_50.jpg,2026-07-26T22:07:28.069847
D:\aadhavan\AI-Based Skin Disease Detection and Preliminary Diagnosis System\dataset\3. Atopic Dermatitis - 1.25k\1_43.jpg,3. Atopic Dermatitis - 1.25k,1_43.jpg,D:\aadhavan\AI-Based Skin Disease Detection and Preliminary Diagnosis System\dataset\3. Atopic Dermatitis - 1.25k\1_37.jpg,D:\aadhavan\AI-Based Skin Disease Detection and Preliminary Diagnosis System\preprocessing\quarantine\duplicates\3. Atopic Dermatitis - 1.25k\1_43.jpg,2026-07-26T22:07:28.071047
D:\aadhavan\AI-Based Skin Disease Detection and Preliminary Diagnosis System\dataset\3. Atopic Dermatitis - 1.25k\1_51.jpg,3. Atopic Dermatitis - 1.25k,1_51.jpg,D:\aadhavan\AI-Based Skin Disease Detection and Preliminary Diagnosis System\dataset\3. Atopic Dermatitis - 1.25k\1_49.jpg,D:\aadhavan\AI-Based Skin Disease Detection and Preliminary Diagnosis System\preprocessing\quarantine\duplicates\3. Atopic Dermatitis - 1.25k\1_51.jpg,2026-07-26T22:07:28.072132
D:\aadhavan\AI-Based Skin Disease Detection and Preliminary Diagnosis System\dataset\3. Atopic Dermatitis - 1.25k\6_91.jpg,3. Atopic Dermatitis - 1.25k,6_91.jpg,D:\aadhavan\AI-Based Skin Disease Detection and Preliminary Diagnosis System\dataset\3. Atopic Dermatitis - 1.25k\6_103.jpg,D:\aadhavan\AI-Based Skin Disease Detection and Preliminary Diagnosis System\preprocessing\quarantine\duplicates\3. Atopic Dermatitis - 1.25k\6_91.jpg,2026-07-26T22:07:28.073200
D:\aadhavan\AI-Based Skin Disease Detection and Preliminary Diagnosis System\dataset\7. Psoriasis pictures Lichen Planus and related diseases - 2k\16_35.jpg,7. Psoriasis pictures Lichen Planus and related diseases - 2k,16_35.jpg,D:\aadhavan\AI-Based Skin Disease Detection and Preliminary Diagnosis System\dataset\3. Atopic Dermatitis - 1.25k\6_103.jpg,D:\aadhavan\AI-Based Skin Disease Detection and Preliminary Diagnosis System\preprocessing\quarantine\duplicates\7. Psoriasis pictures Lichen Planus and related diseases - 2k\16_35.jpg,2026-07-26T22:07:28.073976
D:\aadhavan\AI-Based Skin Disease Detection and Preliminary Diagnosis System\dataset\3. Atopic Dermatitis - 1.25k\6_297.jpg,3. Atopic Dermatitis - 1.25k,6_297.jpg,D:\aadhavan\AI-Based Skin Disease Detection and Preliminary Diagnosis System\dataset\3. Atopic Dermatitis - 1.25k\6_122.jpg,D:\aadhavan\AI-Based Skin Disease Detection and Preliminary Diagnosis System\preprocessing\quarantine\duplicates\3. Atopic Dermatitis - 1.25k\6_297.jpg,2026-07-26T22:07:28.075361
D:\aadhavan\AI-Based Skin Disease Detection and Preliminary Diagnosis System\dataset\3. Atopic Dermatitis - 1.25k\6_73.jpg,3. Atopic Dermatitis - 1.25k,6_73.jpg,D:\aadhavan\AI-Based Skin Disease Detection and Preliminary Diagnosis System\dataset\3. Atopic Dermatitis - 1.25k\6_122.jpg,D:\aadhavan\AI-Based Skin Disease Detection and Preliminary Diagnosis System\preprocessing\quarantine\duplicates\3. Atopic Dermatitis - 1.25k\6_73.jpg,2026-07-26T22:07:28.076298
D:\aadhavan\AI-Based Skin Disease Detection and Preliminary Diagnosis System\dataset\7. Psoriasis pictures Lichen Planus and related diseases - 2k\16_36.jpg,7. Psoriasis pictures Lichen Planus and related diseases - 2k,16_36.jpg,D:\aadhavan\AI-Based Skin Disease Detection and Preliminary Diagnosis System\dataset\3. Atopic Dermatitis - 1.25k\6_122.jpg,D:\aadhavan\AI-Based Skin Disease Detection and Preliminary Diagnosis System\preprocessing\quarantine\duplicates\7. Psoriasis pictures Lichen Planus and related diseases - 2k\16_36.jpg,2026-07-26T22:07:28.077312
D:\aadhavan\AI-Based Skin Disease Detection and Preliminary Diagnosis System\dataset\7. Psoriasis pictures Lichen Planus and related diseases - 2k\11_37.jpg,7. Psoriasis pictures Lichen Planus and related diseases - 2k,11_37.jpg,D:\aadhavan\AI-Based Skin Disease Detection and Preliminary Diagnosis System\dataset\3. Atopic Dermatitis - 1.25k\6_124.jpg,D:\aadhavan\AI-Based Skin Disease Detection and Preliminary Diagnosis System\preprocessing\quarantine\duplicates\7. Psoriasis pictures Lichen Planus and related diseases - 2k\11_37.jpg,2026-07-26T22:07:28.079175
D:\aadhavan\AI-Based Skin Disease Detection and Preliminary Diagnosis System\dataset\7. Psoriasis pictures Lichen Planus and related diseases - 2k\16_17.jpg,7. Psoriasis pictures Lichen Planus and related diseases - 2k,16_17.jpg,D:\aadhavan\AI-Based Skin Disease Detection and Preliminary Diagnosis System\dataset\3. Atopic Dermatitis - 1.25k\6_127.jpg,D:\aadhavan\AI-Based Skin Disease Detection and Preliminary Diagnosis System\preprocessing\quarantine\duplicates\7. Psoriasis pictures Lichen Planus and related diseases - 2k\16_17.jpg,2026-07-26T22:07:28.080531
D:\aadhavan\AI-Based Skin Disease Detection and Preliminary Diagnosis System\dataset\7. Psoriasis pictures Lichen Planus and related diseases - 2k\16_25.jpg,7. Psoriasis pictures Lichen Planus and related diseases - 2k,16_25.jpg,D:\aadhavan\AI-Based Skin Disease Detection and Preliminary Diagnosis System\dataset\3. Atopic Dermatitis - 1.25k\6_128.jpg,D:\aadhavan\AI-Based Skin Disease Detection and Preliminary Diagnosis System\preprocessing\quarantine\duplicates\7. Psoriasis pictures Lichen Planus and related diseases - 2k\16_25.jpg,2026-07-26T22:07:28.082141
D:\aadhavan\AI-Based Skin Disease Detection and Preliminary Diagnosis System\dataset\7. Psoriasis pictures Lichen Planus and related diseases - 2k\13_30.jpg,7. Psoriasis pictures Lichen Planus and related diseases - 2k,13_30.jpg,D:\aadhavan\AI-Based Skin Disease Detection and Preliminary Diagnosis System\dataset\3. Atopic Dermatitis - 1.25k\6_129.jpg,D:\aadhavan\AI-Based Skin Disease Detection and Preliminary Diagnosis System\preprocessing\quarantine\duplicates\7. Psoriasis pictures Lichen Planus and related diseases - 2k\13_30.jpg,2026-07-26T22:07:28.083773
D:\aadhavan\AI-Based Skin Disease Detection and Preliminary Diagnosis System\dataset\7. Psoriasis pictures Lichen Planus and related diseases - 2k\13_8.jpg,7. Psoriasis pictures Lichen Planus and related diseases - 2k,13_8.jpg,D:\aadhavan\AI-Based Skin Disease Detection and Preliminary Diagnosis System\dataset\3. Atopic Dermatitis - 1.25k\6_138.jpg,D:\aadhavan\AI-Based Skin Disease Detection and Preliminary Diagnosis System\preprocessing\quarantine\duplicates\7. Psoriasis pictures Lichen Planus and related diseases - 2k\13_8.jpg,2026-07-26T22:07:28.085430
D:\aadhavan\AI-Based Skin Disease Detection and Preliminary Diagnosis System\dataset\7. Psoriasis pictures Lichen Planus and related diseases - 2k\9_4.jpg,7. Psoriasis pictures Lichen Planus and related diseases - 2k,9_4.jpg,D:\aadhavan\AI-Based Skin Disease Detection and Preliminary Diagnosis System\dataset\3. Atopic Dermatitis - 1.25k\6_14.jpg,D:\aadhavan\AI-Based Skin Disease Detection and Preliminary Diagnosis System\preprocessing\quarantine\duplicates\7. Psoriasis pictures Lichen Planus and related diseases - 2k\9_4.jpg,2026-07-26T22:07:28.087208
D:\aadhavan\AI-Based Skin Disease Detection and Preliminary Diagnosis System\dataset\7. Psoriasis pictures Lichen Planus and related diseases - 2k\16_28.jpg,7. Psoriasis pictures Lichen Planus and related diseases - 2k,16_28.jpg,D:\aadhavan\AI-Based Skin Disease Detection and Preliminary Diagnosis System\dataset\3. Atopic Dermatitis - 1.25k\6_155.jpg,D:\aadhavan\AI-Based Skin Disease Detection and Preliminary Diagnosis System\preprocessing\quarantine\duplicates\7. Psoriasis pictures Lichen Planus and related diseases - 2k\16_28.jpg,2026-07-26T22:07:28.088062
D:\aadhavan\AI-Based Skin Disease Detection and Preliminary Diagnosis System\dataset\7. Psoriasis pictures Lichen Planus and related diseases - 2k\13_22.jpg,7. Psoriasis pictures Lichen Planus and related diseases - 2k,13_22.jpg,D:\aadhavan\AI-Based Skin Disease Detection and Preliminary Diagnosis System\dataset\3. Atopic Dermatitis - 1.25k\6_158.jpg,D:\aadhavan\AI-Based Skin Disease Detection and Preliminary Diagnosis System\preprocessing\quarantine\duplicates\7. Psoriasis pictures Lichen Planus and related diseases - 2k\13_22.jpg,2026-07-26T22:07:28.089072
D:\aadhavan\AI-Based Skin Disease Detection and Preliminary Diagnosis System\dataset\7. Psoriasis pictures Lichen Planus and related diseases - 2k\16_39.jpg,7. Psoriasis pictures Lichen Planus and related diseases - 2k,16_39.jpg,D:\aadhavan\AI-Based Skin Disease Detection and Preliminary Diagnosis System\dataset\3. Atopic Dermatitis - 1.25k\6_160.jpg,D:\aadhavan\AI-Based Skin Disease Detection and Preliminary Diagnosis System\preprocessing\quarantine\duplicates\7. Psoriasis pictures Lichen Planus and related diseases - 2k\16_39.jpg,2026-07-26T22:07:28.090492
D:\aadhavan\AI-Based Skin Disease Detection and Preliminary Diagnosis System\dataset\7. Psoriasis pictures Lichen Planus and related diseases - 2k\11_32.jpg,7. Psoriasis pictures Lichen Planus and related diseases - 2k,11_32.jpg,D:\aadhavan\AI-Based Skin Disease Detection and Preliminary Diagnosis System\dataset\3. Atopic Dermatitis - 1.25k\6_161.jpg,D:\aadhavan\AI-Based Skin Disease Detection and Preliminary Diagnosis System\preprocessing\quarantine\duplicates\7. Psoriasis pictures Lichen Planus and related diseases - 2k\11_32.jpg,2026-07-26T22:07:28.091813
D:\aadhavan\AI-Based Skin Disease Detection and Preliminary Diagnosis System\dataset\7. Psoriasis pictures Lichen Planus and related diseases - 2k\11_20.jpg,7. Psoriasis pictures Lichen Planus and related diseases - 2k,11_20.jpg,D:\aadhavan\AI-Based Skin Disease Detection and Preliminary Diagnosis System\dataset\3. Atopic Dermatitis - 1.25k\6_163.jpg,D:\aadhavan\AI-Based Skin Disease Detection and Preliminary Diagnosis System\preprocessing\quarantine\duplicates\7. Psoriasis pictures Lichen Planus and related diseases - 2k\11_20.jpg,2026-07-26T22:07:28.093118
D:\aadhavan\AI-Based Skin Disease Detection and Preliminary Diagnosis System\dataset\7. Psoriasis pictures Lichen Planus and related diseases - 2k\16_40.jpg,7. Psoriasis pictures Lichen Planus and related diseases - 2k,16_40.jpg,D:\aadhavan\AI-Based Skin Disease Detection and Preliminary Diagnosis System\dataset\3. Atopic Dermatitis - 1.25k\6_168.jpg,D:\aadhavan\AI-Based Skin Disease Detection and Preliminary Diagnosis System\preprocessing\quarantine\duplicates\7. Psoriasis pictures Lichen Planus and related diseases - 2k\16_40.jpg,2026-07-26T22:07:28.094553
D:\aadhavan\AI-Based Skin Disease Detection and Preliminary Diagnosis System\dataset\7. Psoriasis pictures Lichen Planus and related diseases - 2k\1_4.jpg,7. Psoriasis pictures Lichen Planus and related diseases - 2k,1_4.jpg,D:\aadhavan\AI-Based Skin Disease Detection and Preliminary Diagnosis System\dataset\3. Atopic Dermatitis - 1.25k\6_169.jpg,D:\aadhavan\AI-Based Skin Disease Detection and Preliminary Diagnosis System\preprocessing\quarantine\duplicates\7. Psoriasis pictures Lichen Planus and related diseases - 2k\1_4.jpg,2026-07-26T22:07:28.096079
D:\aadhavan\AI-Based Skin Disease Detection and Preliminary Diagnosis System\dataset\3. Atopic Dermatitis - 1.25k\6_90.jpg,3. Atopic Dermatitis - 1.25k,6_90.jpg,D:\aadhavan\AI-Based Skin Disease Detection and Preliminary Diagnosis System\dataset\3. Atopic Dermatitis - 1.25k\6_174.jpg,D:\aadhavan\AI-Based Skin Disease Detection and Preliminary Diagnosis System\preprocessing\quarantine\duplicates\3. Atopic Dermatitis - 1.25k\6_90.jpg,2026-07-26T22:07:28.097463
D:\aadhavan\AI-Based Skin Disease Detection and Preliminary Diagnosis System\dataset\7. Psoriasis pictures Lichen Planus and related diseases - 2k\16_20.jpg,7. Psoriasis pictures Lichen Planus and related diseases - 2k,16_20.jpg,D:\aadhavan\AI-Based Skin Disease Detection and Preliminary Diagnosis System\dataset\3. Atopic Dermatitis - 1.25k\6_190.jpg,D:\aadhavan\AI-Based Skin Disease Detection and Preliminary Diagnosis System\preprocessing\quarantine\duplicates\7. Psoriasis pictures Lichen Planus and related diseases - 2k\16_20.jpg,2026-07-26T22:07:28.098324
D:\aadhavan\AI-Based Skin Disease Detection and Preliminary Diagnosis System\dataset\7. Psoriasis pictures Lichen Planus and related diseases - 2k\13_18.jpg,7. Psoriasis pictures Lichen Planus and related diseases - 2k,13_18.jpg,D:\aadhavan\AI-Based Skin Disease Detection and Preliminary Diagnosis System\dataset\3. Atopic Dermatitis - 1.25k\6_196.jpg,D:\aadhavan\AI-Based Skin Disease Detection and Preliminary Diagnosis System\preprocessing\quarantine\duplicates\7. Psoriasis pictures Lichen Planus and related diseases - 2k\13_18.jpg,2026-07-26T22:07:28.098966
D:\aadhavan\AI-Based Skin Disease Detection and Preliminary Diagnosis System\dataset\7. Psoriasis pictures Lichen Planus and related diseases - 2k\13_21.jpg,7. Psoriasis pictures Lichen Planus and related diseases - 2k,13_21.jpg,D:\aadhavan\AI-Based Skin Disease Detection and Preliminary Diagnosis System\dataset\3. Atopic Dermatitis - 1.25k\6_199.jpg,D:\aadhavan\AI-Based Skin Disease Detection and Preliminary Diagnosis System\preprocessing\quarantine\duplicates\7. Psoriasis pictures Lichen Planus and related diseases - 2k\13_21.jpg,2026-07-26T22:07:28.100150
D:\aadhavan\AI-Based Skin Disease Detection and Preliminary Diagnosis System\dataset\7. Psoriasis pictures Lichen Planus and related diseases - 2k\13_6.jpg,7. Psoriasis pictures Lichen Planus and related diseases - 2k,13_6.jpg,D:\aadhavan\AI-Based Skin Disease Detection and Preliminary Diagnosis System\dataset\3. Atopic Dermatitis - 1.25k\6_201.jpg,D:\aadhavan\AI-Based Skin Disease Detection and Preliminary Diagnosis System\preprocessing\quarantine\duplicates\7. Psoriasis pictures Lichen Planus and related diseases - 2k\13_6.jpg,2026-07-26T22:07:28.101497
D:\aadhavan\AI-Based Skin Disease Detection and Preliminary Diagnosis System\dataset\7. Psoriasis pictures Lichen Planus and related diseases - 2k\15_51.jpg,7. Psoriasis pictures Lichen Planus and related diseases - 2k,15_51.jpg,D:\aadhavan\AI-Based Skin Disease Detection and Preliminary Diagnosis System\dataset\3. Atopic Dermatitis - 1.25k\6_203.jpg,D:\aadhavan\AI-Based Skin Disease Detection and Preliminary Diagnosis System\preprocessing\quarantine\duplicates\7. Psoriasis pictures Lichen Planus and related diseases - 2k\15_51.jpg,2026-07-26T22:07:28.102728
D:\aadhavan\AI-Based Skin Disease Detection and Preliminary Diagnosis System\dataset\7. Psoriasis pictures Lichen Planus and related diseases - 2k\13_5.jpg,7. Psoriasis pictures Lichen Planus and related diseases - 2k,13_5.jpg,D:\aadhavan\AI-Based Skin Disease Detection and Preliminary Diagnosis System\dataset\3. Atopic Dermatitis - 1.25k\6_216.jpg,D:\aadhavan\AI-Based Skin Disease Detection and Preliminary Diagnosis System\preprocessing\quarantine\duplicates\7. Psoriasis pictures Lichen Planus and related diseases - 2k\13_5.jpg,2026-07-26T22:07:28.104027
D:\aadhavan\AI-Based Skin Disease Detection and Preliminary Diagnosis System\dataset\7. Psoriasis pictures Lichen Planus and related diseases - 2k\13_7.jpg,7. Psoriasis pictures Lichen Planus and related diseases - 2k,13_7.jpg,D:\aadhavan\AI-Based Skin Disease Detection and Preliminary Diagnosis System\dataset\3. Atopic Dermatitis - 1.25k\6_223.jpg,D:\aadhavan\AI-Based Skin Disease Detection and Preliminary Diagnosis System\preprocessing\quarantine\duplicates\7. Psoriasis pictures Lichen Planus and related diseases - 2k\13_7.jpg,2026-07-26T22:07:28.104935
D:\aadhavan\AI-Based Skin Disease Detection and Preliminary Diagnosis System\dataset\7. Psoriasis pictures Lichen Planus and related diseases - 2k\13_19.jpg,7. Psoriasis pictures Lichen Planus and related diseases - 2k,13_19.jpg,D:\aadhavan\AI-Based Skin Disease Detection and Preliminary Diagnosis System\dataset\3. Atopic Dermatitis - 1.25k\6_235.jpg,D:\aadhavan\AI-Based Skin Disease Detection and Preliminary Diagnosis System\preprocessing\quarantine\duplicates\7. Psoriasis pictures Lichen Planus and related diseases - 2k\13_19.jpg,2026-07-26T22:07:28.106155
D:\aadhavan\AI-Based Skin Disease Detection and Preliminary Diagnosis System\dataset\7. Psoriasis pictures Lichen Planus and related diseases - 2k\16_23.jpg,7. Psoriasis pictures Lichen Planus and related diseases - 2k,16_23.jpg,D:\aadhavan\AI-Based Skin Disease Detection and Preliminary Diagnosis System\dataset\3. Atopic Dermatitis - 1.25k\6_238.jpg,D:\aadhavan\AI-Based Skin Disease Detection and Preliminary Diagnosis System\preprocessing\quarantine\duplicates\7. Psoriasis pictures Lichen Planus and related diseases - 2k\16_23.jpg,2026-07-26T22:07:28.107156
D:\aadhavan\AI-Based Skin Disease Detection and Preliminary Diagnosis System\dataset\7. Psoriasis pictures Lichen Planus and related diseases - 2k\13_28.jpg,7. Psoriasis pictures Lichen Planus and related diseases - 2k,13_28.jpg,D:\aadhavan\AI-Based Skin Disease Detection and Preliminary Diagnosis System\dataset\3. Atopic Dermatitis - 1.25k\6_241.jpg,D:\aadhavan\AI-Based Skin Disease Detection and Preliminary Diagnosis System\preprocessing\quarantine\duplicates\7. Psoriasis pictures Lichen Planus and related diseases - 2k\13_28.jpg,2026-07-26T22:07:28.108115
D:\aadhavan\AI-Based Skin Disease Detection and Preliminary Diagnosis System\dataset\7. Psoriasis pictures Lichen Planus and related diseases - 2k\16_3.jpg,7. Psoriasis pictures Lichen Planus and related diseases - 2k,16_3.jpg,D:\aadhavan\AI-Based Skin Disease Detection and Preliminary Diagnosis System\dataset\3. Atopic Dermatitis - 1.25k\6_246.jpg,D:\aadhavan\AI-Based Skin Disease Detection and Preliminary Diagnosis System\preprocessing\quarantine\duplicates\7. Psoriasis pictures Lichen Planus and related diseases - 2k\16_3.jpg,2026-07-26T22:07:28.109135
D:\aadhavan\AI-Based Skin Disease Detection and Preliminary Diagnosis System\dataset\3. Atopic Dermatitis - 1.25k\6_289.jpg,3. Atopic Dermatitis - 1.25k,6_289.jpg,D:\aadhavan\AI-Based Skin Disease Detection and Preliminary Diagnosis System\dataset\3. Atopic Dermatitis - 1.25k\6_255.jpg,D:\aadhavan\AI-Based Skin Disease Detection and Preliminary Diagnosis System\preprocessing\quarantine\duplicates\3. Atopic Dermatitis - 1.25k\6_289.jpg,2026-07-26T22:07:28.110061
D:\aadhavan\AI-Based Skin Disease Detection and Preliminary Diagnosis System\dataset\7. Psoriasis pictures Lichen Planus and related diseases - 2k\13_1.jpg,7. Psoriasis pictures Lichen Planus and related diseases - 2k,13_1.jpg,D:\aadhavan\AI-Based Skin Disease Detection and Preliminary Diagnosis System\dataset\3. Atopic Dermatitis - 1.25k\6_255.jpg,D:\aadhavan\AI-Based Skin Disease Detection and Preliminary Diagnosis System\preprocessing\quarantine\duplicates\7. Psoriasis pictures Lichen Planus and related diseases - 2k\13_1.jpg,2026-07-26T22:07:28.110799
D:\aadhavan\AI-Based Skin Disease Detection and Preliminary Diagnosis System\dataset\7. Psoriasis pictures Lichen Planus and related diseases - 2k\13_25.jpg,7. Psoriasis pictures Lichen Planus and related diseases - 2k,13_25.jpg,D:\aadhavan\AI-Based Skin Disease Detection and Preliminary Diagnosis System\dataset\3. Atopic Dermatitis - 1.25k\6_259.jpg,D:\aadhavan\AI-Based Skin Disease Detection and Preliminary Diagnosis System\preprocessing\quarantine\duplicates\7. Psoriasis pictures Lichen Planus and related diseases - 2k\13_25.jpg,2026-07-26T22:07:28.112097
D:\aadhavan\AI-Based Skin Disease Detection and Preliminary Diagnosis System\dataset\7. Psoriasis pictures Lichen Planus and related diseases - 2k\16_19.jpg,7. Psoriasis pictures Lichen Planus and related diseases - 2k,16_19.jpg,D:\aadhavan\AI-Based Skin Disease Detection and Preliminary Diagnosis System\dataset\3. Atopic Dermatitis - 1.25k\6_265.jpg,D:\aadhavan\AI-Based Skin Disease Detection and Preliminary Diagnosis System\preprocessing\quarantine\duplicates\7. Psoriasis pictures Lichen Planus and related diseases - 2k\16_19.jpg,2026-07-26T22:07:28.113085
D:\aadhavan\AI-Based Skin Disease Detection and Preliminary Diagnosis System\dataset\7. Psoriasis pictures Lichen Planus and related diseases - 2k\10_21.jpg,7. Psoriasis pictures Lichen Planus and related diseases - 2k,10_21.jpg,D:\aadhavan\AI-Based Skin Disease Detection and Preliminary Diagnosis System\dataset\3. Atopic Dermatitis - 1.25k\6_274.jpg,D:\aadhavan\AI-Based Skin Disease Detection and Preliminary Diagnosis System\preprocessing\quarantine\duplicates\7. Psoriasis pictures Lichen Planus and related diseases - 2k\10_21.jpg,2026-07-26T22:07:28.114354
D:\aadhavan\AI-Based Skin Disease Detection and Preliminary Diagnosis System\dataset\7. Psoriasis pictures Lichen Planus and related diseases - 2k\16_13.jpg,7. Psoriasis pictures Lichen Planus and related diseases - 2k,16_13.jpg,D:\aadhavan\AI-Based Skin Disease Detection and Preliminary Diagnosis System\dataset\3. Atopic Dermatitis - 1.25k\6_278.jpg,D:\aadhavan\AI-Based Skin Disease Detection and Preliminary Diagnosis System\preprocessing\quarantine\duplicates\7. Psoriasis pictures Lichen Planus and related diseases - 2k\16_13.jpg,2026-07-26T22:07:28.115743
D:\aadhavan\AI-Based Skin Disease Detection and Preliminary Diagnosis System\dataset\7. Psoriasis pictures Lichen Planus and related diseases - 2k\16_30.jpg,7. Psoriasis pictures Lichen Planus and related diseases - 2k,16_30.jpg,D:\aadhavan\AI-Based Skin Disease Detection and Preliminary Diagnosis System\dataset\3. Atopic Dermatitis - 1.25k\6_294.jpg,D:\aadhavan\AI-Based Skin Disease Detection and Preliminary Diagnosis System\preprocessing\quarantine\duplicates\7. Psoriasis pictures Lichen Planus and related diseases - 2k\16_30.jpg,2026-07-26T22:07:28.117139
D:\aadhavan\AI-Based Skin Disease Detection and Preliminary Diagnosis System\dataset\7. Psoriasis pictures Lichen Planus and related diseases - 2k\16_34.jpg,7. Psoriasis pictures Lichen Planus and related diseases - 2k,16_34.jpg,D:\aadhavan\AI-Based Skin Disease Detection and Preliminary Diagnosis System\dataset\3. Atopic Dermatitis - 1.25k\6_30.jpg,D:\aadhavan\AI-Based Skin Disease Detection and Preliminary Diagnosis System\preprocessing\quarantine\duplicates\7. Psoriasis pictures Lichen Planus and related diseases - 2k\16_34.jpg,2026-07-26T22:07:28.118433
D:\aadhavan\AI-Based Skin Disease Detection and Preliminary Diagnosis System\dataset\7. Psoriasis pictures Lichen Planus and related diseases - 2k\16_24.jpg,7. Psoriasis pictures Lichen Planus and related diseases - 2k,16_24.jpg,D:\aadhavan\AI-Based Skin Disease Detection and Preliminary Diagnosis System\dataset\3. Atopic Dermatitis - 1.25k\6_300.jpg,D:\aadhavan\AI-Based Skin Disease Detection and Preliminary Diagnosis System\preprocessing\quarantine\duplicates\7. Psoriasis pictures Lichen Planus and related diseases - 2k\16_24.jpg,2026-07-26T22:07:28.119941
D:\aadhavan\AI-Based Skin Disease Detection and Preliminary Diagnosis System\dataset\7. Psoriasis pictures Lichen Planus and related diseases - 2k\10_23.jpg,7. Psoriasis pictures Lichen Planus and related diseases - 2k,10_23.jpg,D:\aadhavan\AI-Based Skin Disease Detection and Preliminary Diagnosis System\dataset\3. Atopic Dermatitis - 1.25k\6_306.jpg,D:\aadhavan\AI-Based Skin Disease Detection and Preliminary Diagnosis System\preprocessing\quarantine\duplicates\7. Psoriasis pictures Lichen Planus and related diseases - 2k\10_23.jpg,2026-07-26T22:07:28.121449
D:\aadhavan\AI-Based Skin Disease Detection and Preliminary Diagnosis System\dataset\7. Psoriasis pictures Lichen Planus and related diseases - 2k\11_43.jpg,7. Psoriasis pictures Lichen Planus and related diseases - 2k,11_43.jpg,D:\aadhavan\AI-Based Skin Disease Detection and Preliminary Diagnosis System\dataset\3. Atopic Dermatitis - 1.25k\6_312.jpg,D:\aadhavan\AI-Based Skin Disease Detection and Preliminary Diagnosis System\preprocessing\quarantine\duplicates\7. Psoriasis pictures Lichen Planus and related diseases - 2k\11_43.jpg,2026-07-26T22:07:28.122810
D:\aadhavan\AI-Based Skin Disease Detection and Preliminary Diagnosis System\dataset\3. Atopic Dermatitis - 1.25k\6_316.jpg,3. Atopic Dermatitis - 1.25k,6_316.jpg,D:\aadhavan\AI-Based Skin Disease Detection and Preliminary Diagnosis System\dataset\7. Psoriasis pictures Lichen Planus and related diseases - 2k\14_21.jpg,D:\aadhavan\AI-Based Skin Disease Detection and Preliminary Diagnosis System\preprocessing\quarantine\duplicates\3. Atopic Dermatitis - 1.25k\6_316.jpg,2026-07-26T22:07:28.124037
D:\aadhavan\AI-Based Skin Disease Detection and Preliminary Diagnosis System\dataset\7. Psoriasis pictures Lichen Planus and related diseases - 2k\15_53.jpg,7. Psoriasis pictures Lichen Planus and related diseases - 2k,15_53.jpg,D:\aadhavan\AI-Based Skin Disease Detection and Preliminary Diagnosis System\dataset\3. Atopic Dermatitis - 1.25k\6_328.jpg,D:\aadhavan\AI-Based Skin Disease Detection and Preliminary Diagnosis System\preprocessing\quarantine\duplicates\7. Psoriasis pictures Lichen Planus and related diseases - 2k\15_53.jpg,2026-07-26T22:07:28.124861
D:\aadhavan\AI-Based Skin Disease Detection and Preliminary Diagnosis System\dataset\3. Atopic Dermatitis - 1.25k\6_66.jpg,3. Atopic Dermatitis - 1.25k,6_66.jpg,D:\aadhavan\AI-Based Skin Disease Detection and Preliminary Diagnosis System\dataset\3. Atopic Dermatitis - 1.25k\6_34.jpg,D:\aadhavan\AI-Based Skin Disease Detection and Preliminary Diagnosis System\preprocessing\quarantine\duplicates\3. Atopic Dermatitis - 1.25k\6_66.jpg,2026-07-26T22:07:28.125748
D:\aadhavan\AI-Based Skin Disease Detection and Preliminary Diagnosis System\dataset\7. Psoriasis pictures Lichen Planus and related diseases - 2k\13_0.jpg,7. Psoriasis pictures Lichen Planus and related diseases - 2k,13_0.jpg,D:\aadhavan\AI-Based Skin Disease Detection and Preliminary Diagnosis System\dataset\3. Atopic Dermatitis - 1.25k\6_34.jpg,D:\aadhavan\AI-Based Skin Disease Detection and Preliminary Diagnosis System\preprocessing\quarantine\duplicates\7. Psoriasis pictures Lichen Planus and related diseases - 2k\13_0.jpg,2026-07-26T22:07:28.126446
D:\aadhavan\AI-Based Skin Disease Detection and Preliminary Diagnosis System\dataset\7. Psoriasis pictures Lichen Planus and related diseases - 2k\13_31.jpg,7. Psoriasis pictures Lichen Planus and related diseases - 2k,13_31.jpg,D:\aadhavan\AI-Based Skin Disease Detection and Preliminary Diagnosis System\dataset\3. Atopic Dermatitis - 1.25k\6_36.jpg,D:\aadhavan\AI-Based Skin Disease Detection and Preliminary Diagnosis System\preprocessing\quarantine\duplicates\7. Psoriasis pictures Lichen Planus and related diseases - 2k\13_31.jpg,2026-07-26T22:07:28.127405
D:\aadhavan\AI-Based Skin Disease Detection and Preliminary Diagnosis System\dataset\7. Psoriasis pictures Lichen Planus and related diseases - 2k\13_20.jpg,7. Psoriasis pictures Lichen Planus and related diseases - 2k,13_20.jpg,D:\aadhavan\AI-Based Skin Disease Detection and Preliminary Diagnosis System\dataset\3. Atopic Dermatitis - 1.25k\6_38.jpg,D:\aadhavan\AI-Based Skin Disease Detection and Preliminary Diagnosis System\preprocessing\quarantine\duplicates\7. Psoriasis pictures Lichen Planus and related diseases - 2k\13_20.jpg,2026-07-26T22:07:28.128921
D:\aadhavan\AI-Based Skin Disease Detection and Preliminary Diagnosis System\dataset\7. Psoriasis pictures Lichen Planus and related diseases - 2k\16_12.jpg,7. Psoriasis pictures Lichen Planus and related diseases - 2k,16_12.jpg,D:\aadhavan\AI-Based Skin Disease Detection and Preliminary Diagnosis System\dataset\3. Atopic Dermatitis - 1.25k\6_40.jpg,D:\aadhavan\AI-Based Skin Disease Detection and Preliminary Diagnosis System\preprocessing\quarantine\duplicates\7. Psoriasis pictures Lichen Planus and related diseases - 2k\16_12.jpg,2026-07-26T22:07:28.130165
D:\aadhavan\AI-Based Skin Disease Detection and Preliminary Diagnosis System\dataset\7. Psoriasis pictures Lichen Planus and related diseases - 2k\16_29.jpg,7. Psoriasis pictures Lichen Planus and related diseases - 2k,16_29.jpg,D:\aadhavan\AI-Based Skin Disease Detection and Preliminary Diagnosis System\dataset\3. Atopic Dermatitis - 1.25k\6_43.jpg,D:\aadhavan\AI-Based Skin Disease Detection and Preliminary Diagnosis System\preprocessing\quarantine\duplicates\7. Psoriasis pictures Lichen Planus and related diseases - 2k\16_29.jpg,2026-07-26T22:07:28.131786
D:\aadhavan\AI-Based Skin Disease Detection and Preliminary Diagnosis System\dataset\7. Psoriasis pictures Lichen Planus and related diseases - 2k\13_10.jpg,7. Psoriasis pictures Lichen Planus and related diseases - 2k,13_10.jpg,D:\aadhavan\AI-Based Skin Disease Detection and Preliminary Diagnosis System\dataset\3. Atopic Dermatitis - 1.25k\6_44.jpg,D:\aadhavan\AI-Based Skin Disease Detection and Preliminary Diagnosis System\preprocessing\quarantine\duplicates\7. Psoriasis pictures Lichen Planus and related diseases - 2k\13_10.jpg,2026-07-26T22:07:28.132766
D:\aadhavan\AI-Based Skin Disease Detection and Preliminary Diagnosis System\dataset\7. Psoriasis pictures Lichen Planus and related diseases - 2k\16_38.jpg,7. Psoriasis pictures Lichen Planus and related diseases - 2k,16_38.jpg,D:\aadhavan\AI-Based Skin Disease Detection and Preliminary Diagnosis System\dataset\3. Atopic Dermatitis - 1.25k\6_45.jpg,D:\aadhavan\AI-Based Skin Disease Detection and Preliminary Diagnosis System\preprocessing\quarantine\duplicates\7. Psoriasis pictures Lichen Planus and related diseases - 2k\16_38.jpg,2026-07-26T22:07:28.133605
D:\aadhavan\AI-Based Skin Disease Detection and Preliminary Diagnosis System\dataset\7. Psoriasis pictures Lichen Planus and related diseases - 2k\10_3.jpg,7. Psoriasis pictures Lichen Planus and related diseases - 2k,10_3.jpg,D:\aadhavan\AI-Based Skin Disease Detection and Preliminary Diagnosis System\dataset\3. Atopic Dermatitis - 1.25k\6_54.jpg,D:\aadhavan\AI-Based Skin Disease Detection and Preliminary Diagnosis System\preprocessing\quarantine\duplicates\7. Psoriasis pictures Lichen Planus and related diseases - 2k\10_3.jpg,2026-07-26T22:07:28.134393
D:\aadhavan\AI-Based Skin Disease Detection and Preliminary Diagnosis System\dataset\7. Psoriasis pictures Lichen Planus and related diseases - 2k\10_22.jpg,7. Psoriasis pictures Lichen Planus and related diseases - 2k,10_22.jpg,D:\aadhavan\AI-Based Skin Disease Detection and Preliminary Diagnosis System\dataset\3. Atopic Dermatitis - 1.25k\6_69.jpg,D:\aadhavan\AI-Based Skin Disease Detection and Preliminary Diagnosis System\preprocessing\quarantine\duplicates\7. Psoriasis pictures Lichen Planus and related diseases - 2k\10_22.jpg,2026-07-26T22:07:28.135145
D:\aadhavan\AI-Based Skin Disease Detection and Preliminary Diagnosis System\dataset\7. Psoriasis pictures Lichen Planus and related diseases - 2k\11_31.jpg,7. Psoriasis pictures Lichen Planus and related diseases - 2k,11_31.jpg,D:\aadhavan\AI-Based Skin Disease Detection and Preliminary Diagnosis System\dataset\3. Atopic Dermatitis - 1.25k\6_71.jpg,D:\aadhavan\AI-Based Skin Disease Detection and Preliminary Diagnosis System\preprocessing\quarantine\duplicates\7. Psoriasis pictures Lichen Planus and related diseases - 2k\11_31.jpg,2026-07-26T22:07:28.136015
D:\aadhavan\AI-Based Skin Disease Detection and Preliminary Diagnosis System\dataset\7. Psoriasis pictures Lichen Planus and related diseases - 2k\16_21.jpg,7. Psoriasis pictures Lichen Planus and related diseases - 2k,16_21.jpg,D:\aadhavan\AI-Based Skin Disease Detection and Preliminary Diagnosis System\dataset\3. Atopic Dermatitis - 1.25k\6_89.jpg,D:\aadhavan\AI-Based Skin Disease Detection and Preliminary Diagnosis System\preprocessing\quarantine\duplicates\7. Psoriasis pictures Lichen Planus and related diseases - 2k\16_21.jpg,2026-07-26T22:07:28.136927
D:\aadhavan\AI-Based Skin Disease Detection and Preliminary Diagnosis System\dataset\7. Psoriasis pictures Lichen Planus and related diseases - 2k\11_1.jpg,7. Psoriasis pictures Lichen Planus and related diseases - 2k,11_1.jpg,D:\aadhavan\AI-Based Skin Disease Detection and Preliminary Diagnosis System\dataset\3. Atopic Dermatitis - 1.25k\6_94.jpg,D:\aadhavan\AI-Based Skin Disease Detection and Preliminary Diagnosis System\preprocessing\quarantine\duplicates\7. Psoriasis pictures Lichen Planus and related diseases - 2k\11_1.jpg,2026-07-26T22:07:28.137695
D:\aadhavan\AI-Based Skin Disease Detection and Preliminary Diagnosis System\dataset\3. Atopic Dermatitis - 1.25k\t-05Atopic2.jpg,3. Atopic Dermatitis - 1.25k,t-05Atopic2.jpg,D:\aadhavan\AI-Based Skin Disease Detection and Preliminary Diagnosis System\dataset\3. Atopic Dermatitis - 1.25k\t-05Atopic.jpg,D:\aadhavan\AI-Based Skin Disease Detection and Preliminary Diagnosis System\preprocessing\quarantine\duplicates\3. Atopic Dermatitis - 1.25k\t-05Atopic2.jpg,2026-07-26T22:07:28.139105
D:\aadhavan\AI-Based Skin Disease Detection and Preliminary Diagnosis System\dataset\3. Atopic Dermatitis - 1.25k\t-05atopicWrist0828064.jpg,3. Atopic Dermatitis - 1.25k,t-05atopicWrist0828064.jpg,D:\aadhavan\AI-Based Skin Disease Detection and Preliminary Diagnosis System\dataset\3. Atopic Dermatitis - 1.25k\t-05atopicChild0828062.jpg,D:\aadhavan\AI-Based Skin Disease Detection and Preliminary Diagnosis System\preprocessing\quarantine\duplicates\3. Atopic Dermatitis - 1.25k\t-05atopicWrist0828064.jpg,2026-07-26T22:07:28.140449
D:\aadhavan\AI-Based Skin Disease Detection and Preliminary Diagnosis System\dataset\3. Atopic Dermatitis - 1.25k\t-05AtopicHand.jpg,3. Atopic Dermatitis - 1.25k,t-05AtopicHand.jpg,D:\aadhavan\AI-Based Skin Disease Detection and Preliminary Diagnosis System\dataset\3. Atopic Dermatitis - 1.25k\t-05AtopicDermHand.jpg,D:\aadhavan\AI-Based Skin Disease Detection and Preliminary Diagnosis System\preprocessing\quarantine\duplicates\3. Atopic Dermatitis - 1.25k\t-05AtopicHand.jpg,2026-07-26T22:07:28.141876
D:\aadhavan\AI-Based Skin Disease Detection and Preliminary Diagnosis System\dataset\3. Atopic Dermatitis - 1.25k\t-05AtopicHandq.jpg,3. Atopic Dermatitis - 1.25k,t-05AtopicHandq.jpg,D:\aadhavan\AI-Based Skin Disease Detection and Preliminary Diagnosis System\dataset\3. Atopic Dermatitis - 1.25k\t-05AtopicDermHand.jpg,D:\aadhavan\AI-Based Skin Disease Detection and Preliminary Diagnosis System\preprocessing\quarantine\duplicates\3. Atopic Dermatitis - 1.25k\t-05AtopicHandq.jpg,2026-07-26T22:07:28.142909
D:\aadhavan\AI-Based Skin Disease Detection and Preliminary Diagnosis System\dataset\3. Atopic Dermatitis - 1.25k\t-05AtopicHand1q.jpg,3. Atopic Dermatitis - 1.25k,t-05AtopicHand1q.jpg,D:\aadhavan\AI-Based Skin Disease Detection and Preliminary Diagnosis System\dataset\3. Atopic Dermatitis - 1.25k\t-05AtopicDermHand1.jpg,D:\aadhavan\AI-Based Skin Disease Detection and Preliminary Diagnosis System\preprocessing\quarantine\duplicates\3. Atopic Dermatitis - 1.25k\t-05AtopicHand1q.jpg,2026-07-26T22:07:28.144301
D:\aadhavan\AI-Based Skin Disease Detection and Preliminary Diagnosis System\dataset\3. Atopic Dermatitis - 1.25k\t-05AtopicFace2.jpg,3. Atopic Dermatitis - 1.25k,t-05AtopicFace2.jpg,D:\aadhavan\AI-Based Skin Disease Detection and Preliminary Diagnosis System\dataset\3. Atopic Dermatitis - 1.25k\t-05AtopicFace28.jpg,D:\aadhavan\AI-Based Skin Disease Detection and Preliminary Diagnosis System\preprocessing\quarantine\duplicates\3. Atopic Dermatitis - 1.25k\t-05AtopicFace2.jpg,2026-07-26T22:07:28.145363
D:\aadhavan\AI-Based Skin Disease Detection and Preliminary Diagnosis System\dataset\3. Atopic Dermatitis - 1.25k\t-05AtopicWristq.jpg,3. Atopic Dermatitis - 1.25k,t-05AtopicWristq.jpg,D:\aadhavan\AI-Based Skin Disease Detection and Preliminary Diagnosis System\dataset\3. Atopic Dermatitis - 1.25k\t-05AtopicWrist.jpg,D:\aadhavan\AI-Based Skin Disease Detection and Preliminary Diagnosis System\preprocessing\quarantine\duplicates\3. Atopic Dermatitis - 1.25k\t-05AtopicWristq.jpg,2026-07-26T22:07:28.146362
D:\aadhavan\AI-Based Skin Disease Detection and Preliminary Diagnosis System\dataset\3. Atopic Dermatitis - 1.25k\t-05pityriasisAlba94.jpg,3. Atopic Dermatitis - 1.25k,t-05pityriasisAlba94.jpg,D:\aadhavan\AI-Based Skin Disease Detection and Preliminary Diagnosis System\dataset\3. Atopic Dermatitis - 1.25k\t-05pityriasisAlba94-GP3.jpg,D:\aadhavan\AI-Based Skin Disease Detection and Preliminary Diagnosis System\preprocessing\quarantine\duplicates\3. Atopic Dermatitis - 1.25k\t-05pityriasisAlba94.jpg,2026-07-26T22:07:28.147831
D:\aadhavan\AI-Based Skin Disease Detection and Preliminary Diagnosis System\dataset\3. Atopic Dermatitis - 1.25k\v-05PityriasisAlba.jpg,3. Atopic Dermatitis - 1.25k,v-05PityriasisAlba.jpg,D:\aadhavan\AI-Based Skin Disease Detection and Preliminary Diagnosis System\dataset\3. Atopic Dermatitis - 1.25k\t-05PityriasisAlbaq.jpg,D:\aadhavan\AI-Based Skin Disease Detection and Preliminary Diagnosis System\preprocessing\quarantine\duplicates\3. Atopic Dermatitis - 1.25k\v-05PityriasisAlba.jpg,2026-07-26T22:07:28.148771
D:\aadhavan\AI-Based Skin Disease Detection and Preliminary Diagnosis System\dataset\4. Basal Cell Carcinoma (BCC) 3323\ISIC_0071589.jpg,4. Basal Cell Carcinoma (BCC) 3323,ISIC_0071589.jpg,D:\aadhavan\AI-Based Skin Disease Detection and Preliminary Diagnosis System\dataset\4. Basal Cell Carcinoma (BCC) 3323\ISIC_0054074.jpg,D:\aadhavan\AI-Based Skin Disease Detection and Preliminary Diagnosis System\preprocessing\quarantine\duplicates\4. Basal Cell Carcinoma (BCC) 3323\ISIC_0071589.jpg,2026-07-26T22:07:28.149623
D:\aadhavan\AI-Based Skin Disease Detection and Preliminary Diagnosis System\dataset\4. Basal Cell Carcinoma (BCC) 3323\ISIC_0061861.jpg,4. Basal Cell Carcinoma (BCC) 3323,ISIC_0061861.jpg,D:\aadhavan\AI-Based Skin Disease Detection and Preliminary Diagnosis System\dataset\4. Basal Cell Carcinoma (BCC) 3323\ISIC_0054075.jpg,D:\aadhavan\AI-Based Skin Disease Detection and Preliminary Diagnosis System\preprocessing\quarantine\duplicates\4. Basal Cell Carcinoma (BCC) 3323\ISIC_0061861.jpg,2026-07-26T22:07:28.150396
D:\aadhavan\AI-Based Skin Disease Detection and Preliminary Diagnosis System\dataset\4. Basal Cell Carcinoma (BCC) 3323\ISIC_0070345.jpg,4. Basal Cell Carcinoma (BCC) 3323,ISIC_0070345.jpg,D:\aadhavan\AI-Based Skin Disease Detection and Preliminary Diagnosis System\dataset\4. Basal Cell Carcinoma (BCC) 3323\ISIC_0054113.jpg,D:\aadhavan\AI-Based Skin Disease Detection and Preliminary Diagnosis System\preprocessing\quarantine\duplicates\4. Basal Cell Carcinoma (BCC) 3323\ISIC_0070345.jpg,2026-07-26T22:07:28.151215
D:\aadhavan\AI-Based Skin Disease Detection and Preliminary Diagnosis System\dataset\4. Basal Cell Carcinoma (BCC) 3323\ISIC_0070096.jpg,4. Basal Cell Carcinoma (BCC) 3323,ISIC_0070096.jpg,D:\aadhavan\AI-Based Skin Disease Detection and Preliminary Diagnosis System\dataset\4. Basal Cell Carcinoma (BCC) 3323\ISIC_0054722.jpg,D:\aadhavan\AI-Based Skin Disease Detection and Preliminary Diagnosis System\preprocessing\quarantine\duplicates\4. Basal Cell Carcinoma (BCC) 3323\ISIC_0070096.jpg,2026-07-26T22:07:28.151942
D:\aadhavan\AI-Based Skin Disease Detection and Preliminary Diagnosis System\dataset\4. Basal Cell Carcinoma (BCC) 3323\ISIC_0067341.jpg,4. Basal Cell Carcinoma (BCC) 3323,ISIC_0067341.jpg,D:\aadhavan\AI-Based Skin Disease Detection and Preliminary Diagnosis System\dataset\4. Basal Cell Carcinoma (BCC) 3323\ISIC_0054986.jpg,D:\aadhavan\AI-Based Skin Disease Detection and Preliminary Diagnosis System\preprocessing\quarantine\duplicates\4. Basal Cell Carcinoma (BCC) 3323\ISIC_0067341.jpg,2026-07-26T22:07:28.152757
D:\aadhavan\AI-Based Skin Disease Detection and Preliminary Diagnosis System\dataset\4. Basal Cell Carcinoma (BCC) 3323\ISIC_0056671.jpg,4. Basal Cell Carcinoma (BCC) 3323,ISIC_0056671.jpg,D:\aadhavan\AI-Based Skin Disease Detection and Preliminary Diagnosis System\dataset\4. Basal Cell Carcinoma (BCC) 3323\ISIC_0060645.jpg,D:\aadhavan\AI-Based Skin Disease Detection and Preliminary Diagnosis System\preprocessing\quarantine\duplicates\4. Basal Cell Carcinoma (BCC) 3323\ISIC_0056671.jpg,2026-07-26T22:07:28.154473
D:\aadhavan\AI-Based Skin Disease Detection and Preliminary Diagnosis System\dataset\4. Basal Cell Carcinoma (BCC) 3323\ISIC_0058061.jpg,4. Basal Cell Carcinoma (BCC) 3323,ISIC_0058061.jpg,D:\aadhavan\AI-Based Skin Disease Detection and Preliminary Diagnosis System\dataset\4. Basal Cell Carcinoma (BCC) 3323\ISIC_0069744.jpg,D:\aadhavan\AI-Based Skin Disease Detection and Preliminary Diagnosis System\preprocessing\quarantine\duplicates\4. Basal Cell Carcinoma (BCC) 3323\ISIC_0058061.jpg,2026-07-26T22:07:28.155843
D:\aadhavan\AI-Based Skin Disease Detection and Preliminary Diagnosis System\dataset\4. Basal Cell Carcinoma (BCC) 3323\ISIC_0058767.jpg,4. Basal Cell Carcinoma (BCC) 3323,ISIC_0058767.jpg,D:\aadhavan\AI-Based Skin Disease Detection and Preliminary Diagnosis System\dataset\4. Basal Cell Carcinoma (BCC) 3323\ISIC_0060120.jpg,D:\aadhavan\AI-Based Skin Disease Detection and Preliminary Diagnosis System\preprocessing\quarantine\duplicates\4. Basal Cell Carcinoma (BCC) 3323\ISIC_0058767.jpg,2026-07-26T22:07:28.157152
D:\aadhavan\AI-Based Skin Disease Detection and Preliminary Diagnosis System\dataset\4. Basal Cell Carcinoma (BCC) 3323\ISIC_0060874.jpg,4. Basal Cell Carcinoma (BCC) 3323,ISIC_0060874.jpg,D:\aadhavan\AI-Based Skin Disease Detection and Preliminary Diagnosis System\dataset\4. Basal Cell Carcinoma (BCC) 3323\ISIC_0072581.jpg,D:\aadhavan\AI-Based Skin Disease Detection and Preliminary Diagnosis System\preprocessing\quarantine\duplicates\4. Basal Cell Carcinoma (BCC) 3323\ISIC_0060874.jpg,2026-07-26T22:07:28.158392
D:\aadhavan\AI-Based Skin Disease Detection and Preliminary Diagnosis System\dataset\4. Basal Cell Carcinoma (BCC) 3323\ISIC_0063677.jpg,4. Basal Cell Carcinoma (BCC) 3323,ISIC_0063677.jpg,D:\aadhavan\AI-Based Skin Disease Detection and Preliminary Diagnosis System\dataset\4. Basal Cell Carcinoma (BCC) 3323\ISIC_0061437.jpg,D:\aadhavan\AI-Based Skin Disease Detection and Preliminary Diagnosis System\preprocessing\quarantine\duplicates\4. Basal Cell Carcinoma (BCC) 3323\ISIC_0063677.jpg,2026-07-26T22:07:28.159546
D:\aadhavan\AI-Based Skin Disease Detection and Preliminary Diagnosis System\dataset\4. Basal Cell Carcinoma (BCC) 3323\ISIC_0068957.jpg,4. Basal Cell Carcinoma (BCC) 3323,ISIC_0068957.jpg,D:\aadhavan\AI-Based Skin Disease Detection and Preliminary Diagnosis System\dataset\4. Basal Cell Carcinoma (BCC) 3323\ISIC_0064096.jpg,D:\aadhavan\AI-Based Skin Disease Detection and Preliminary Diagnosis System\preprocessing\quarantine\duplicates\4. Basal Cell Carcinoma (BCC) 3323\ISIC_0068957.jpg,2026-07-26T22:07:28.160701
D:\aadhavan\AI-Based Skin Disease Detection and Preliminary Diagnosis System\dataset\4. Basal Cell Carcinoma (BCC) 3323\ISIC_0066115.jpg,4. Basal Cell Carcinoma (BCC) 3323,ISIC_0066115.jpg,D:\aadhavan\AI-Based Skin Disease Detection and Preliminary Diagnosis System\dataset\4. Basal Cell Carcinoma (BCC) 3323\ISIC_0064300.jpg,D:\aadhavan\AI-Based Skin Disease Detection and Preliminary Diagnosis System\preprocessing\quarantine\duplicates\4. Basal Cell Carcinoma (BCC) 3323\ISIC_0066115.jpg,2026-07-26T22:07:28.162027
D:\aadhavan\AI-Based Skin Disease Detection and Preliminary Diagnosis System\dataset\4. Basal Cell Carcinoma (BCC) 3323\ISIC_0068746.jpg,4. Basal Cell Carcinoma (BCC) 3323,ISIC_0068746.jpg,D:\aadhavan\AI-Based Skin Disease Detection and Preliminary Diagnosis System\dataset\4. Basal Cell Carcinoma (BCC) 3323\ISIC_0065098.jpg,D:\aadhavan\AI-Based Skin Disease Detection and Preliminary Diagnosis System\preprocessing\quarantine\duplicates\4. Basal Cell Carcinoma (BCC) 3323\ISIC_0068746.jpg,2026-07-26T22:07:28.163639
D:\aadhavan\AI-Based Skin Disease Detection and Preliminary Diagnosis System\dataset\4. Basal Cell Carcinoma (BCC) 3323\ISIC_0072994.jpg,4. Basal Cell Carcinoma (BCC) 3323,ISIC_0072994.jpg,D:\aadhavan\AI-Based Skin Disease Detection and Preliminary Diagnosis System\dataset\4. Basal Cell Carcinoma (BCC) 3323\ISIC_0065140.jpg,D:\aadhavan\AI-Based Skin Disease Detection and Preliminary Diagnosis System\preprocessing\quarantine\duplicates\4. Basal Cell Carcinoma (BCC) 3323\ISIC_0072994.jpg,2026-07-26T22:07:28.168598
D:\aadhavan\AI-Based Skin Disease Detection and Preliminary Diagnosis System\dataset\5. Melanocytic Nevi (NV) - 7970\ISIC_0012970_downsampled.jpg,5. Melanocytic Nevi (NV) - 7970,ISIC_0012970_downsampled.jpg,D:\aadhavan\AI-Based Skin Disease Detection and Preliminary Diagnosis System\dataset\5. Melanocytic Nevi (NV) - 7970\ISIC_0012127_downsampled.jpg,D:\aadhavan\AI-Based Skin Disease Detection and Preliminary Diagnosis System\preprocessing\quarantine\duplicates\5. Melanocytic Nevi (NV) - 7970\ISIC_0012970_downsampled.jpg,2026-07-26T22:07:28.171633
D:\aadhavan\AI-Based Skin Disease Detection and Preliminary Diagnosis System\dataset\5. Melanocytic Nevi (NV) - 7970\ISIC_0012222_downsampled.jpg,5. Melanocytic Nevi (NV) - 7970,ISIC_0012222_downsampled.jpg,D:\aadhavan\AI-Based Skin Disease Detection and Preliminary Diagnosis System\dataset\5. Melanocytic Nevi (NV) - 7970\ISIC_0016003_downsampled.jpg,D:\aadhavan\AI-Based Skin Disease Detection and Preliminary Diagnosis System\preprocessing\quarantine\duplicates\5. Melanocytic Nevi (NV) - 7970\ISIC_0012222_downsampled.jpg,2026-07-26T22:07:28.173025
D:\aadhavan\AI-Based Skin Disease Detection and Preliminary Diagnosis System\dataset\5. Melanocytic Nevi (NV) - 7970\ISIC_0012673_downsampled.jpg,5. Melanocytic Nevi (NV) - 7970,ISIC_0012673_downsampled.jpg,D:\aadhavan\AI-Based Skin Disease Detection and Preliminary Diagnosis System\dataset\5. Melanocytic Nevi (NV) - 7970\ISIC_0012672_downsampled.jpg,D:\aadhavan\AI-Based Skin Disease Detection and Preliminary Diagnosis System\preprocessing\quarantine\duplicates\5. Melanocytic Nevi (NV) - 7970\ISIC_0012673_downsampled.jpg,2026-07-26T22:07:28.174384
D:\aadhavan\AI-Based Skin Disease Detection and Preliminary Diagnosis System\dataset\5. Melanocytic Nevi (NV) - 7970\ISIC_0013109_downsampled.jpg,5. Melanocytic Nevi (NV) - 7970,ISIC_0013109_downsampled.jpg,D:\aadhavan\AI-Based Skin Disease Detection and Preliminary Diagnosis System\dataset\5. Melanocytic Nevi (NV) - 7970\ISIC_0013163_downsampled.jpg,D:\aadhavan\AI-Based Skin Disease Detection and Preliminary Diagnosis System\preprocessing\quarantine\duplicates\5. Melanocytic Nevi (NV) - 7970\ISIC_0013109_downsampled.jpg,2026-07-26T22:07:28.176118
D:\aadhavan\AI-Based Skin Disease Detection and Preliminary Diagnosis System\dataset\5. Melanocytic Nevi (NV) - 7970\ISIC_0015986_downsampled.jpg,5. Melanocytic Nevi (NV) - 7970,ISIC_0015986_downsampled.jpg,D:\aadhavan\AI-Based Skin Disease Detection and Preliminary Diagnosis System\dataset\5. Melanocytic Nevi (NV) - 7970\ISIC_0015987_downsampled.jpg,D:\aadhavan\AI-Based Skin Disease Detection and Preliminary Diagnosis System\preprocessing\quarantine\duplicates\5. Melanocytic Nevi (NV) - 7970\ISIC_0015986_downsampled.jpg,2026-07-26T22:07:28.178849
D:\aadhavan\AI-Based Skin Disease Detection and Preliminary Diagnosis System\dataset\5. Melanocytic Nevi (NV) - 7970\ISIC_0026126.jpg,5. Melanocytic Nevi (NV) - 7970,ISIC_0026126.jpg,D:\aadhavan\AI-Based Skin Disease Detection and Preliminary Diagnosis System\dataset\5. Melanocytic Nevi (NV) - 7970\ISIC_0024349.jpg,D:\aadhavan\AI-Based Skin Disease Detection and Preliminary Diagnosis System\preprocessing\quarantine\duplicates\5. Melanocytic Nevi (NV) - 7970\ISIC_0026126.jpg,2026-07-26T22:07:28.180310
D:\aadhavan\AI-Based Skin Disease Detection and Preliminary Diagnosis System\dataset\5. Melanocytic Nevi (NV) - 7970\ISIC_0029861.jpg,5. Melanocytic Nevi (NV) - 7970,ISIC_0029861.jpg,D:\aadhavan\AI-Based Skin Disease Detection and Preliminary Diagnosis System\dataset\5. Melanocytic Nevi (NV) - 7970\ISIC_0024366.jpg,D:\aadhavan\AI-Based Skin Disease Detection and Preliminary Diagnosis System\preprocessing\quarantine\duplicates\5. Melanocytic Nevi (NV) - 7970\ISIC_0029861.jpg,2026-07-26T22:07:28.181533
D:\aadhavan\AI-Based Skin Disease Detection and Preliminary Diagnosis System\dataset\5. Melanocytic Nevi (NV) - 7970\ISIC_0029938.jpg,5. Melanocytic Nevi (NV) - 7970,ISIC_0029938.jpg,D:\aadhavan\AI-Based Skin Disease Detection and Preliminary Diagnosis System\dataset\5. Melanocytic Nevi (NV) - 7970\ISIC_0024777.jpg,D:\aadhavan\AI-Based Skin Disease Detection and Preliminary Diagnosis System\preprocessing\quarantine\duplicates\5. Melanocytic Nevi (NV) - 7970\ISIC_0029938.jpg,2026-07-26T22:07:28.182708
D:\aadhavan\AI-Based Skin Disease Detection and Preliminary Diagnosis System\dataset\5. Melanocytic Nevi (NV) - 7970\ISIC_0024908.jpg,5. Melanocytic Nevi (NV) - 7970,ISIC_0024908.jpg,D:\aadhavan\AI-Based Skin Disease Detection and Preliminary Diagnosis System\dataset\5. Melanocytic Nevi (NV) - 7970\ISIC_0030079.jpg,D:\aadhavan\AI-Based Skin Disease Detection and Preliminary Diagnosis System\preprocessing\quarantine\duplicates\5. Melanocytic Nevi (NV) - 7970\ISIC_0024908.jpg,2026-07-26T22:07:28.183871
D:\aadhavan\AI-Based Skin Disease Detection and Preliminary Diagnosis System\dataset\5. Melanocytic Nevi (NV) - 7970\ISIC_0031839.jpg,5. Melanocytic Nevi (NV) - 7970,ISIC_0031839.jpg,D:\aadhavan\AI-Based Skin Disease Detection and Preliminary Diagnosis System\dataset\5. Melanocytic Nevi (NV) - 7970\ISIC_0026455.jpg,D:\aadhavan\AI-Based Skin Disease Detection and Preliminary Diagnosis System\preprocessing\quarantine\duplicates\5. Melanocytic Nevi (NV) - 7970\ISIC_0031839.jpg,2026-07-26T22:07:28.185364
D:\aadhavan\AI-Based Skin Disease Detection and Preliminary Diagnosis System\dataset\5. Melanocytic Nevi (NV) - 7970\ISIC_0029666.jpg,5. Melanocytic Nevi (NV) - 7970,ISIC_0029666.jpg,D:\aadhavan\AI-Based Skin Disease Detection and Preliminary Diagnosis System\dataset\5. Melanocytic Nevi (NV) - 7970\ISIC_0027698.jpg,D:\aadhavan\AI-Based Skin Disease Detection and Preliminary Diagnosis System\preprocessing\quarantine\duplicates\5. Melanocytic Nevi (NV) - 7970\ISIC_0029666.jpg,2026-07-26T22:07:28.187976
D:\aadhavan\AI-Based Skin Disease Detection and Preliminary Diagnosis System\dataset\5. Melanocytic Nevi (NV) - 7970\ISIC_0030225.jpg,5. Melanocytic Nevi (NV) - 7970,ISIC_0030225.jpg,D:\aadhavan\AI-Based Skin Disease Detection and Preliminary Diagnosis System\dataset\5. Melanocytic Nevi (NV) - 7970\ISIC_0029257.jpg,D:\aadhavan\AI-Based Skin Disease Detection and Preliminary Diagnosis System\preprocessing\quarantine\duplicates\5. Melanocytic Nevi (NV) - 7970\ISIC_0030225.jpg,2026-07-26T22:07:28.189208
D:\aadhavan\AI-Based Skin Disease Detection and Preliminary Diagnosis System\dataset\5. Melanocytic Nevi (NV) - 7970\ISIC_0030973.jpg,5. Melanocytic Nevi (NV) - 7970,ISIC_0030973.jpg,D:\aadhavan\AI-Based Skin Disease Detection and Preliminary Diagnosis System\dataset\5. Melanocytic Nevi (NV) - 7970\ISIC_0030444.jpg,D:\aadhavan\AI-Based Skin Disease Detection and Preliminary Diagnosis System\preprocessing\quarantine\duplicates\5. Melanocytic Nevi (NV) - 7970\ISIC_0030973.jpg,2026-07-26T22:07:28.190434
D:\aadhavan\AI-Based Skin Disease Detection and Preliminary Diagnosis System\dataset\6. Benign Keratosis-like Lesions (BKL) 2624\ISIC_0029548.jpg,6. Benign Keratosis-like Lesions (BKL) 2624,ISIC_0029548.jpg,D:\aadhavan\AI-Based Skin Disease Detection and Preliminary Diagnosis System\dataset\6. Benign Keratosis-like Lesions (BKL) 2624\ISIC_0027989.jpg,D:\aadhavan\AI-Based Skin Disease Detection and Preliminary Diagnosis System\preprocessing\quarantine\duplicates\6. Benign Keratosis-like Lesions (BKL) 2624\ISIC_0029548.jpg,2026-07-26T22:07:28.191727
D:\aadhavan\AI-Based Skin Disease Detection and Preliminary Diagnosis System\dataset\6. Benign Keratosis-like Lesions (BKL) 2624\ISIC_0062368.jpg,6. Benign Keratosis-like Lesions (BKL) 2624,ISIC_0062368.jpg,D:\aadhavan\AI-Based Skin Disease Detection and Preliminary Diagnosis System\dataset\6. Benign Keratosis-like Lesions (BKL) 2624\ISIC_0054911.jpg,D:\aadhavan\AI-Based Skin Disease Detection and Preliminary Diagnosis System\preprocessing\quarantine\duplicates\6. Benign Keratosis-like Lesions (BKL) 2624\ISIC_0062368.jpg,2026-07-26T22:07:28.192884
D:\aadhavan\AI-Based Skin Disease Detection and Preliminary Diagnosis System\dataset\6. Benign Keratosis-like Lesions (BKL) 2624\ISIC_0072042.jpg,6. Benign Keratosis-like Lesions (BKL) 2624,ISIC_0072042.jpg,D:\aadhavan\AI-Based Skin Disease Detection and Preliminary Diagnosis System\dataset\6. Benign Keratosis-like Lesions (BKL) 2624\ISIC_0057272.jpg,D:\aadhavan\AI-Based Skin Disease Detection and Preliminary Diagnosis System\preprocessing\quarantine\duplicates\6. Benign Keratosis-like Lesions (BKL) 2624\ISIC_0072042.jpg,2026-07-26T22:07:28.194862
D:\aadhavan\AI-Based Skin Disease Detection and Preliminary Diagnosis System\dataset\6. Benign Keratosis-like Lesions (BKL) 2624\ISIC_0060857.jpg,6. Benign Keratosis-like Lesions (BKL) 2624,ISIC_0060857.jpg,D:\aadhavan\AI-Based Skin Disease Detection and Preliminary Diagnosis System\dataset\6. Benign Keratosis-like Lesions (BKL) 2624\ISIC_0059011.jpg,D:\aadhavan\AI-Based Skin Disease Detection and Preliminary Diagnosis System\preprocessing\quarantine\duplicates\6. Benign Keratosis-like Lesions (BKL) 2624\ISIC_0060857.jpg,2026-07-26T22:07:28.196279
D:\aadhavan\AI-Based Skin Disease Detection and Preliminary Diagnosis System\dataset\6. Benign Keratosis-like Lesions (BKL) 2624\ISIC_0062371.jpg,6. Benign Keratosis-like Lesions (BKL) 2624,ISIC_0062371.jpg,D:\aadhavan\AI-Based Skin Disease Detection and Preliminary Diagnosis System\dataset\6. Benign Keratosis-like Lesions (BKL) 2624\ISIC_0060482.jpg,D:\aadhavan\AI-Based Skin Disease Detection and Preliminary Diagnosis System\preprocessing\quarantine\duplicates\6. Benign Keratosis-like Lesions (BKL) 2624\ISIC_0062371.jpg,2026-07-26T22:07:28.197719
D:\aadhavan\AI-Based Skin Disease Detection and Preliminary Diagnosis System\dataset\6. Benign Keratosis-like Lesions (BKL) 2624\ISIC_0062094.jpg,6. Benign Keratosis-like Lesions (BKL) 2624,ISIC_0062094.jpg,D:\aadhavan\AI-Based Skin Disease Detection and Preliminary Diagnosis System\dataset\6. Benign Keratosis-like Lesions (BKL) 2624\ISIC_0060606.jpg,D:\aadhavan\AI-Based Skin Disease Detection and Preliminary Diagnosis System\preprocessing\quarantine\duplicates\6. Benign Keratosis-like Lesions (BKL) 2624\ISIC_0062094.jpg,2026-07-26T22:07:28.199378
D:\aadhavan\AI-Based Skin Disease Detection and Preliminary Diagnosis System\dataset\6. Benign Keratosis-like Lesions (BKL) 2624\ISIC_0068249.jpg,6. Benign Keratosis-like Lesions (BKL) 2624,ISIC_0068249.jpg,D:\aadhavan\AI-Based Skin Disease Detection and Preliminary Diagnosis System\dataset\6. Benign Keratosis-like Lesions (BKL) 2624\ISIC_0061089.jpg,D:\aadhavan\AI-Based Skin Disease Detection and Preliminary Diagnosis System\preprocessing\quarantine\duplicates\6. Benign Keratosis-like Lesions (BKL) 2624\ISIC_0068249.jpg,2026-07-26T22:07:28.201211
D:\aadhavan\AI-Based Skin Disease Detection and Preliminary Diagnosis System\dataset\6. Benign Keratosis-like Lesions (BKL) 2624\ISIC_0069118.jpg,6. Benign Keratosis-like Lesions (BKL) 2624,ISIC_0069118.jpg,D:\aadhavan\AI-Based Skin Disease Detection and Preliminary Diagnosis System\dataset\6. Benign Keratosis-like Lesions (BKL) 2624\ISIC_0061391.jpg,D:\aadhavan\AI-Based Skin Disease Detection and Preliminary Diagnosis System\preprocessing\quarantine\duplicates\6. Benign Keratosis-like Lesions (BKL) 2624\ISIC_0069118.jpg,2026-07-26T22:07:28.203241
D:\aadhavan\AI-Based Skin Disease Detection and Preliminary Diagnosis System\dataset\6. Benign Keratosis-like Lesions (BKL) 2624\ISIC_0073100.jpg,6. Benign Keratosis-like Lesions (BKL) 2624,ISIC_0073100.jpg,D:\aadhavan\AI-Based Skin Disease Detection and Preliminary Diagnosis System\dataset\6. Benign Keratosis-like Lesions (BKL) 2624\ISIC_0061802.jpg,D:\aadhavan\AI-Based Skin Disease Detection and Preliminary Diagnosis System\preprocessing\quarantine\duplicates\6. Benign Keratosis-like Lesions (BKL) 2624\ISIC_0073100.jpg,2026-07-26T22:07:28.204405
D:\aadhavan\AI-Based Skin Disease Detection and Preliminary Diagnosis System\dataset\6. Benign Keratosis-like Lesions (BKL) 2624\ISIC_0069588.jpg,6. Benign Keratosis-like Lesions (BKL) 2624,ISIC_0069588.jpg,D:\aadhavan\AI-Based Skin Disease Detection and Preliminary Diagnosis System\dataset\6. Benign Keratosis-like Lesions (BKL) 2624\ISIC_0061902.jpg,D:\aadhavan\AI-Based Skin Disease Detection and Preliminary Diagnosis System\preprocessing\quarantine\duplicates\6. Benign Keratosis-like Lesions (BKL) 2624\ISIC_0069588.jpg,2026-07-26T22:07:28.205347
D:\aadhavan\AI-Based Skin Disease Detection and Preliminary Diagnosis System\dataset\6. Benign Keratosis-like Lesions (BKL) 2624\ISIC_0069849.jpg,6. Benign Keratosis-like Lesions (BKL) 2624,ISIC_0069849.jpg,D:\aadhavan\AI-Based Skin Disease Detection and Preliminary Diagnosis System\dataset\6. Benign Keratosis-like Lesions (BKL) 2624\ISIC_0062361.jpg,D:\aadhavan\AI-Based Skin Disease Detection and Preliminary Diagnosis System\preprocessing\quarantine\duplicates\6. Benign Keratosis-like Lesions (BKL) 2624\ISIC_0069849.jpg,2026-07-26T22:07:28.206535
D:\aadhavan\AI-Based Skin Disease Detection and Preliminary Diagnosis System\dataset\6. Benign Keratosis-like Lesions (BKL) 2624\ISIC_0064285.jpg,6. Benign Keratosis-like Lesions (BKL) 2624,ISIC_0064285.jpg,D:\aadhavan\AI-Based Skin Disease Detection and Preliminary Diagnosis System\dataset\6. Benign Keratosis-like Lesions (BKL) 2624\ISIC_0063304.jpg,D:\aadhavan\AI-Based Skin Disease Detection and Preliminary Diagnosis System\preprocessing\quarantine\duplicates\6. Benign Keratosis-like Lesions (BKL) 2624\ISIC_0064285.jpg,2026-07-26T22:07:28.207507
D:\aadhavan\AI-Based Skin Disease Detection and Preliminary Diagnosis System\dataset\6. Benign Keratosis-like Lesions (BKL) 2624\ISIC_0072410.jpg,6. Benign Keratosis-like Lesions (BKL) 2624,ISIC_0072410.jpg,D:\aadhavan\AI-Based Skin Disease Detection and Preliminary Diagnosis System\dataset\6. Benign Keratosis-like Lesions (BKL) 2624\ISIC_0064670.jpg,D:\aadhavan\AI-Based Skin Disease Detection and Preliminary Diagnosis System\preprocessing\quarantine\duplicates\6. Benign Keratosis-like Lesions (BKL) 2624\ISIC_0072410.jpg,2026-07-26T22:07:28.208515
D:\aadhavan\AI-Based Skin Disease Detection and Preliminary Diagnosis System\dataset\6. Benign Keratosis-like Lesions (BKL) 2624\ISIC_0065639.jpg,6. Benign Keratosis-like Lesions (BKL) 2624,ISIC_0065639.jpg,D:\aadhavan\AI-Based Skin Disease Detection and Preliminary Diagnosis System\dataset\6. Benign Keratosis-like Lesions (BKL) 2624\ISIC_0065588.jpg,D:\aadhavan\AI-Based Skin Disease Detection and Preliminary Diagnosis System\preprocessing\quarantine\duplicates\6. Benign Keratosis-like Lesions (BKL) 2624\ISIC_0065639.jpg,2026-07-26T22:07:28.209679
D:\aadhavan\AI-Based Skin Disease Detection and Preliminary Diagnosis System\dataset\6. Benign Keratosis-like Lesions (BKL) 2624\ISIC_0067608.jpg,6. Benign Keratosis-like Lesions (BKL) 2624,ISIC_0067608.jpg,D:\aadhavan\AI-Based Skin Disease Detection and Preliminary Diagnosis System\dataset\6. Benign Keratosis-like Lesions (BKL) 2624\ISIC_0066634.jpg,D:\aadhavan\AI-Based Skin Disease Detection and Preliminary Diagnosis System\preprocessing\quarantine\duplicates\6. Benign Keratosis-like Lesions (BKL) 2624\ISIC_0067608.jpg,2026-07-26T22:07:28.210446
D:\aadhavan\AI-Based Skin Disease Detection and Preliminary Diagnosis System\dataset\7. Psoriasis pictures Lichen Planus and related diseases - 2k\15_17.jpg,7. Psoriasis pictures Lichen Planus and related diseases - 2k,15_17.jpg,D:\aadhavan\AI-Based Skin Disease Detection and Preliminary Diagnosis System\dataset\7. Psoriasis pictures Lichen Planus and related diseases - 2k\15_10.jpg,D:\aadhavan\AI-Based Skin Disease Detection and Preliminary Diagnosis System\preprocessing\quarantine\duplicates\7. Psoriasis pictures Lichen Planus and related diseases - 2k\15_17.jpg,2026-07-26T22:07:28.212302
D:\aadhavan\AI-Based Skin Disease Detection and Preliminary Diagnosis System\dataset\7. Psoriasis pictures Lichen Planus and related diseases - 2k\7_3.jpg,7. Psoriasis pictures Lichen Planus and related diseases - 2k,7_3.jpg,D:\aadhavan\AI-Based Skin Disease Detection and Preliminary Diagnosis System\dataset\7. Psoriasis pictures Lichen Planus and related diseases - 2k\6_0.jpg,D:\aadhavan\AI-Based Skin Disease Detection and Preliminary Diagnosis System\preprocessing\quarantine\duplicates\7. Psoriasis pictures Lichen Planus and related diseases - 2k\7_3.jpg,2026-07-26T22:07:28.213867
D:\aadhavan\AI-Based Skin Disease Detection and Preliminary Diagnosis System\dataset\7. Psoriasis pictures Lichen Planus and related diseases - 2k\t-Lichen-Sclerosus-Skin-42.jpg,7. Psoriasis pictures Lichen Planus and related diseases - 2k,t-Lichen-Sclerosus-Skin-42.jpg,D:\aadhavan\AI-Based Skin Disease Detection and Preliminary Diagnosis System\dataset\7. Psoriasis pictures Lichen Planus and related diseases - 2k\t-08LSASkin.jpg,D:\aadhavan\AI-Based Skin Disease Detection and Preliminary Diagnosis System\preprocessing\quarantine\duplicates\7. Psoriasis pictures Lichen Planus and related diseases - 2k\t-Lichen-Sclerosus-Skin-42.jpg,2026-07-26T22:07:28.215052
D:\aadhavan\AI-Based Skin Disease Detection and Preliminary Diagnosis System\dataset\7. Psoriasis pictures Lichen Planus and related diseases - 2k\t-psoriasis-palms-soles-101.jpg,7. Psoriasis pictures Lichen Planus and related diseases - 2k,t-psoriasis-palms-soles-101.jpg,D:\aadhavan\AI-Based Skin Disease Detection and Preliminary Diagnosis System\dataset\7. Psoriasis pictures Lichen Planus and related diseases - 2k\t-08PsoriasisPustular.jpg,D:\aadhavan\AI-Based Skin Disease Detection and Preliminary Diagnosis System\preprocessing\quarantine\duplicates\7. Psoriasis pictures Lichen Planus and related diseases - 2k\t-psoriasis-palms-soles-101.jpg,2026-07-26T22:07:28.216240
D:\aadhavan\AI-Based Skin Disease Detection and Preliminary Diagnosis System\dataset\7. Psoriasis pictures Lichen Planus and related diseases - 2k\t-08SebDermEArq.jpg,7. Psoriasis pictures Lichen Planus and related diseases - 2k,t-08SebDermEArq.jpg,D:\aadhavan\AI-Based Skin Disease Detection and Preliminary Diagnosis System\dataset\7. Psoriasis pictures Lichen Planus and related diseases - 2k\t-08SebDermEAr.jpg,D:\aadhavan\AI-Based Skin Disease Detection and Preliminary Diagnosis System\preprocessing\quarantine\duplicates\7. Psoriasis pictures Lichen Planus and related diseases - 2k\t-08SebDermEArq.jpg,2026-07-26T22:07:28.217611
D:\aadhavan\AI-Based Skin Disease Detection and Preliminary Diagnosis System\dataset\7. Psoriasis pictures Lichen Planus and related diseases - 2k\t-seborrheic-dermatitis-8.jpg,7. Psoriasis pictures Lichen Planus and related diseases - 2k,t-seborrheic-dermatitis-8.jpg,D:\aadhavan\AI-Based Skin Disease Detection and Preliminary Diagnosis System\dataset\7. Psoriasis pictures Lichen Planus and related diseases - 2k\t-08SebDermq.jpg,D:\aadhavan\AI-Based Skin Disease Detection and Preliminary Diagnosis System\preprocessing\quarantine\duplicates\7. Psoriasis pictures Lichen Planus and related diseases - 2k\t-seborrheic-dermatitis-8.jpg,2026-07-26T22:07:28.220280
D:\aadhavan\AI-Based Skin Disease Detection and Preliminary Diagnosis System\dataset\7. Psoriasis pictures Lichen Planus and related diseases - 2k\t-08SebDermScalpq.jpg,7. Psoriasis pictures Lichen Planus and related diseases - 2k,t-08SebDermScalpq.jpg,D:\aadhavan\AI-Based Skin Disease Detection and Preliminary Diagnosis System\dataset\7. Psoriasis pictures Lichen Planus and related diseases - 2k\t-08SebDermScalp.jpg,D:\aadhavan\AI-Based Skin Disease Detection and Preliminary Diagnosis System\preprocessing\quarantine\duplicates\7. Psoriasis pictures Lichen Planus and related diseases - 2k\t-08SebDermScalpq.jpg,2026-07-26T22:07:28.221978
D:\aadhavan\AI-Based Skin Disease Detection and Preliminary Diagnosis System\dataset\7. Psoriasis pictures Lichen Planus and related diseases - 2k\v-Lichen-Planus-Hypertrophic-16.jpg,7. Psoriasis pictures Lichen Planus and related diseases - 2k,v-Lichen-Planus-Hypertrophic-16.jpg,D:\aadhavan\AI-Based Skin Disease Detection and Preliminary Diagnosis System\dataset\7. Psoriasis pictures Lichen Planus and related diseases - 2k\t-lichen-planus-100.jpg,D:\aadhavan\AI-Based Skin Disease Detection and Preliminary Diagnosis System\preprocessing\quarantine\duplicates\7. Psoriasis pictures Lichen Planus and related diseases - 2k\v-Lichen-Planus-Hypertrophic-16.jpg,2026-07-26T22:07:28.223394
D:\aadhavan\AI-Based Skin Disease Detection and Preliminary Diagnosis System\dataset\7. Psoriasis pictures Lichen Planus and related diseases - 2k\v-lichen-planus-87.jpg,7. Psoriasis pictures Lichen Planus and related diseases - 2k,v-lichen-planus-87.jpg,D:\aadhavan\AI-Based Skin Disease Detection and Preliminary Diagnosis System\dataset\7. Psoriasis pictures Lichen Planus and related diseases - 2k\t-lichen-planus-86.jpg,D:\aadhavan\AI-Based Skin Disease Detection and Preliminary Diagnosis System\preprocessing\quarantine\duplicates\7. Psoriasis pictures Lichen Planus and related diseases - 2k\v-lichen-planus-87.jpg,2026-07-26T22:07:28.224800
D:\aadhavan\AI-Based Skin Disease Detection and Preliminary Diagnosis System\dataset\7. Psoriasis pictures Lichen Planus and related diseases - 2k\t-Lichen-Planus-Hypertrophic-14.jpg,7. Psoriasis pictures Lichen Planus and related diseases - 2k,t-Lichen-Planus-Hypertrophic-14.jpg,D:\aadhavan\AI-Based Skin Disease Detection and Preliminary Diagnosis System\dataset\7. Psoriasis pictures Lichen Planus and related diseases - 2k\t-Lichen-Planus-Hypertrophic-1.jpg,D:\aadhavan\AI-Based Skin Disease Detection and Preliminary Diagnosis System\preprocessing\quarantine\duplicates\7. Psoriasis pictures Lichen Planus and related diseases - 2k\t-Lichen-Planus-Hypertrophic-14.jpg,2026-07-26T22:07:28.225882
D:\aadhavan\AI-Based Skin Disease Detection and Preliminary Diagnosis System\dataset\7. Psoriasis pictures Lichen Planus and related diseases - 2k\t-Lichen-Sclerosus-Penis-1.jpg,7. Psoriasis pictures Lichen Planus and related diseases - 2k,t-Lichen-Sclerosus-Penis-1.jpg,D:\aadhavan\AI-Based Skin Disease Detection and Preliminary Diagnosis System\dataset\7. Psoriasis pictures Lichen Planus and related diseases - 2k\t-Lichen-Planus-Penis-4.jpg,D:\aadhavan\AI-Based Skin Disease Detection and Preliminary Diagnosis System\preprocessing\quarantine\duplicates\7. Psoriasis pictures Lichen Planus and related diseases - 2k\t-Lichen-Sclerosus-Penis-1.jpg,2026-07-26T22:07:28.226824
D:\aadhavan\AI-Based Skin Disease Detection and Preliminary Diagnosis System\dataset\8. Seborrheic Keratoses and other Benign Tumors - 1.8k\t-lichen-striatus-1.jpg,8. Seborrheic Keratoses and other Benign Tumors - 1.8k,t-lichen-striatus-1.jpg,D:\aadhavan\AI-Based Skin Disease Detection and Preliminary Diagnosis System\dataset\7. Psoriasis pictures Lichen Planus and related diseases - 2k\t-lichen-striatus-1.jpg,D:\aadhavan\AI-Based Skin Disease Detection and Preliminary Diagnosis System\preprocessing\quarantine\duplicates\8. Seborrheic Keratoses and other Benign Tumors - 1.8k\t-lichen-striatus-1.jpg,2026-07-26T22:07:28.228000
D:\aadhavan\AI-Based Skin Disease Detection and Preliminary Diagnosis System\dataset\8. Seborrheic Keratoses and other Benign Tumors - 1.8k\t-lichen-striatus-2.jpg,8. Seborrheic Keratoses and other Benign Tumors - 1.8k,t-lichen-striatus-2.jpg,D:\aadhavan\AI-Based Skin Disease Detection and Preliminary Diagnosis System\dataset\7. Psoriasis pictures Lichen Planus and related diseases - 2k\t-lichen-striatus-2.jpg,D:\aadhavan\AI-Based Skin Disease Detection and Preliminary Diagnosis System\preprocessing\quarantine\duplicates\8. Seborrheic Keratoses and other Benign Tumors - 1.8k\t-lichen-striatus-2.jpg,2026-07-26T22:07:28.228829
D:\aadhavan\AI-Based Skin Disease Detection and Preliminary Diagnosis System\dataset\7. Psoriasis pictures Lichen Planus and related diseases - 2k\t-pityriasis-rosea-137.jpg,7. Psoriasis pictures Lichen Planus and related diseases - 2k,t-pityriasis-rosea-137.jpg,D:\aadhavan\AI-Based Skin Disease Detection and Preliminary Diagnosis System\dataset\7. Psoriasis pictures Lichen Planus and related diseases - 2k\t-pityriasis-rosea-112.jpg,D:\aadhavan\AI-Based Skin Disease Detection and Preliminary Diagnosis System\preprocessing\quarantine\duplicates\7. Psoriasis pictures Lichen Planus and related diseases - 2k\t-pityriasis-rosea-137.jpg,2026-07-26T22:07:28.229831
D:\aadhavan\AI-Based Skin Disease Detection and Preliminary Diagnosis System\dataset\7. Psoriasis pictures Lichen Planus and related diseases - 2k\v-pityriasis-rosea-139.jpg,7. Psoriasis pictures Lichen Planus and related diseases - 2k,v-pityriasis-rosea-139.jpg,D:\aadhavan\AI-Based Skin Disease Detection and Preliminary Diagnosis System\dataset\7. Psoriasis pictures Lichen Planus and related diseases - 2k\t-pityriasis-rosea-114.jpg,D:\aadhavan\AI-Based Skin Disease Detection and Preliminary Diagnosis System\preprocessing\quarantine\duplicates\7. Psoriasis pictures Lichen Planus and related diseases - 2k\v-pityriasis-rosea-139.jpg,2026-07-26T22:07:28.230737
D:\aadhavan\AI-Based Skin Disease Detection and Preliminary Diagnosis System\dataset\7. Psoriasis pictures Lichen Planus and related diseases - 2k\t-psoriasis-pustular-generalized-65.jpg,7. Psoriasis pictures Lichen Planus and related diseases - 2k,t-psoriasis-pustular-generalized-65.jpg,D:\aadhavan\AI-Based Skin Disease Detection and Preliminary Diagnosis System\dataset\7. Psoriasis pictures Lichen Planus and related diseases - 2k\t-psoriasis-erythrodermic-27.jpg,D:\aadhavan\AI-Based Skin Disease Detection and Preliminary Diagnosis System\preprocessing\quarantine\duplicates\7. Psoriasis pictures Lichen Planus and related diseases - 2k\t-psoriasis-pustular-generalized-65.jpg,2026-07-26T22:07:28.231806
D:\aadhavan\AI-Based Skin Disease Detection and Preliminary Diagnosis System\dataset\7. Psoriasis pictures Lichen Planus and related diseases - 2k\v-Psoriasis-Hand-34.jpg,7. Psoriasis pictures Lichen Planus and related diseases - 2k,v-Psoriasis-Hand-34.jpg,D:\aadhavan\AI-Based Skin Disease Detection and Preliminary Diagnosis System\dataset\7. Psoriasis pictures Lichen Planus and related diseases - 2k\t-psoriasis-erythrodermic-27.jpg,D:\aadhavan\AI-Based Skin Disease Detection and Preliminary Diagnosis System\preprocessing\quarantine\duplicates\7. Psoriasis pictures Lichen Planus and related diseases - 2k\v-Psoriasis-Hand-34.jpg,2026-07-26T22:07:28.232653
D:\aadhavan\AI-Based Skin Disease Detection and Preliminary Diagnosis System\dataset\7. Psoriasis pictures Lichen Planus and related diseases - 2k\t-Psoriasis-Hand-33.jpg,7. Psoriasis pictures Lichen Planus and related diseases - 2k,t-Psoriasis-Hand-33.jpg,D:\aadhavan\AI-Based Skin Disease Detection and Preliminary Diagnosis System\dataset\7. Psoriasis pictures Lichen Planus and related diseases - 2k\t-psoriasis-erythrodermic-28.jpg,D:\aadhavan\AI-Based Skin Disease Detection and Preliminary Diagnosis System\preprocessing\quarantine\duplicates\7. Psoriasis pictures Lichen Planus and related diseases - 2k\t-Psoriasis-Hand-33.jpg,2026-07-26T22:07:28.233545
D:\aadhavan\AI-Based Skin Disease Detection and Preliminary Diagnosis System\dataset\7. Psoriasis pictures Lichen Planus and related diseases - 2k\t-psoriasis-erythrodermic-30.jpg,7. Psoriasis pictures Lichen Planus and related diseases - 2k,t-psoriasis-erythrodermic-30.jpg,D:\aadhavan\AI-Based Skin Disease Detection and Preliminary Diagnosis System\dataset\7. Psoriasis pictures Lichen Planus and related diseases - 2k\t-psoriasis-erythrodermic-29.jpg,D:\aadhavan\AI-Based Skin Disease Detection and Preliminary Diagnosis System\preprocessing\quarantine\duplicates\7. Psoriasis pictures Lichen Planus and related diseases - 2k\t-psoriasis-erythrodermic-30.jpg,2026-07-26T22:07:28.234900
D:\aadhavan\AI-Based Skin Disease Detection and Preliminary Diagnosis System\dataset\7. Psoriasis pictures Lichen Planus and related diseases - 2k\t-Psoriasis-Hand-27.jpg,7. Psoriasis pictures Lichen Planus and related diseases - 2k,t-Psoriasis-Hand-27.jpg,D:\aadhavan\AI-Based Skin Disease Detection and Preliminary Diagnosis System\dataset\7. Psoriasis pictures Lichen Planus and related diseases - 2k\t-psoriasis-erythrodermic-29.jpg,D:\aadhavan\AI-Based Skin Disease Detection and Preliminary Diagnosis System\preprocessing\quarantine\duplicates\7. Psoriasis pictures Lichen Planus and related diseases - 2k\t-Psoriasis-Hand-27.jpg,2026-07-26T22:07:28.235755
D:\aadhavan\AI-Based Skin Disease Detection and Preliminary Diagnosis System\dataset\7. Psoriasis pictures Lichen Planus and related diseases - 2k\t-Psoriasis-Hand-24.jpg,7. Psoriasis pictures Lichen Planus and related diseases - 2k,t-Psoriasis-Hand-24.jpg,D:\aadhavan\AI-Based Skin Disease Detection and Preliminary Diagnosis System\dataset\7. Psoriasis pictures Lichen Planus and related diseases - 2k\t-psoriasis-erythrodermic-31.jpg,D:\aadhavan\AI-Based Skin Disease Detection and Preliminary Diagnosis System\preprocessing\quarantine\duplicates\7. Psoriasis pictures Lichen Planus and related diseases - 2k\t-Psoriasis-Hand-24.jpg,2026-07-26T22:07:28.236950
D:\aadhavan\AI-Based Skin Disease Detection and Preliminary Diagnosis System\dataset\7. Psoriasis pictures Lichen Planus and related diseases - 2k\t-Psoriasis-Hand-23.jpg,7. Psoriasis pictures Lichen Planus and related diseases - 2k,t-Psoriasis-Hand-23.jpg,D:\aadhavan\AI-Based Skin Disease Detection and Preliminary Diagnosis System\dataset\7. Psoriasis pictures Lichen Planus and related diseases - 2k\t-psoriasis-erythrodermic-32.jpg,D:\aadhavan\AI-Based Skin Disease Detection and Preliminary Diagnosis System\preprocessing\quarantine\duplicates\7. Psoriasis pictures Lichen Planus and related diseases - 2k\t-Psoriasis-Hand-23.jpg,2026-07-26T22:07:28.237839
D:\aadhavan\AI-Based Skin Disease Detection and Preliminary Diagnosis System\dataset\7. Psoriasis pictures Lichen Planus and related diseases - 2k\t-Psoriasis-Hand-21.jpg,7. Psoriasis pictures Lichen Planus and related diseases - 2k,t-Psoriasis-Hand-21.jpg,D:\aadhavan\AI-Based Skin Disease Detection and Preliminary Diagnosis System\dataset\7. Psoriasis pictures Lichen Planus and related diseases - 2k\t-psoriasis-erythrodermic-34.jpg,D:\aadhavan\AI-Based Skin Disease Detection and Preliminary Diagnosis System\preprocessing\quarantine\duplicates\7. Psoriasis pictures Lichen Planus and related diseases - 2k\t-Psoriasis-Hand-21.jpg,2026-07-26T22:07:28.238713
D:\aadhavan\AI-Based Skin Disease Detection and Preliminary Diagnosis System\dataset\7. Psoriasis pictures Lichen Planus and related diseases - 2k\t-Psoriasis-Guttate-20.jpg,7. Psoriasis pictures Lichen Planus and related diseases - 2k,t-Psoriasis-Guttate-20.jpg,D:\aadhavan\AI-Based Skin Disease Detection and Preliminary Diagnosis System\dataset\7. Psoriasis pictures Lichen Planus and related diseases - 2k\t-Psoriasis-Guttate-36.jpg,D:\aadhavan\AI-Based Skin Disease Detection and Preliminary Diagnosis System\preprocessing\quarantine\duplicates\7. Psoriasis pictures Lichen Planus and related diseases - 2k\t-Psoriasis-Guttate-20.jpg,2026-07-26T22:07:28.239537
D:\aadhavan\AI-Based Skin Disease Detection and Preliminary Diagnosis System\dataset\7. Psoriasis pictures Lichen Planus and related diseases - 2k\t-Psoriasis-Guttate-23.jpg,7. Psoriasis pictures Lichen Planus and related diseases - 2k,t-Psoriasis-Guttate-23.jpg,D:\aadhavan\AI-Based Skin Disease Detection and Preliminary Diagnosis System\dataset\7. Psoriasis pictures Lichen Planus and related diseases - 2k\t-Psoriasis-Guttate-39.jpg,D:\aadhavan\AI-Based Skin Disease Detection and Preliminary Diagnosis System\preprocessing\quarantine\duplicates\7. Psoriasis pictures Lichen Planus and related diseases - 2k\t-Psoriasis-Guttate-23.jpg,2026-07-26T22:07:28.240535
D:\aadhavan\AI-Based Skin Disease Detection and Preliminary Diagnosis System\dataset\7. Psoriasis pictures Lichen Planus and related diseases - 2k\t-Psoriasis-Guttate-24.jpg,7. Psoriasis pictures Lichen Planus and related diseases - 2k,t-Psoriasis-Guttate-24.jpg,D:\aadhavan\AI-Based Skin Disease Detection and Preliminary Diagnosis System\dataset\7. Psoriasis pictures Lichen Planus and related diseases - 2k\t-Psoriasis-Guttate-40.jpg,D:\aadhavan\AI-Based Skin Disease Detection and Preliminary Diagnosis System\preprocessing\quarantine\duplicates\7. Psoriasis pictures Lichen Planus and related diseases - 2k\t-Psoriasis-Guttate-24.jpg,2026-07-26T22:07:28.241367
D:\aadhavan\AI-Based Skin Disease Detection and Preliminary Diagnosis System\dataset\7. Psoriasis pictures Lichen Planus and related diseases - 2k\t-Psoriasis-Guttate-41.jpg,7. Psoriasis pictures Lichen Planus and related diseases - 2k,t-Psoriasis-Guttate-41.jpg,D:\aadhavan\AI-Based Skin Disease Detection and Preliminary Diagnosis System\dataset\7. Psoriasis pictures Lichen Planus and related diseases - 2k\t-Psoriasis-Guttate-25.jpg,D:\aadhavan\AI-Based Skin Disease Detection and Preliminary Diagnosis System\preprocessing\quarantine\duplicates\7. Psoriasis pictures Lichen Planus and related diseases - 2k\t-Psoriasis-Guttate-41.jpg,2026-07-26T22:07:28.242241
D:\aadhavan\AI-Based Skin Disease Detection and Preliminary Diagnosis System\dataset\7. Psoriasis pictures Lichen Planus and related diseases - 2k\t-Psoriasis-Guttate-42.jpg,7. Psoriasis pictures Lichen Planus and related diseases - 2k,t-Psoriasis-Guttate-42.jpg,D:\aadhavan\AI-Based Skin Disease Detection and Preliminary Diagnosis System\dataset\7. Psoriasis pictures Lichen Planus and related diseases - 2k\t-Psoriasis-Guttate-26.jpg,D:\aadhavan\AI-Based Skin Disease Detection and Preliminary Diagnosis System\preprocessing\quarantine\duplicates\7. Psoriasis pictures Lichen Planus and related diseases - 2k\t-Psoriasis-Guttate-42.jpg,2026-07-26T22:07:28.243605
D:\aadhavan\AI-Based Skin Disease Detection and Preliminary Diagnosis System\dataset\7. Psoriasis pictures Lichen Planus and related diseases - 2k\v-psoriasis-palms-soles-193.jpg,7. Psoriasis pictures Lichen Planus and related diseases - 2k,v-psoriasis-palms-soles-193.jpg,D:\aadhavan\AI-Based Skin Disease Detection and Preliminary Diagnosis System\dataset\7. Psoriasis pictures Lichen Planus and related diseases - 2k\t-Psoriasis-Hand-1.jpg,D:\aadhavan\AI-Based Skin Disease Detection and Preliminary Diagnosis System\preprocessing\quarantine\duplicates\7. Psoriasis pictures Lichen Planus and related diseases - 2k\v-psoriasis-palms-soles-193.jpg,2026-07-26T22:07:28.245404
D:\aadhavan\AI-Based Skin Disease Detection and Preliminary Diagnosis System\dataset\7. Psoriasis pictures Lichen Planus and related diseases - 2k\t-Psoriasis-Hand-20.jpg,7. Psoriasis pictures Lichen Planus and related diseases - 2k,t-Psoriasis-Hand-20.jpg,D:\aadhavan\AI-Based Skin Disease Detection and Preliminary Diagnosis System\dataset\7. Psoriasis pictures Lichen Planus and related diseases - 2k\t-Psoriasis-Hand-19.jpg,D:\aadhavan\AI-Based Skin Disease Detection and Preliminary Diagnosis System\preprocessing\quarantine\duplicates\7. Psoriasis pictures Lichen Planus and related diseases - 2k\t-Psoriasis-Hand-20.jpg,2026-07-26T22:07:28.246897
D:\aadhavan\AI-Based Skin Disease Detection and Preliminary Diagnosis System\dataset\7. Psoriasis pictures Lichen Planus and related diseases - 2k\t-psoriasis-palms-soles-137.jpg,7. Psoriasis pictures Lichen Planus and related diseases - 2k,t-psoriasis-palms-soles-137.jpg,D:\aadhavan\AI-Based Skin Disease Detection and Preliminary Diagnosis System\dataset\7. Psoriasis pictures Lichen Planus and related diseases - 2k\t-Psoriasis-Hand-19.jpg,D:\aadhavan\AI-Based Skin Disease Detection and Preliminary Diagnosis System\preprocessing\quarantine\duplicates\7. Psoriasis pictures Lichen Planus and related diseases - 2k\t-psoriasis-palms-soles-137.jpg,2026-07-26T22:07:28.248155
D:\aadhavan\AI-Based Skin Disease Detection and Preliminary Diagnosis System\dataset\7. Psoriasis pictures Lichen Planus and related diseases - 2k\v-psoriasis-erythrodermic-33.jpg,7. Psoriasis pictures Lichen Planus and related diseases - 2k,v-psoriasis-erythrodermic-33.jpg,D:\aadhavan\AI-Based Skin Disease Detection and Preliminary Diagnosis System\dataset\7. Psoriasis pictures Lichen Planus and related diseases - 2k\t-Psoriasis-Hand-22.jpg,D:\aadhavan\AI-Based Skin Disease Detection and Preliminary Diagnosis System\preprocessing\quarantine\duplicates\7. Psoriasis pictures Lichen Planus and related diseases - 2k\v-psoriasis-erythrodermic-33.jpg,2026-07-26T22:07:28.249475
D:\aadhavan\AI-Based Skin Disease Detection and Preliminary Diagnosis System\dataset\7. Psoriasis pictures Lichen Planus and related diseases - 2k\t-Psoriasis-Hand-26.jpg,7. Psoriasis pictures Lichen Planus and related diseases - 2k,t-Psoriasis-Hand-26.jpg,D:\aadhavan\AI-Based Skin Disease Detection and Preliminary Diagnosis System\dataset\7. Psoriasis pictures Lichen Planus and related diseases - 2k\t-Psoriasis-Hand-25.jpg,D:\aadhavan\AI-Based Skin Disease Detection and Preliminary Diagnosis System\preprocessing\quarantine\duplicates\7. Psoriasis pictures Lichen Planus and related diseases - 2k\t-Psoriasis-Hand-26.jpg,2026-07-26T22:07:28.250744
D:\aadhavan\AI-Based Skin Disease Detection and Preliminary Diagnosis System\dataset\7. Psoriasis pictures Lichen Planus and related diseases - 2k\v-psoriasis-palms-soles-125.jpg,7. Psoriasis pictures Lichen Planus and related diseases - 2k,v-psoriasis-palms-soles-125.jpg,D:\aadhavan\AI-Based Skin Disease Detection and Preliminary Diagnosis System\dataset\7. Psoriasis pictures Lichen Planus and related diseases - 2k\t-Psoriasis-Hand-42.jpg,D:\aadhavan\AI-Based Skin Disease Detection and Preliminary Diagnosis System\preprocessing\quarantine\duplicates\7. Psoriasis pictures Lichen Planus and related diseases - 2k\v-psoriasis-palms-soles-125.jpg,2026-07-26T22:07:28.252175
D:\aadhavan\AI-Based Skin Disease Detection and Preliminary Diagnosis System\dataset\7. Psoriasis pictures Lichen Planus and related diseases - 2k\t-psoriasis-palms-soles-103.jpg,7. Psoriasis pictures Lichen Planus and related diseases - 2k,t-psoriasis-palms-soles-103.jpg,D:\aadhavan\AI-Based Skin Disease Detection and Preliminary Diagnosis System\dataset\7. Psoriasis pictures Lichen Planus and related diseases - 2k\t-Psoriasis-Hand-46.jpg,D:\aadhavan\AI-Based Skin Disease Detection and Preliminary Diagnosis System\preprocessing\quarantine\duplicates\7. Psoriasis pictures Lichen Planus and related diseases - 2k\t-psoriasis-palms-soles-103.jpg,2026-07-26T22:07:28.254117
D:\aadhavan\AI-Based Skin Disease Detection and Preliminary Diagnosis System\dataset\7. Psoriasis pictures Lichen Planus and related diseases - 2k\t-PsoriasisScrotumNail.jpg,7. Psoriasis pictures Lichen Planus and related diseases - 2k,t-PsoriasisScrotumNail.jpg,D:\aadhavan\AI-Based Skin Disease Detection and Preliminary Diagnosis System\dataset\7. Psoriasis pictures Lichen Planus and related diseases - 2k\t-Psoriasis-inversus-32.jpg,D:\aadhavan\AI-Based Skin Disease Detection and Preliminary Diagnosis System\preprocessing\quarantine\duplicates\7. Psoriasis pictures Lichen Planus and related diseases - 2k\t-PsoriasisScrotumNail.jpg,2026-07-26T22:07:28.255599
D:\aadhavan\AI-Based Skin Disease Detection and Preliminary Diagnosis System\dataset\7. Psoriasis pictures Lichen Planus and related diseases - 2k\v-Psoriasis-nails-2.jpg,7. Psoriasis pictures Lichen Planus and related diseases - 2k,v-Psoriasis-nails-2.jpg,D:\aadhavan\AI-Based Skin Disease Detection and Preliminary Diagnosis System\dataset\7. Psoriasis pictures Lichen Planus and related diseases - 2k\t-Psoriasis-nails-1.jpg,D:\aadhavan\AI-Based Skin Disease Detection and Preliminary Diagnosis System\preprocessing\quarantine\duplicates\7. Psoriasis pictures Lichen Planus and related diseases - 2k\v-Psoriasis-nails-2.jpg,2026-07-26T22:07:28.257185
D:\aadhavan\AI-Based Skin Disease Detection and Preliminary Diagnosis System\dataset\7. Psoriasis pictures Lichen Planus and related diseases - 2k\v-Psoriasis-nails-3.jpg,7. Psoriasis pictures Lichen Planus and related diseases - 2k,v-Psoriasis-nails-3.jpg,D:\aadhavan\AI-Based Skin Disease Detection and Preliminary Diagnosis System\dataset\7. Psoriasis pictures Lichen Planus and related diseases - 2k\t-Psoriasis-nails-4.jpg,D:\aadhavan\AI-Based Skin Disease Detection and Preliminary Diagnosis System\preprocessing\quarantine\duplicates\7. Psoriasis pictures Lichen Planus and related diseases - 2k\v-Psoriasis-nails-3.jpg,2026-07-26T22:07:28.258694
D:\aadhavan\AI-Based Skin Disease Detection and Preliminary Diagnosis System\dataset\7. Psoriasis pictures Lichen Planus and related diseases - 2k\v-Psoriasis-Hand-44.jpg,7. Psoriasis pictures Lichen Planus and related diseases - 2k,v-Psoriasis-Hand-44.jpg,D:\aadhavan\AI-Based Skin Disease Detection and Preliminary Diagnosis System\dataset\7. Psoriasis pictures Lichen Planus and related diseases - 2k\t-psoriasis-palms-soles-110.jpg,D:\aadhavan\AI-Based Skin Disease Detection and Preliminary Diagnosis System\preprocessing\quarantine\duplicates\7. Psoriasis pictures Lichen Planus and related diseases - 2k\v-Psoriasis-Hand-44.jpg,2026-07-26T22:07:28.260001
D:\aadhavan\AI-Based Skin Disease Detection and Preliminary Diagnosis System\dataset\7. Psoriasis pictures Lichen Planus and related diseases - 2k\t-psoriasis-palms-soles-138.jpg,7. Psoriasis pictures Lichen Planus and related diseases - 2k,t-psoriasis-palms-soles-138.jpg,D:\aadhavan\AI-Based Skin Disease Detection and Preliminary Diagnosis System\dataset\7. Psoriasis pictures Lichen Planus and related diseases - 2k\t-psoriasis-palms-soles-126.jpg,D:\aadhavan\AI-Based Skin Disease Detection and Preliminary Diagnosis System\preprocessing\quarantine\duplicates\7. Psoriasis pictures Lichen Planus and related diseases - 2k\t-psoriasis-palms-soles-138.jpg,2026-07-26T22:07:28.261516
D:\aadhavan\AI-Based Skin Disease Detection and Preliminary Diagnosis System\dataset\7. Psoriasis pictures Lichen Planus and related diseases - 2k\v-Psoriasis-Hand-7.jpg,7. Psoriasis pictures Lichen Planus and related diseases - 2k,v-Psoriasis-Hand-7.jpg,D:\aadhavan\AI-Based Skin Disease Detection and Preliminary Diagnosis System\dataset\7. Psoriasis pictures Lichen Planus and related diseases - 2k\t-psoriasis-palms-soles-179.jpg,D:\aadhavan\AI-Based Skin Disease Detection and Preliminary Diagnosis System\preprocessing\quarantine\duplicates\7. Psoriasis pictures Lichen Planus and related diseases - 2k\v-Psoriasis-Hand-7.jpg,2026-07-26T22:07:28.262984
D:\aadhavan\AI-Based Skin Disease Detection and Preliminary Diagnosis System\dataset\7. Psoriasis pictures Lichen Planus and related diseases - 2k\t-psoriasis-palms-soles-80.jpg,7. Psoriasis pictures Lichen Planus and related diseases - 2k,t-psoriasis-palms-soles-80.jpg,D:\aadhavan\AI-Based Skin Disease Detection and Preliminary Diagnosis System\dataset\7. Psoriasis pictures Lichen Planus and related diseases - 2k\t-psoriasis-palms-soles-79.jpg,D:\aadhavan\AI-Based Skin Disease Detection and Preliminary Diagnosis System\preprocessing\quarantine\duplicates\7. Psoriasis pictures Lichen Planus and related diseases - 2k\t-psoriasis-palms-soles-80.jpg,2026-07-26T22:07:28.264274
D:\aadhavan\AI-Based Skin Disease Detection and Preliminary Diagnosis System\dataset\7. Psoriasis pictures Lichen Planus and related diseases - 2k\v-psoriasis-palms-soles-81.jpg,7. Psoriasis pictures Lichen Planus and related diseases - 2k,v-psoriasis-palms-soles-81.jpg,D:\aadhavan\AI-Based Skin Disease Detection and Preliminary Diagnosis System\dataset\7. Psoriasis pictures Lichen Planus and related diseases - 2k\t-psoriasis-palms-soles-82.jpg,D:\aadhavan\AI-Based Skin Disease Detection and Preliminary Diagnosis System\preprocessing\quarantine\duplicates\7. Psoriasis pictures Lichen Planus and related diseases - 2k\v-psoriasis-palms-soles-81.jpg,2026-07-26T22:07:28.265420
D:\aadhavan\AI-Based Skin Disease Detection and Preliminary Diagnosis System\dataset\7. Psoriasis pictures Lichen Planus and related diseases - 2k\t-psoriasis-palms-soles-91.jpg,7. Psoriasis pictures Lichen Planus and related diseases - 2k,t-psoriasis-palms-soles-91.jpg,D:\aadhavan\AI-Based Skin Disease Detection and Preliminary Diagnosis System\dataset\7. Psoriasis pictures Lichen Planus and related diseases - 2k\t-psoriasis-palms-soles-90.jpg,D:\aadhavan\AI-Based Skin Disease Detection and Preliminary Diagnosis System\preprocessing\quarantine\duplicates\7. Psoriasis pictures Lichen Planus and related diseases - 2k\t-psoriasis-palms-soles-91.jpg,2026-07-26T22:07:28.266328
D:\aadhavan\AI-Based Skin Disease Detection and Preliminary Diagnosis System\dataset\7. Psoriasis pictures Lichen Planus and related diseases - 2k\v-psoriasis-palms-soles-88.jpg,7. Psoriasis pictures Lichen Planus and related diseases - 2k,v-psoriasis-palms-soles-88.jpg,D:\aadhavan\AI-Based Skin Disease Detection and Preliminary Diagnosis System\dataset\7. Psoriasis pictures Lichen Planus and related diseases - 2k\t-psoriasis-palms-soles-92.jpg,D:\aadhavan\AI-Based Skin Disease Detection and Preliminary Diagnosis System\preprocessing\quarantine\duplicates\7. Psoriasis pictures Lichen Planus and related diseases - 2k\v-psoriasis-palms-soles-88.jpg,2026-07-26T22:07:28.267224
D:\aadhavan\AI-Based Skin Disease Detection and Preliminary Diagnosis System\dataset\7. Psoriasis pictures Lichen Planus and related diseases - 2k\t-seborrheic-dermatitis-127.jpg,7. Psoriasis pictures Lichen Planus and related diseases - 2k,t-seborrheic-dermatitis-127.jpg,D:\aadhavan\AI-Based Skin Disease Detection and Preliminary Diagnosis System\dataset\7. Psoriasis pictures Lichen Planus and related diseases - 2k\t-psoriasis-scalp-68.jpg,D:\aadhavan\AI-Based Skin Disease Detection and Preliminary Diagnosis System\preprocessing\quarantine\duplicates\7. Psoriasis pictures Lichen Planus and related diseases - 2k\t-seborrheic-dermatitis-127.jpg,2026-07-26T22:07:28.268029
D:\aadhavan\AI-Based Skin Disease Detection and Preliminary Diagnosis System\dataset\7. Psoriasis pictures Lichen Planus and related diseases - 2k\v-reiter-syndrome-19.jpg,7. Psoriasis pictures Lichen Planus and related diseases - 2k,v-reiter-syndrome-19.jpg,D:\aadhavan\AI-Based Skin Disease Detection and Preliminary Diagnosis System\dataset\7. Psoriasis pictures Lichen Planus and related diseases - 2k\t-reiter-syndrome-18.jpg,D:\aadhavan\AI-Based Skin Disease Detection and Preliminary Diagnosis System\preprocessing\quarantine\duplicates\7. Psoriasis pictures Lichen Planus and related diseases - 2k\v-reiter-syndrome-19.jpg,2026-07-26T22:07:28.269005
D:\aadhavan\AI-Based Skin Disease Detection and Preliminary Diagnosis System\dataset\7. Psoriasis pictures Lichen Planus and related diseases - 2k\t-reiter-syndrome-21.jpg,7. Psoriasis pictures Lichen Planus and related diseases - 2k,t-reiter-syndrome-21.jpg,D:\aadhavan\AI-Based Skin Disease Detection and Preliminary Diagnosis System\dataset\7. Psoriasis pictures Lichen Planus and related diseases - 2k\t-reiter-syndrome-20.jpg,D:\aadhavan\AI-Based Skin Disease Detection and Preliminary Diagnosis System\preprocessing\quarantine\duplicates\7. Psoriasis pictures Lichen Planus and related diseases - 2k\t-reiter-syndrome-21.jpg,2026-07-26T22:07:28.270035
D:\aadhavan\AI-Based Skin Disease Detection and Preliminary Diagnosis System\dataset\7. Psoriasis pictures Lichen Planus and related diseases - 2k\v-psoriasis-palms-soles-87.jpg,7. Psoriasis pictures Lichen Planus and related diseases - 2k,v-psoriasis-palms-soles-87.jpg,D:\aadhavan\AI-Based Skin Disease Detection and Preliminary Diagnosis System\dataset\7. Psoriasis pictures Lichen Planus and related diseases - 2k\v-Psoriasis-Chronic-Plaque-131.jpg,D:\aadhavan\AI-Based Skin Disease Detection and Preliminary Diagnosis System\preprocessing\quarantine\duplicates\7. Psoriasis pictures Lichen Planus and related diseases - 2k\v-psoriasis-palms-soles-87.jpg,2026-07-26T22:07:28.271222
D:\aadhavan\AI-Based Skin Disease Detection and Preliminary Diagnosis System\dataset\7. Psoriasis pictures Lichen Planus and related diseases - 2k\v-seborrheic-dermatitis-89.jpg,7. Psoriasis pictures Lichen Planus and related diseases - 2k,v-seborrheic-dermatitis-89.jpg,D:\aadhavan\AI-Based Skin Disease Detection and Preliminary Diagnosis System\dataset\7. Psoriasis pictures Lichen Planus and related diseases - 2k\v-seborrheic-dermatitis-78.jpg,D:\aadhavan\AI-Based Skin Disease Detection and Preliminary Diagnosis System\preprocessing\quarantine\duplicates\7. Psoriasis pictures Lichen Planus and related diseases - 2k\v-seborrheic-dermatitis-89.jpg,2026-07-26T22:07:28.272353
D:\aadhavan\AI-Based Skin Disease Detection and Preliminary Diagnosis System\dataset\8. Seborrheic Keratoses and other Benign Tumors - 1.8k\2_31.jpg,8. Seborrheic Keratoses and other Benign Tumors - 1.8k,2_31.jpg,D:\aadhavan\AI-Based Skin Disease Detection and Preliminary Diagnosis System\dataset\8. Seborrheic Keratoses and other Benign Tumors - 1.8k\2_4.jpg,D:\aadhavan\AI-Based Skin Disease Detection and Preliminary Diagnosis System\preprocessing\quarantine\duplicates\8. Seborrheic Keratoses and other Benign Tumors - 1.8k\2_31.jpg,2026-07-26T22:07:28.273366
D:\aadhavan\AI-Based Skin Disease Detection and Preliminary Diagnosis System\dataset\8. Seborrheic Keratoses and other Benign Tumors - 1.8k\3_3.jpg,8. Seborrheic Keratoses and other Benign Tumors - 1.8k,3_3.jpg,D:\aadhavan\AI-Based Skin Disease Detection and Preliminary Diagnosis System\dataset\8. Seborrheic Keratoses and other Benign Tumors - 1.8k\3_11.jpg,D:\aadhavan\AI-Based Skin Disease Detection and Preliminary Diagnosis System\preprocessing\quarantine\duplicates\8. Seborrheic Keratoses and other Benign Tumors - 1.8k\3_3.jpg,2026-07-26T22:07:28.274259
D:\aadhavan\AI-Based Skin Disease Detection and Preliminary Diagnosis System\dataset\8. Seborrheic Keratoses and other Benign Tumors - 1.8k\v-dermatofibroma-45.jpg,8. Seborrheic Keratoses and other Benign Tumors - 1.8k,v-dermatofibroma-45.jpg,D:\aadhavan\AI-Based Skin Disease Detection and Preliminary Diagnosis System\dataset\8. Seborrheic Keratoses and other Benign Tumors - 1.8k\t-dermatofibroma-51.jpg,D:\aadhavan\AI-Based Skin Disease Detection and Preliminary Diagnosis System\preprocessing\quarantine\duplicates\8. Seborrheic Keratoses and other Benign Tumors - 1.8k\v-dermatofibroma-45.jpg,2026-07-26T22:07:28.275341
D:\aadhavan\AI-Based Skin Disease Detection and Preliminary Diagnosis System\dataset\8. Seborrheic Keratoses and other Benign Tumors - 1.8k\t-epidermal-cyst-168.jpg,8. Seborrheic Keratoses and other Benign Tumors - 1.8k,t-epidermal-cyst-168.jpg,D:\aadhavan\AI-Based Skin Disease Detection and Preliminary Diagnosis System\dataset\8. Seborrheic Keratoses and other Benign Tumors - 1.8k\t-epidermal-cyst-167.jpg,D:\aadhavan\AI-Based Skin Disease Detection and Preliminary Diagnosis System\preprocessing\quarantine\duplicates\8. Seborrheic Keratoses and other Benign Tumors - 1.8k\t-epidermal-cyst-168.jpg,2026-07-26T22:07:28.276632
D:\aadhavan\AI-Based Skin Disease Detection and Preliminary Diagnosis System\dataset\8. Seborrheic Keratoses and other Benign Tumors - 1.8k\t-pilar-cyst-33.jpg,8. Seborrheic Keratoses and other Benign Tumors - 1.8k,t-pilar-cyst-33.jpg,D:\aadhavan\AI-Based Skin Disease Detection and Preliminary Diagnosis System\dataset\8. Seborrheic Keratoses and other Benign Tumors - 1.8k\t-epidermal-cyst-98.jpg,D:\aadhavan\AI-Based Skin Disease Detection and Preliminary Diagnosis System\preprocessing\quarantine\duplicates\8. Seborrheic Keratoses and other Benign Tumors - 1.8k\t-pilar-cyst-33.jpg,2026-07-26T22:07:28.277691
D:\aadhavan\AI-Based Skin Disease Detection and Preliminary Diagnosis System\dataset\8. Seborrheic Keratoses and other Benign Tumors - 1.8k\v-pilar-cyst-34.jpg,8. Seborrheic Keratoses and other Benign Tumors - 1.8k,v-pilar-cyst-34.jpg,D:\aadhavan\AI-Based Skin Disease Detection and Preliminary Diagnosis System\dataset\8. Seborrheic Keratoses and other Benign Tumors - 1.8k\t-epidermal-cyst-99.jpg,D:\aadhavan\AI-Based Skin Disease Detection and Preliminary Diagnosis System\preprocessing\quarantine\duplicates\8. Seborrheic Keratoses and other Benign Tumors - 1.8k\v-pilar-cyst-34.jpg,2026-07-26T22:07:28.278557
D:\aadhavan\AI-Based Skin Disease Detection and Preliminary Diagnosis System\dataset\8. Seborrheic Keratoses and other Benign Tumors - 1.8k\t-keratoacanthoma-120.jpg,8. Seborrheic Keratoses and other Benign Tumors - 1.8k,t-keratoacanthoma-120.jpg,D:\aadhavan\AI-Based Skin Disease Detection and Preliminary Diagnosis System\dataset\8. Seborrheic Keratoses and other Benign Tumors - 1.8k\t-keratoacanthoma-119.jpg,D:\aadhavan\AI-Based Skin Disease Detection and Preliminary Diagnosis System\preprocessing\quarantine\duplicates\8. Seborrheic Keratoses and other Benign Tumors - 1.8k\t-keratoacanthoma-120.jpg,2026-07-26T22:07:28.279561
D:\aadhavan\AI-Based Skin Disease Detection and Preliminary Diagnosis System\dataset\8. Seborrheic Keratoses and other Benign Tumors - 1.8k\t-keratoacanthoma-93.jpg,8. Seborrheic Keratoses and other Benign Tumors - 1.8k,t-keratoacanthoma-93.jpg,D:\aadhavan\AI-Based Skin Disease Detection and Preliminary Diagnosis System\dataset\8. Seborrheic Keratoses and other Benign Tumors - 1.8k\t-keratoacanthoma-92.jpg,D:\aadhavan\AI-Based Skin Disease Detection and Preliminary Diagnosis System\preprocessing\quarantine\duplicates\8. Seborrheic Keratoses and other Benign Tumors - 1.8k\t-keratoacanthoma-93.jpg,2026-07-26T22:07:28.281122
D:\aadhavan\AI-Based Skin Disease Detection and Preliminary Diagnosis System\dataset\8. Seborrheic Keratoses and other Benign Tumors - 1.8k\v-melanoma-mimic-23.jpg,8. Seborrheic Keratoses and other Benign Tumors - 1.8k,v-melanoma-mimic-23.jpg,D:\aadhavan\AI-Based Skin Disease Detection and Preliminary Diagnosis System\dataset\8. Seborrheic Keratoses and other Benign Tumors - 1.8k\t-melanoma-mimic-21.jpg,D:\aadhavan\AI-Based Skin Disease Detection and Preliminary Diagnosis System\preprocessing\quarantine\duplicates\8. Seborrheic Keratoses and other Benign Tumors - 1.8k\v-melanoma-mimic-23.jpg,2026-07-26T22:07:28.282655
D:\aadhavan\AI-Based Skin Disease Detection and Preliminary Diagnosis System\dataset\8. Seborrheic Keratoses and other Benign Tumors - 1.8k\t-seborrheic-keratoses-smooth-64.jpg,8. Seborrheic Keratoses and other Benign Tumors - 1.8k,t-seborrheic-keratoses-smooth-64.jpg,D:\aadhavan\AI-Based Skin Disease Detection and Preliminary Diagnosis System\dataset\8. Seborrheic Keratoses and other Benign Tumors - 1.8k\t-melanoma-mimic-34.jpg,D:\aadhavan\AI-Based Skin Disease Detection and Preliminary Diagnosis System\preprocessing\quarantine\duplicates\8. Seborrheic Keratoses and other Benign Tumors - 1.8k\t-seborrheic-keratoses-smooth-64.jpg,2026-07-26T22:07:28.284085
D:\aadhavan\AI-Based Skin Disease Detection and Preliminary Diagnosis System\dataset\8. Seborrheic Keratoses and other Benign Tumors - 1.8k\t-nevus-sebaceous-50.jpg,8. Seborrheic Keratoses and other Benign Tumors - 1.8k,t-nevus-sebaceous-50.jpg,D:\aadhavan\AI-Based Skin Disease Detection and Preliminary Diagnosis System\dataset\8. Seborrheic Keratoses and other Benign Tumors - 1.8k\t-nevus-sebaceous-41.jpg,D:\aadhavan\AI-Based Skin Disease Detection and Preliminary Diagnosis System\preprocessing\quarantine\duplicates\8. Seborrheic Keratoses and other Benign Tumors - 1.8k\t-nevus-sebaceous-50.jpg,2026-07-26T22:07:28.285386
D:\aadhavan\AI-Based Skin Disease Detection and Preliminary Diagnosis System\dataset\8. Seborrheic Keratoses and other Benign Tumors - 1.8k\t-seborrheic-keratoses-smooth-37.jpg,8. Seborrheic Keratoses and other Benign Tumors - 1.8k,t-seborrheic-keratoses-smooth-37.jpg,D:\aadhavan\AI-Based Skin Disease Detection and Preliminary Diagnosis System\dataset\8. Seborrheic Keratoses and other Benign Tumors - 1.8k\t-seborrheic-keratoses-ruff-132.jpg,D:\aadhavan\AI-Based Skin Disease Detection and Preliminary Diagnosis System\preprocessing\quarantine\duplicates\8. Seborrheic Keratoses and other Benign Tumors - 1.8k\t-seborrheic-keratoses-smooth-37.jpg,2026-07-26T22:07:28.286970
D:\aadhavan\AI-Based Skin Disease Detection and Preliminary Diagnosis System\dataset\8. Seborrheic Keratoses and other Benign Tumors - 1.8k\t-seborrheic-keratoses-smooth-38.jpg,8. Seborrheic Keratoses and other Benign Tumors - 1.8k,t-seborrheic-keratoses-smooth-38.jpg,D:\aadhavan\AI-Based Skin Disease Detection and Preliminary Diagnosis System\dataset\8. Seborrheic Keratoses and other Benign Tumors - 1.8k\t-seborrheic-keratoses-ruff-133.jpg,D:\aadhavan\AI-Based Skin Disease Detection and Preliminary Diagnosis System\preprocessing\quarantine\duplicates\8. Seborrheic Keratoses and other Benign Tumors - 1.8k\t-seborrheic-keratoses-smooth-38.jpg,2026-07-26T22:07:28.288054
D:\aadhavan\AI-Based Skin Disease Detection and Preliminary Diagnosis System\dataset\8. Seborrheic Keratoses and other Benign Tumors - 1.8k\t-seborrheic-keratoses-smooth-39.jpg,8. Seborrheic Keratoses and other Benign Tumors - 1.8k,t-seborrheic-keratoses-smooth-39.jpg,D:\aadhavan\AI-Based Skin Disease Detection and Preliminary Diagnosis System\dataset\8. Seborrheic Keratoses and other Benign Tumors - 1.8k\t-seborrheic-keratoses-ruff-137.jpg,D:\aadhavan\AI-Based Skin Disease Detection and Preliminary Diagnosis System\preprocessing\quarantine\duplicates\8. Seborrheic Keratoses and other Benign Tumors - 1.8k\t-seborrheic-keratoses-smooth-39.jpg,2026-07-26T22:07:28.288962
D:\aadhavan\AI-Based Skin Disease Detection and Preliminary Diagnosis System\dataset\8. Seborrheic Keratoses and other Benign Tumors - 1.8k\v-melanoma-mimic-20.jpg,8. Seborrheic Keratoses and other Benign Tumors - 1.8k,v-melanoma-mimic-20.jpg,D:\aadhavan\AI-Based Skin Disease Detection and Preliminary Diagnosis System\dataset\8. Seborrheic Keratoses and other Benign Tumors - 1.8k\t-seborrheic-keratoses-ruff-183.jpg,D:\aadhavan\AI-Based Skin Disease Detection and Preliminary Diagnosis System\preprocessing\quarantine\duplicates\8. Seborrheic Keratoses and other Benign Tumors - 1.8k\v-melanoma-mimic-20.jpg,2026-07-26T22:07:28.289798
D:\aadhavan\AI-Based Skin Disease Detection and Preliminary Diagnosis System\dataset\8. Seborrheic Keratoses and other Benign Tumors - 1.8k\v-seborrheic-keratoses-smooth-76.jpg,8. Seborrheic Keratoses and other Benign Tumors - 1.8k,v-seborrheic-keratoses-smooth-76.jpg,D:\aadhavan\AI-Based Skin Disease Detection and Preliminary Diagnosis System\dataset\8. Seborrheic Keratoses and other Benign Tumors - 1.8k\t-seborrheic-keratoses-smooth-75.jpg,D:\aadhavan\AI-Based Skin Disease Detection and Preliminary Diagnosis System\preprocessing\quarantine\duplicates\8. Seborrheic Keratoses and other Benign Tumors - 1.8k\v-seborrheic-keratoses-smooth-76.jpg,2026-07-26T22:07:28.290664
D:\aadhavan\AI-Based Skin Disease Detection and Preliminary Diagnosis System\dataset\8. Seborrheic Keratoses and other Benign Tumors - 1.8k\t-seborrheic-keratosis-irritated-88.jpg,8. Seborrheic Keratoses and other Benign Tumors - 1.8k,t-seborrheic-keratosis-irritated-88.jpg,D:\aadhavan\AI-Based Skin Disease Detection and Preliminary Diagnosis System\dataset\8. Seborrheic Keratoses and other Benign Tumors - 1.8k\t-seborrheic-keratosis-irritated-87.jpg,D:\aadhavan\AI-Based Skin Disease Detection and Preliminary Diagnosis System\preprocessing\quarantine\duplicates\8. Seborrheic Keratoses and other Benign Tumors - 1.8k\t-seborrheic-keratosis-irritated-88.jpg,2026-07-26T22:07:28.291577
D:\aadhavan\AI-Based Skin Disease Detection and Preliminary Diagnosis System\dataset\8. Seborrheic Keratoses and other Benign Tumors - 1.8k\t-stucco-keratoses-34.jpg,8. Seborrheic Keratoses and other Benign Tumors - 1.8k,t-stucco-keratoses-34.jpg,D:\aadhavan\AI-Based Skin Disease Detection and Preliminary Diagnosis System\dataset\8. Seborrheic Keratoses and other Benign Tumors - 1.8k\t-stucco-keratoses-33.jpg,D:\aadhavan\AI-Based Skin Disease Detection and Preliminary Diagnosis System\preprocessing\quarantine\duplicates\8. Seborrheic Keratoses and other Benign Tumors - 1.8k\t-stucco-keratoses-34.jpg,2026-07-26T22:07:28.292557
D:\aadhavan\AI-Based Skin Disease Detection and Preliminary Diagnosis System\dataset\8. Seborrheic Keratoses and other Benign Tumors - 1.8k\t-stucco-keratoses-36.jpg,8. Seborrheic Keratoses and other Benign Tumors - 1.8k,t-stucco-keratoses-36.jpg,D:\aadhavan\AI-Based Skin Disease Detection and Preliminary Diagnosis System\dataset\8. Seborrheic Keratoses and other Benign Tumors - 1.8k\t-stucco-keratoses-35.jpg,D:\aadhavan\AI-Based Skin Disease Detection and Preliminary Diagnosis System\preprocessing\quarantine\duplicates\8. Seborrheic Keratoses and other Benign Tumors - 1.8k\t-stucco-keratoses-36.jpg,2026-07-26T22:07:28.294065
D:\aadhavan\AI-Based Skin Disease Detection and Preliminary Diagnosis System\dataset\8. Seborrheic Keratoses and other Benign Tumors - 1.8k\t-syringoma-21.jpg,8. Seborrheic Keratoses and other Benign Tumors - 1.8k,t-syringoma-21.jpg,D:\aadhavan\AI-Based Skin Disease Detection and Preliminary Diagnosis System\dataset\8. Seborrheic Keratoses and other Benign Tumors - 1.8k\t-syringoma-20.jpg,D:\aadhavan\AI-Based Skin Disease Detection and Preliminary Diagnosis System\preprocessing\quarantine\duplicates\8. Seborrheic Keratoses and other Benign Tumors - 1.8k\t-syringoma-21.jpg,2026-07-26T22:07:28.295587
D:\aadhavan\AI-Based Skin Disease Detection and Preliminary Diagnosis System\dataset\8. Seborrheic Keratoses and other Benign Tumors - 1.8k\v-dermatofibroma-87.jpg,8. Seborrheic Keratoses and other Benign Tumors - 1.8k,v-dermatofibroma-87.jpg,D:\aadhavan\AI-Based Skin Disease Detection and Preliminary Diagnosis System\dataset\8. Seborrheic Keratoses and other Benign Tumors - 1.8k\v-dermatofibroma-86.jpg,D:\aadhavan\AI-Based Skin Disease Detection and Preliminary Diagnosis System\preprocessing\quarantine\duplicates\8. Seborrheic Keratoses and other Benign Tumors - 1.8k\v-dermatofibroma-87.jpg,2026-07-26T22:07:28.297027
D:\aadhavan\AI-Based Skin Disease Detection and Preliminary Diagnosis System\dataset\9. Tinea Ringworm Candidiasis and other Fungal Infections - 1.7k\3_11.jpg,9. Tinea Ringworm Candidiasis and other Fungal Infections - 1.7k,3_11.jpg,D:\aadhavan\AI-Based Skin Disease Detection and Preliminary Diagnosis System\dataset\9. Tinea Ringworm Candidiasis and other Fungal Infections - 1.7k\2_11.jpg,D:\aadhavan\AI-Based Skin Disease Detection and Preliminary Diagnosis System\preprocessing\quarantine\duplicates\9. Tinea Ringworm Candidiasis and other Fungal Infections - 1.7k\3_11.jpg,2026-07-26T22:07:28.298338
D:\aadhavan\AI-Based Skin Disease Detection and Preliminary Diagnosis System\dataset\9. Tinea Ringworm Candidiasis and other Fungal Infections - 1.7k\5_10.jpg,9. Tinea Ringworm Candidiasis and other Fungal Infections - 1.7k,5_10.jpg,D:\aadhavan\AI-Based Skin Disease Detection and Preliminary Diagnosis System\dataset\9. Tinea Ringworm Candidiasis and other Fungal Infections - 1.7k\4_33.jpg,D:\aadhavan\AI-Based Skin Disease Detection and Preliminary Diagnosis System\preprocessing\quarantine\duplicates\9. Tinea Ringworm Candidiasis and other Fungal Infections - 1.7k\5_10.jpg,2026-07-26T22:07:28.299673
D:\aadhavan\AI-Based Skin Disease Detection and Preliminary Diagnosis System\dataset\9. Tinea Ringworm Candidiasis and other Fungal Infections - 1.7k\v-perleche-785.jpg,9. Tinea Ringworm Candidiasis and other Fungal Infections - 1.7k,v-perleche-785.jpg,D:\aadhavan\AI-Based Skin Disease Detection and Preliminary Diagnosis System\dataset\9. Tinea Ringworm Candidiasis and other Fungal Infections - 1.7k\t-03ContactDerm040127.jpg,D:\aadhavan\AI-Based Skin Disease Detection and Preliminary Diagnosis System\preprocessing\quarantine\duplicates\9. Tinea Ringworm Candidiasis and other Fungal Infections - 1.7k\v-perleche-785.jpg,2026-07-26T22:07:28.301094
D:\aadhavan\AI-Based Skin Disease Detection and Preliminary Diagnosis System\dataset\9. Tinea Ringworm Candidiasis and other Fungal Infections - 1.7k\t-13Fissure042604.jpg,9. Tinea Ringworm Candidiasis and other Fungal Infections - 1.7k,t-13Fissure042604.jpg,D:\aadhavan\AI-Based Skin Disease Detection and Preliminary Diagnosis System\dataset\9. Tinea Ringworm Candidiasis and other Fungal Infections - 1.7k\t-candidiasis-vaginal-8.jpg,D:\aadhavan\AI-Based Skin Disease Detection and Preliminary Diagnosis System\preprocessing\quarantine\duplicates\9. Tinea Ringworm Candidiasis and other Fungal Infections - 1.7k\t-13Fissure042604.jpg,2026-07-26T22:07:28.302504
D:\aadhavan\AI-Based Skin Disease Detection and Preliminary Diagnosis System\dataset\9. Tinea Ringworm Candidiasis and other Fungal Infections - 1.7k\v-intertrigo-30.jpg,9. Tinea Ringworm Candidiasis and other Fungal Infections - 1.7k,v-intertrigo-30.jpg,D:\aadhavan\AI-Based Skin Disease Detection and Preliminary Diagnosis System\dataset\9. Tinea Ringworm Candidiasis and other Fungal Infections - 1.7k\t-13intertrigo121905.jpg,D:\aadhavan\AI-Based Skin Disease Detection and Preliminary Diagnosis System\preprocessing\quarantine\duplicates\9. Tinea Ringworm Candidiasis and other Fungal Infections - 1.7k\v-intertrigo-30.jpg,2026-07-26T22:07:28.303915
D:\aadhavan\AI-Based Skin Disease Detection and Preliminary Diagnosis System\dataset\9. Tinea Ringworm Candidiasis and other Fungal Infections - 1.7k\t-intertrigo-28.jpg,9. Tinea Ringworm Candidiasis and other Fungal Infections - 1.7k,t-intertrigo-28.jpg,D:\aadhavan\AI-Based Skin Disease Detection and Preliminary Diagnosis System\dataset\9. Tinea Ringworm Candidiasis and other Fungal Infections - 1.7k\t-13intertrigo1219052.jpg,D:\aadhavan\AI-Based Skin Disease Detection and Preliminary Diagnosis System\preprocessing\quarantine\duplicates\9. Tinea Ringworm Candidiasis and other Fungal Infections - 1.7k\t-intertrigo-28.jpg,2026-07-26T22:07:28.305191
D:\aadhavan\AI-Based Skin Disease Detection and Preliminary Diagnosis System\dataset\9. Tinea Ringworm Candidiasis and other Fungal Infections - 1.7k\t-intertrigo-12.jpg,9. Tinea Ringworm Candidiasis and other Fungal Infections - 1.7k,t-intertrigo-12.jpg,D:\aadhavan\AI-Based Skin Disease Detection and Preliminary Diagnosis System\dataset\9. Tinea Ringworm Candidiasis and other Fungal Infections - 1.7k\t-13IntertrigoGluteal.jpg,D:\aadhavan\AI-Based Skin Disease Detection and Preliminary Diagnosis System\preprocessing\quarantine\duplicates\9. Tinea Ringworm Candidiasis and other Fungal Infections - 1.7k\t-intertrigo-12.jpg,2026-07-26T22:07:28.306677
D:\aadhavan\AI-Based Skin Disease Detection and Preliminary Diagnosis System\dataset\9. Tinea Ringworm Candidiasis and other Fungal Infections - 1.7k\t-intertrigo-11.jpg,9. Tinea Ringworm Candidiasis and other Fungal Infections - 1.7k,t-intertrigo-11.jpg,D:\aadhavan\AI-Based Skin Disease Detection and Preliminary Diagnosis System\dataset\9. Tinea Ringworm Candidiasis and other Fungal Infections - 1.7k\t-13IntertrigoGroin.jpg,D:\aadhavan\AI-Based Skin Disease Detection and Preliminary Diagnosis System\preprocessing\quarantine\duplicates\9. Tinea Ringworm Candidiasis and other Fungal Infections - 1.7k\t-intertrigo-11.jpg,2026-07-26T22:07:28.307678
D:\aadhavan\AI-Based Skin Disease Detection and Preliminary Diagnosis System\dataset\9. Tinea Ringworm Candidiasis and other Fungal Infections - 1.7k\t-13IntertrigoPenis3.jpg,9. Tinea Ringworm Candidiasis and other Fungal Infections - 1.7k,t-13IntertrigoPenis3.jpg,D:\aadhavan\AI-Based Skin Disease Detection and Preliminary Diagnosis System\dataset\9. Tinea Ringworm Candidiasis and other Fungal Infections - 1.7k\t-13IntertrigoPenis2w.jpg,D:\aadhavan\AI-Based Skin Disease Detection and Preliminary Diagnosis System\preprocessing\quarantine\duplicates\9. Tinea Ringworm Candidiasis and other Fungal Infections - 1.7k\t-13IntertrigoPenis3.jpg,2026-07-26T22:07:28.308784
D:\aadhavan\AI-Based Skin Disease Detection and Preliminary Diagnosis System\dataset\9. Tinea Ringworm Candidiasis and other Fungal Infections - 1.7k\t-candida-penis-14.jpg,9. Tinea Ringworm Candidiasis and other Fungal Infections - 1.7k,t-candida-penis-14.jpg,D:\aadhavan\AI-Based Skin Disease Detection and Preliminary Diagnosis System\dataset\9. Tinea Ringworm Candidiasis and other Fungal Infections - 1.7k\t-13IntertrigoPenis2w.jpg,D:\aadhavan\AI-Based Skin Disease Detection and Preliminary Diagnosis System\preprocessing\quarantine\duplicates\9. Tinea Ringworm Candidiasis and other Fungal Infections - 1.7k\t-candida-penis-14.jpg,2026-07-26T22:07:28.309522
D:\aadhavan\AI-Based Skin Disease Detection and Preliminary Diagnosis System\dataset\9. Tinea Ringworm Candidiasis and other Fungal Infections - 1.7k\v-candida-penis-8.jpg,9. Tinea Ringworm Candidiasis and other Fungal Infections - 1.7k,v-candida-penis-8.jpg,D:\aadhavan\AI-Based Skin Disease Detection and Preliminary Diagnosis System\dataset\9. Tinea Ringworm Candidiasis and other Fungal Infections - 1.7k\t-13IntertrigoPenis2w.jpg,D:\aadhavan\AI-Based Skin Disease Detection and Preliminary Diagnosis System\preprocessing\quarantine\duplicates\9. Tinea Ringworm Candidiasis and other Fungal Infections - 1.7k\v-candida-penis-8.jpg,2026-07-26T22:07:28.310322
D:\aadhavan\AI-Based Skin Disease Detection and Preliminary Diagnosis System\dataset\9. Tinea Ringworm Candidiasis and other Fungal Infections - 1.7k\t-candida-groin-5.jpg,9. Tinea Ringworm Candidiasis and other Fungal Infections - 1.7k,t-candida-groin-5.jpg,D:\aadhavan\AI-Based Skin Disease Detection and Preliminary Diagnosis System\dataset\9. Tinea Ringworm Candidiasis and other Fungal Infections - 1.7k\t-13TineaGroin143.jpg,D:\aadhavan\AI-Based Skin Disease Detection and Preliminary Diagnosis System\preprocessing\quarantine\duplicates\9. Tinea Ringworm Candidiasis and other Fungal Infections - 1.7k\t-candida-groin-5.jpg,2026-07-26T22:07:28.311925
D:\aadhavan\AI-Based Skin Disease Detection and Preliminary Diagnosis System\dataset\9. Tinea Ringworm Candidiasis and other Fungal Infections - 1.7k\t-tinea-groin-83.jpg,9. Tinea Ringworm Candidiasis and other Fungal Infections - 1.7k,t-tinea-groin-83.jpg,D:\aadhavan\AI-Based Skin Disease Detection and Preliminary Diagnosis System\dataset\9. Tinea Ringworm Candidiasis and other Fungal Infections - 1.7k\t-13TineaGroin143.jpg,D:\aadhavan\AI-Based Skin Disease Detection and Preliminary Diagnosis System\preprocessing\quarantine\duplicates\9. Tinea Ringworm Candidiasis and other Fungal Infections - 1.7k\t-tinea-groin-83.jpg,2026-07-26T22:07:28.312824
D:\aadhavan\AI-Based Skin Disease Detection and Preliminary Diagnosis System\dataset\9. Tinea Ringworm Candidiasis and other Fungal Infections - 1.7k\t-tinea-groin-89.jpg,9. Tinea Ringworm Candidiasis and other Fungal Infections - 1.7k,t-tinea-groin-89.jpg,D:\aadhavan\AI-Based Skin Disease Detection and Preliminary Diagnosis System\dataset\9. Tinea Ringworm Candidiasis and other Fungal Infections - 1.7k\t-13TineaGroin34.jpg,D:\aadhavan\AI-Based Skin Disease Detection and Preliminary Diagnosis System\preprocessing\quarantine\duplicates\9. Tinea Ringworm Candidiasis and other Fungal Infections - 1.7k\t-tinea-groin-89.jpg,2026-07-26T22:07:28.313779
D:\aadhavan\AI-Based Skin Disease Detection and Preliminary Diagnosis System\dataset\9. Tinea Ringworm Candidiasis and other Fungal Infections - 1.7k\v-candida-groin-4.jpg,9. Tinea Ringworm Candidiasis and other Fungal Infections - 1.7k,v-candida-groin-4.jpg,D:\aadhavan\AI-Based Skin Disease Detection and Preliminary Diagnosis System\dataset\9. Tinea Ringworm Candidiasis and other Fungal Infections - 1.7k\t-13TineaGroin34.jpg,D:\aadhavan\AI-Based Skin Disease Detection and Preliminary Diagnosis System\preprocessing\quarantine\duplicates\9. Tinea Ringworm Candidiasis and other Fungal Infections - 1.7k\v-candida-groin-4.jpg,2026-07-26T22:07:28.314481
D:\aadhavan\AI-Based Skin Disease Detection and Preliminary Diagnosis System\dataset\9. Tinea Ringworm Candidiasis and other Fungal Infections - 1.7k\t-tinea-groin-90.jpg,9. Tinea Ringworm Candidiasis and other Fungal Infections - 1.7k,t-tinea-groin-90.jpg,D:\aadhavan\AI-Based Skin Disease Detection and Preliminary Diagnosis System\dataset\9. Tinea Ringworm Candidiasis and other Fungal Infections - 1.7k\t-13TineaGroinBorder.jpg,D:\aadhavan\AI-Based Skin Disease Detection and Preliminary Diagnosis System\preprocessing\quarantine\duplicates\9. Tinea Ringworm Candidiasis and other Fungal Infections - 1.7k\t-tinea-groin-90.jpg,2026-07-26T22:07:28.315420
D:\aadhavan\AI-Based Skin Disease Detection and Preliminary Diagnosis System\dataset\9. Tinea Ringworm Candidiasis and other Fungal Infections - 1.7k\t-tinea-groin-75.jpg,9. Tinea Ringworm Candidiasis and other Fungal Infections - 1.7k,t-tinea-groin-75.jpg,D:\aadhavan\AI-Based Skin Disease Detection and Preliminary Diagnosis System\dataset\9. Tinea Ringworm Candidiasis and other Fungal Infections - 1.7k\t-candida-groin-10.jpg,D:\aadhavan\AI-Based Skin Disease Detection and Preliminary Diagnosis System\preprocessing\quarantine\duplicates\9. Tinea Ringworm Candidiasis and other Fungal Infections - 1.7k\t-tinea-groin-75.jpg,2026-07-26T22:07:28.316262
D:\aadhavan\AI-Based Skin Disease Detection and Preliminary Diagnosis System\dataset\9. Tinea Ringworm Candidiasis and other Fungal Infections - 1.7k\t-tinea-groin-71.jpg,9. Tinea Ringworm Candidiasis and other Fungal Infections - 1.7k,t-tinea-groin-71.jpg,D:\aadhavan\AI-Based Skin Disease Detection and Preliminary Diagnosis System\dataset\9. Tinea Ringworm Candidiasis and other Fungal Infections - 1.7k\t-candida-groin-14.jpg,D:\aadhavan\AI-Based Skin Disease Detection and Preliminary Diagnosis System\preprocessing\quarantine\duplicates\9. Tinea Ringworm Candidiasis and other Fungal Infections - 1.7k\t-tinea-groin-71.jpg,2026-07-26T22:07:28.317162
D:\aadhavan\AI-Based Skin Disease Detection and Preliminary Diagnosis System\dataset\9. Tinea Ringworm Candidiasis and other Fungal Infections - 1.7k\v-tinea-groin-70.jpg,9. Tinea Ringworm Candidiasis and other Fungal Infections - 1.7k,v-tinea-groin-70.jpg,D:\aadhavan\AI-Based Skin Disease Detection and Preliminary Diagnosis System\dataset\9. Tinea Ringworm Candidiasis and other Fungal Infections - 1.7k\t-candida-groin-15.jpg,D:\aadhavan\AI-Based Skin Disease Detection and Preliminary Diagnosis System\preprocessing\quarantine\duplicates\9. Tinea Ringworm Candidiasis and other Fungal Infections - 1.7k\v-tinea-groin-70.jpg,2026-07-26T22:07:28.318047
D:\aadhavan\AI-Based Skin Disease Detection and Preliminary Diagnosis System\dataset\9. Tinea Ringworm Candidiasis and other Fungal Infections - 1.7k\t-tinea-groin-69.jpg,9. Tinea Ringworm Candidiasis and other Fungal Infections - 1.7k,t-tinea-groin-69.jpg,D:\aadhavan\AI-Based Skin Disease Detection and Preliminary Diagnosis System\dataset\9. Tinea Ringworm Candidiasis and other Fungal Infections - 1.7k\t-candida-groin-16.jpg,D:\aadhavan\AI-Based Skin Disease Detection and Preliminary Diagnosis System\preprocessing\quarantine\duplicates\9. Tinea Ringworm Candidiasis and other Fungal Infections - 1.7k\t-tinea-groin-69.jpg,2026-07-26T22:07:28.319634
D:\aadhavan\AI-Based Skin Disease Detection and Preliminary Diagnosis System\dataset\9. Tinea Ringworm Candidiasis and other Fungal Infections - 1.7k\t-tinea-groin-79.jpg,9. Tinea Ringworm Candidiasis and other Fungal Infections - 1.7k,t-tinea-groin-79.jpg,D:\aadhavan\AI-Based Skin Disease Detection and Preliminary Diagnosis System\dataset\9. Tinea Ringworm Candidiasis and other Fungal Infections - 1.7k\t-candida-groin-6.jpg,D:\aadhavan\AI-Based Skin Disease Detection and Preliminary Diagnosis System\preprocessing\quarantine\duplicates\9. Tinea Ringworm Candidiasis and other Fungal Infections - 1.7k\t-tinea-groin-79.jpg,2026-07-26T22:07:28.320786
D:\aadhavan\AI-Based Skin Disease Detection and Preliminary Diagnosis System\dataset\9. Tinea Ringworm Candidiasis and other Fungal Infections - 1.7k\t-tinea-groin-78.jpg,9. Tinea Ringworm Candidiasis and other Fungal Infections - 1.7k,t-tinea-groin-78.jpg,D:\aadhavan\AI-Based Skin Disease Detection and Preliminary Diagnosis System\dataset\9. Tinea Ringworm Candidiasis and other Fungal Infections - 1.7k\t-candida-groin-7.jpg,D:\aadhavan\AI-Based Skin Disease Detection and Preliminary Diagnosis System\preprocessing\quarantine\duplicates\9. Tinea Ringworm Candidiasis and other Fungal Infections - 1.7k\t-tinea-groin-78.jpg,2026-07-26T22:07:28.321701
D:\aadhavan\AI-Based Skin Disease Detection and Preliminary Diagnosis System\dataset\9. Tinea Ringworm Candidiasis and other Fungal Infections - 1.7k\v-intertrigo-4.jpg,9. Tinea Ringworm Candidiasis and other Fungal Infections - 1.7k,v-intertrigo-4.jpg,D:\aadhavan\AI-Based Skin Disease Detection and Preliminary Diagnosis System\dataset\9. Tinea Ringworm Candidiasis and other Fungal Infections - 1.7k\t-candida-penis-10.jpg,D:\aadhavan\AI-Based Skin Disease Detection and Preliminary Diagnosis System\preprocessing\quarantine\duplicates\9. Tinea Ringworm Candidiasis and other Fungal Infections - 1.7k\v-intertrigo-4.jpg,2026-07-26T22:07:28.322810
D:\aadhavan\AI-Based Skin Disease Detection and Preliminary Diagnosis System\dataset\9. Tinea Ringworm Candidiasis and other Fungal Infections - 1.7k\t-intertrigo-3.jpg,9. Tinea Ringworm Candidiasis and other Fungal Infections - 1.7k,t-intertrigo-3.jpg,D:\aadhavan\AI-Based Skin Disease Detection and Preliminary Diagnosis System\dataset\9. Tinea Ringworm Candidiasis and other Fungal Infections - 1.7k\t-candida-penis-11.jpg,D:\aadhavan\AI-Based Skin Disease Detection and Preliminary Diagnosis System\preprocessing\quarantine\duplicates\9. Tinea Ringworm Candidiasis and other Fungal Infections - 1.7k\t-intertrigo-3.jpg,2026-07-26T22:07:28.324337
D:\aadhavan\AI-Based Skin Disease Detection and Preliminary Diagnosis System\dataset\9. Tinea Ringworm Candidiasis and other Fungal Infections - 1.7k\t-candida-penis-13.jpg,9. Tinea Ringworm Candidiasis and other Fungal Infections - 1.7k,t-candida-penis-13.jpg,D:\aadhavan\AI-Based Skin Disease Detection and Preliminary Diagnosis System\dataset\9. Tinea Ringworm Candidiasis and other Fungal Infections - 1.7k\t-candida-penis-12.jpg,D:\aadhavan\AI-Based Skin Disease Detection and Preliminary Diagnosis System\preprocessing\quarantine\duplicates\9. Tinea Ringworm Candidiasis and other Fungal Infections - 1.7k\t-candida-penis-13.jpg,2026-07-26T22:07:28.325965
D:\aadhavan\AI-Based Skin Disease Detection and Preliminary Diagnosis System\dataset\9. Tinea Ringworm Candidiasis and other Fungal Infections - 1.7k\t-intertrigo-2.jpg,9. Tinea Ringworm Candidiasis and other Fungal Infections - 1.7k,t-intertrigo-2.jpg,D:\aadhavan\AI-Based Skin Disease Detection and Preliminary Diagnosis System\dataset\9. Tinea Ringworm Candidiasis and other Fungal Infections - 1.7k\t-candida-penis-12.jpg,D:\aadhavan\AI-Based Skin Disease Detection and Preliminary Diagnosis System\preprocessing\quarantine\duplicates\9. Tinea Ringworm Candidiasis and other Fungal Infections - 1.7k\t-intertrigo-2.jpg,2026-07-26T22:07:28.327298
D:\aadhavan\AI-Based Skin Disease Detection and Preliminary Diagnosis System\dataset\9. Tinea Ringworm Candidiasis and other Fungal Infections - 1.7k\t-intertrigo-6.jpg,9. Tinea Ringworm Candidiasis and other Fungal Infections - 1.7k,t-intertrigo-6.jpg,D:\aadhavan\AI-Based Skin Disease Detection and Preliminary Diagnosis System\dataset\9. Tinea Ringworm Candidiasis and other Fungal Infections - 1.7k\t-candida-penis-7.jpg,D:\aadhavan\AI-Based Skin Disease Detection and Preliminary Diagnosis System\preprocessing\quarantine\duplicates\9. Tinea Ringworm Candidiasis and other Fungal Infections - 1.7k\t-intertrigo-6.jpg,2026-07-26T22:07:28.329209
D:\aadhavan\AI-Based Skin Disease Detection and Preliminary Diagnosis System\dataset\9. Tinea Ringworm Candidiasis and other Fungal Infections - 1.7k\v-candida-penis-16.jpg,9. Tinea Ringworm Candidiasis and other Fungal Infections - 1.7k,v-candida-penis-16.jpg,D:\aadhavan\AI-Based Skin Disease Detection and Preliminary Diagnosis System\dataset\9. Tinea Ringworm Candidiasis and other Fungal Infections - 1.7k\t-candida-penis-7.jpg,D:\aadhavan\AI-Based Skin Disease Detection and Preliminary Diagnosis System\preprocessing\quarantine\duplicates\9. Tinea Ringworm Candidiasis and other Fungal Infections - 1.7k\v-candida-penis-16.jpg,2026-07-26T22:07:28.330435
D:\aadhavan\AI-Based Skin Disease Detection and Preliminary Diagnosis System\dataset\9. Tinea Ringworm Candidiasis and other Fungal Infections - 1.7k\t-intertrigo-5.jpg,9. Tinea Ringworm Candidiasis and other Fungal Infections - 1.7k,t-intertrigo-5.jpg,D:\aadhavan\AI-Based Skin Disease Detection and Preliminary Diagnosis System\dataset\9. Tinea Ringworm Candidiasis and other Fungal Infections - 1.7k\t-candida-penis-9.jpg,D:\aadhavan\AI-Based Skin Disease Detection and Preliminary Diagnosis System\preprocessing\quarantine\duplicates\9. Tinea Ringworm Candidiasis and other Fungal Infections - 1.7k\t-intertrigo-5.jpg,2026-07-26T22:07:28.331955
D:\aadhavan\AI-Based Skin Disease Detection and Preliminary Diagnosis System\dataset\9. Tinea Ringworm Candidiasis and other Fungal Infections - 1.7k\t-candidiasis-diaper-2.jpg,9. Tinea Ringworm Candidiasis and other Fungal Infections - 1.7k,t-candidiasis-diaper-2.jpg,D:\aadhavan\AI-Based Skin Disease Detection and Preliminary Diagnosis System\dataset\9. Tinea Ringworm Candidiasis and other Fungal Infections - 1.7k\t-candidiasis-diaper-1.jpg,D:\aadhavan\AI-Based Skin Disease Detection and Preliminary Diagnosis System\preprocessing\quarantine\duplicates\9. Tinea Ringworm Candidiasis and other Fungal Infections - 1.7k\t-candidiasis-diaper-2.jpg,2026-07-26T22:07:28.333808
D:\aadhavan\AI-Based Skin Disease Detection and Preliminary Diagnosis System\dataset\9. Tinea Ringworm Candidiasis and other Fungal Infections - 1.7k\t-candidiasis-vaginal-4.jpg,9. Tinea Ringworm Candidiasis and other Fungal Infections - 1.7k,t-candidiasis-vaginal-4.jpg,D:\aadhavan\AI-Based Skin Disease Detection and Preliminary Diagnosis System\dataset\9. Tinea Ringworm Candidiasis and other Fungal Infections - 1.7k\t-candidiasis-vaginal-5.jpg,D:\aadhavan\AI-Based Skin Disease Detection and Preliminary Diagnosis System\preprocessing\quarantine\duplicates\9. Tinea Ringworm Candidiasis and other Fungal Infections - 1.7k\t-candidiasis-vaginal-4.jpg,2026-07-26T22:07:28.335463
D:\aadhavan\AI-Based Skin Disease Detection and Preliminary Diagnosis System\dataset\9. Tinea Ringworm Candidiasis and other Fungal Infections - 1.7k\t-tinea-beard-8.jpg,9. Tinea Ringworm Candidiasis and other Fungal Infections - 1.7k,t-tinea-beard-8.jpg,D:\aadhavan\AI-Based Skin Disease Detection and Preliminary Diagnosis System\dataset\9. Tinea Ringworm Candidiasis and other Fungal Infections - 1.7k\t-tinea-beard-1.jpg,D:\aadhavan\AI-Based Skin Disease Detection and Preliminary Diagnosis System\preprocessing\quarantine\duplicates\9. Tinea Ringworm Candidiasis and other Fungal Infections - 1.7k\t-tinea-beard-8.jpg,2026-07-26T22:07:28.336672
D:\aadhavan\AI-Based Skin Disease Detection and Preliminary Diagnosis System\dataset\9. Tinea Ringworm Candidiasis and other Fungal Infections - 1.7k\v-tinea-face-48.jpg,9. Tinea Ringworm Candidiasis and other Fungal Infections - 1.7k,v-tinea-face-48.jpg,D:\aadhavan\AI-Based Skin Disease Detection and Preliminary Diagnosis System\dataset\9. Tinea Ringworm Candidiasis and other Fungal Infections - 1.7k\t-tinea-beard-10.jpg,D:\aadhavan\AI-Based Skin Disease Detection and Preliminary Diagnosis System\preprocessing\quarantine\duplicates\9. Tinea Ringworm Candidiasis and other Fungal Infections - 1.7k\v-tinea-face-48.jpg,2026-07-26T22:07:28.337597
D:\aadhavan\AI-Based Skin Disease Detection and Preliminary Diagnosis System\dataset\9. Tinea Ringworm Candidiasis and other Fungal Infections - 1.7k\t-tinea-face-49.jpg,9. Tinea Ringworm Candidiasis and other Fungal Infections - 1.7k,t-tinea-face-49.jpg,D:\aadhavan\AI-Based Skin Disease Detection and Preliminary Diagnosis System\dataset\9. Tinea Ringworm Candidiasis and other Fungal Infections - 1.7k\t-tinea-beard-11.jpg,D:\aadhavan\AI-Based Skin Disease Detection and Preliminary Diagnosis System\preprocessing\quarantine\duplicates\9. Tinea Ringworm Candidiasis and other Fungal Infections - 1.7k\t-tinea-face-49.jpg,2026-07-26T22:07:28.338544
D:\aadhavan\AI-Based Skin Disease Detection and Preliminary Diagnosis System\dataset\9. Tinea Ringworm Candidiasis and other Fungal Infections - 1.7k\t-tinea-face-38.jpg,9. Tinea Ringworm Candidiasis and other Fungal Infections - 1.7k,t-tinea-face-38.jpg,D:\aadhavan\AI-Based Skin Disease Detection and Preliminary Diagnosis System\dataset\9. Tinea Ringworm Candidiasis and other Fungal Infections - 1.7k\t-tinea-beard-7.jpg,D:\aadhavan\AI-Based Skin Disease Detection and Preliminary Diagnosis System\preprocessing\quarantine\duplicates\9. Tinea Ringworm Candidiasis and other Fungal Infections - 1.7k\t-tinea-face-38.jpg,2026-07-26T22:07:28.339589
D:\aadhavan\AI-Based Skin Disease Detection and Preliminary Diagnosis System\dataset\9. Tinea Ringworm Candidiasis and other Fungal Infections - 1.7k\t-tinea-face-39.jpg,9. Tinea Ringworm Candidiasis and other Fungal Infections - 1.7k,t-tinea-face-39.jpg,D:\aadhavan\AI-Based Skin Disease Detection and Preliminary Diagnosis System\dataset\9. Tinea Ringworm Candidiasis and other Fungal Infections - 1.7k\t-tinea-beard-9.jpg,D:\aadhavan\AI-Based Skin Disease Detection and Preliminary Diagnosis System\preprocessing\quarantine\duplicates\9. Tinea Ringworm Candidiasis and other Fungal Infections - 1.7k\t-tinea-face-39.jpg,2026-07-26T22:07:28.340703
D:\aadhavan\AI-Based Skin Disease Detection and Preliminary Diagnosis System\dataset\9. Tinea Ringworm Candidiasis and other Fungal Infections - 1.7k\t-tinea-hand-dorsum-9.jpg,9. Tinea Ringworm Candidiasis and other Fungal Infections - 1.7k,t-tinea-hand-dorsum-9.jpg,D:\aadhavan\AI-Based Skin Disease Detection and Preliminary Diagnosis System\dataset\9. Tinea Ringworm Candidiasis and other Fungal Infections - 1.7k\t-tinea-body-10.jpg,D:\aadhavan\AI-Based Skin Disease Detection and Preliminary Diagnosis System\preprocessing\quarantine\duplicates\9. Tinea Ringworm Candidiasis and other Fungal Infections - 1.7k\t-tinea-hand-dorsum-9.jpg,2026-07-26T22:07:28.341740
D:\aadhavan\AI-Based Skin Disease Detection and Preliminary Diagnosis System\dataset\9. Tinea Ringworm Candidiasis and other Fungal Infections - 1.7k\t-tinea-incognito-14.jpg,9. Tinea Ringworm Candidiasis and other Fungal Infections - 1.7k,t-tinea-incognito-14.jpg,D:\aadhavan\AI-Based Skin Disease Detection and Preliminary Diagnosis System\dataset\9. Tinea Ringworm Candidiasis and other Fungal Infections - 1.7k\t-tinea-body-116.jpg,D:\aadhavan\AI-Based Skin Disease Detection and Preliminary Diagnosis System\preprocessing\quarantine\duplicates\9. Tinea Ringworm Candidiasis and other Fungal Infections - 1.7k\t-tinea-incognito-14.jpg,2026-07-26T22:07:28.342676
D:\aadhavan\AI-Based Skin Disease Detection and Preliminary Diagnosis System\dataset\9. Tinea Ringworm Candidiasis and other Fungal Infections - 1.7k\t-tinea-face-56.jpg,9. Tinea Ringworm Candidiasis and other Fungal Infections - 1.7k,t-tinea-face-56.jpg,D:\aadhavan\AI-Based Skin Disease Detection and Preliminary Diagnosis System\dataset\9. Tinea Ringworm Candidiasis and other Fungal Infections - 1.7k\t-tinea-body-117.jpg,D:\aadhavan\AI-Based Skin Disease Detection and Preliminary Diagnosis System\preprocessing\quarantine\duplicates\9. Tinea Ringworm Candidiasis and other Fungal Infections - 1.7k\t-tinea-face-56.jpg,2026-07-26T22:07:28.343783
D:\aadhavan\AI-Based Skin Disease Detection and Preliminary Diagnosis System\dataset\9. Tinea Ringworm Candidiasis and other Fungal Infections - 1.7k\t-tinea-body-15.jpg,9. Tinea Ringworm Candidiasis and other Fungal Infections - 1.7k,t-tinea-body-15.jpg,D:\aadhavan\AI-Based Skin Disease Detection and Preliminary Diagnosis System\dataset\9. Tinea Ringworm Candidiasis and other Fungal Infections - 1.7k\t-tinea-body-14.jpg,D:\aadhavan\AI-Based Skin Disease Detection and Preliminary Diagnosis System\preprocessing\quarantine\duplicates\9. Tinea Ringworm Candidiasis and other Fungal Infections - 1.7k\t-tinea-body-15.jpg,2026-07-26T22:07:28.345336
D:\aadhavan\AI-Based Skin Disease Detection and Preliminary Diagnosis System\dataset\9. Tinea Ringworm Candidiasis and other Fungal Infections - 1.7k\t-tinea-border-1.jpg,9. Tinea Ringworm Candidiasis and other Fungal Infections - 1.7k,t-tinea-border-1.jpg,D:\aadhavan\AI-Based Skin Disease Detection and Preliminary Diagnosis System\dataset\9. Tinea Ringworm Candidiasis and other Fungal Infections - 1.7k\t-tinea-primary-lesion-7.jpg,D:\aadhavan\AI-Based Skin Disease Detection and Preliminary Diagnosis System\preprocessing\quarantine\duplicates\9. Tinea Ringworm Candidiasis and other Fungal Infections - 1.7k\t-tinea-border-1.jpg,2026-07-26T22:07:28.346412
D:\aadhavan\AI-Based Skin Disease Detection and Preliminary Diagnosis System\dataset\9. Tinea Ringworm Candidiasis and other Fungal Infections - 1.7k\t-tinea-foot-dorsum-24.jpg,9. Tinea Ringworm Candidiasis and other Fungal Infections - 1.7k,t-tinea-foot-dorsum-24.jpg,D:\aadhavan\AI-Based Skin Disease Detection and Preliminary Diagnosis System\dataset\9. Tinea Ringworm Candidiasis and other Fungal Infections - 1.7k\t-tinea-foot-dorsum-1.jpg,D:\aadhavan\AI-Based Skin Disease Detection and Preliminary Diagnosis System\preprocessing\quarantine\duplicates\9. Tinea Ringworm Candidiasis and other Fungal Infections - 1.7k\t-tinea-foot-dorsum-24.jpg,2026-07-26T22:07:28.348168
D:\aadhavan\AI-Based Skin Disease Detection and Preliminary Diagnosis System\dataset\9. Tinea Ringworm Candidiasis and other Fungal Infections - 1.7k\v-tinea-foot-plantar-28.jpg,9. Tinea Ringworm Candidiasis and other Fungal Infections - 1.7k,v-tinea-foot-plantar-28.jpg,D:\aadhavan\AI-Based Skin Disease Detection and Preliminary Diagnosis System\dataset\9. Tinea Ringworm Candidiasis and other Fungal Infections - 1.7k\t-tinea-foot-dorsum-23.jpg,D:\aadhavan\AI-Based Skin Disease Detection and Preliminary Diagnosis System\preprocessing\quarantine\duplicates\9. Tinea Ringworm Candidiasis and other Fungal Infections - 1.7k\v-tinea-foot-plantar-28.jpg,2026-07-26T22:07:28.349729
D:\aadhavan\AI-Based Skin Disease Detection and Preliminary Diagnosis System\dataset\9. Tinea Ringworm Candidiasis and other Fungal Infections - 1.7k\t-tinea-foot-dorsum-3.jpg,9. Tinea Ringworm Candidiasis and other Fungal Infections - 1.7k,t-tinea-foot-dorsum-3.jpg,D:\aadhavan\AI-Based Skin Disease Detection and Preliminary Diagnosis System\dataset\9. Tinea Ringworm Candidiasis and other Fungal Infections - 1.7k\v-tinea-foot-webs-5.jpg,D:\aadhavan\AI-Based Skin Disease Detection and Preliminary Diagnosis System\preprocessing\quarantine\duplicates\9. Tinea Ringworm Candidiasis and other Fungal Infections - 1.7k\t-tinea-foot-dorsum-3.jpg,2026-07-26T22:07:28.351350
D:\aadhavan\AI-Based Skin Disease Detection and Preliminary Diagnosis System\dataset\9. Tinea Ringworm Candidiasis and other Fungal Infections - 1.7k\t-tinea-foot-plantar-45.jpg,9. Tinea Ringworm Candidiasis and other Fungal Infections - 1.7k,t-tinea-foot-plantar-45.jpg,D:\aadhavan\AI-Based Skin Disease Detection and Preliminary Diagnosis System\dataset\9. Tinea Ringworm Candidiasis and other Fungal Infections - 1.7k\t-tinea-foot-dorsum-34.jpg,D:\aadhavan\AI-Based Skin Disease Detection and Preliminary Diagnosis System\preprocessing\quarantine\duplicates\9. Tinea Ringworm Candidiasis and other Fungal Infections - 1.7k\t-tinea-foot-plantar-45.jpg,2026-07-26T22:07:28.352980
D:\aadhavan\AI-Based Skin Disease Detection and Preliminary Diagnosis System\dataset\9. Tinea Ringworm Candidiasis and other Fungal Infections - 1.7k\t-tinea-hand-dorsum-14.jpg,9. Tinea Ringworm Candidiasis and other Fungal Infections - 1.7k,t-tinea-hand-dorsum-14.jpg,D:\aadhavan\AI-Based Skin Disease Detection and Preliminary Diagnosis System\dataset\9. Tinea Ringworm Candidiasis and other Fungal Infections - 1.7k\t-tinea-foot-dorsum-7.jpg,D:\aadhavan\AI-Based Skin Disease Detection and Preliminary Diagnosis System\preprocessing\quarantine\duplicates\9. Tinea Ringworm Candidiasis and other Fungal Infections - 1.7k\t-tinea-hand-dorsum-14.jpg,2026-07-26T22:07:28.354487
D:\aadhavan\AI-Based Skin Disease Detection and Preliminary Diagnosis System\dataset\9. Tinea Ringworm Candidiasis and other Fungal Infections - 1.7k\t-tinea-foot-webs-24.jpg,9. Tinea Ringworm Candidiasis and other Fungal Infections - 1.7k,t-tinea-foot-webs-24.jpg,D:\aadhavan\AI-Based Skin Disease Detection and Preliminary Diagnosis System\dataset\9. Tinea Ringworm Candidiasis and other Fungal Infections - 1.7k\t-tinea-foot-webs-11.jpg,D:\aadhavan\AI-Based Skin Disease Detection and Preliminary Diagnosis System\preprocessing\quarantine\duplicates\9. Tinea Ringworm Candidiasis and other Fungal Infections - 1.7k\t-tinea-foot-webs-24.jpg,2026-07-26T22:07:28.355501
D:\aadhavan\AI-Based Skin Disease Detection and Preliminary Diagnosis System\dataset\9. Tinea Ringworm Candidiasis and other Fungal Infections - 1.7k\t-tinea-foot-webs-16.jpg,9. Tinea Ringworm Candidiasis and other Fungal Infections - 1.7k,t-tinea-foot-webs-16.jpg,D:\aadhavan\AI-Based Skin Disease Detection and Preliminary Diagnosis System\dataset\9. Tinea Ringworm Candidiasis and other Fungal Infections - 1.7k\t-tinea-foot-webs-15.jpg,D:\aadhavan\AI-Based Skin Disease Detection and Preliminary Diagnosis System\preprocessing\quarantine\duplicates\9. Tinea Ringworm Candidiasis and other Fungal Infections - 1.7k\t-tinea-foot-webs-16.jpg,2026-07-26T22:07:28.356449
D:\aadhavan\AI-Based Skin Disease Detection and Preliminary Diagnosis System\dataset\9. Tinea Ringworm Candidiasis and other Fungal Infections - 1.7k\t-tinea-foot-webs-7.jpg,9. Tinea Ringworm Candidiasis and other Fungal Infections - 1.7k,t-tinea-foot-webs-7.jpg,D:\aadhavan\AI-Based Skin Disease Detection and Preliminary Diagnosis System\dataset\9. Tinea Ringworm Candidiasis and other Fungal Infections - 1.7k\t-tinea-foot-webs-25.jpg,D:\aadhavan\AI-Based Skin Disease Detection and Preliminary Diagnosis System\preprocessing\quarantine\duplicates\9. Tinea Ringworm Candidiasis and other Fungal Infections - 1.7k\t-tinea-foot-webs-7.jpg,2026-07-26T22:07:28.357454
D:\aadhavan\AI-Based Skin Disease Detection and Preliminary Diagnosis System\dataset\9. Tinea Ringworm Candidiasis and other Fungal Infections - 1.7k\v-tinea-foot-webs-1.jpg,9. Tinea Ringworm Candidiasis and other Fungal Infections - 1.7k,v-tinea-foot-webs-1.jpg,D:\aadhavan\AI-Based Skin Disease Detection and Preliminary Diagnosis System\dataset\9. Tinea Ringworm Candidiasis and other Fungal Infections - 1.7k\t-tinea-foot-webs-25.jpg,D:\aadhavan\AI-Based Skin Disease Detection and Preliminary Diagnosis System\preprocessing\quarantine\duplicates\9. Tinea Ringworm Candidiasis and other Fungal Infections - 1.7k\v-tinea-foot-webs-1.jpg,2026-07-26T22:07:28.358151
D:\aadhavan\AI-Based Skin Disease Detection and Preliminary Diagnosis System\dataset\9. Tinea Ringworm Candidiasis and other Fungal Infections - 1.7k\v-tinea-body-127.jpg,9. Tinea Ringworm Candidiasis and other Fungal Infections - 1.7k,v-tinea-body-127.jpg,D:\aadhavan\AI-Based Skin Disease Detection and Preliminary Diagnosis System\dataset\9. Tinea Ringworm Candidiasis and other Fungal Infections - 1.7k\t-tinea-groin-116.jpg,D:\aadhavan\AI-Based Skin Disease Detection and Preliminary Diagnosis System\preprocessing\quarantine\duplicates\9. Tinea Ringworm Candidiasis and other Fungal Infections - 1.7k\v-tinea-body-127.jpg,2026-07-26T22:07:28.359030
D:\aadhavan\AI-Based Skin Disease Detection and Preliminary Diagnosis System\dataset\9. Tinea Ringworm Candidiasis and other Fungal Infections - 1.7k\t-tinea-incognito-53.jpg,9. Tinea Ringworm Candidiasis and other Fungal Infections - 1.7k,t-tinea-incognito-53.jpg,D:\aadhavan\AI-Based Skin Disease Detection and Preliminary Diagnosis System\dataset\9. Tinea Ringworm Candidiasis and other Fungal Infections - 1.7k\t-tinea-groin-123.jpg,D:\aadhavan\AI-Based Skin Disease Detection and Preliminary Diagnosis System\preprocessing\quarantine\duplicates\9. Tinea Ringworm Candidiasis and other Fungal Infections - 1.7k\t-tinea-incognito-53.jpg,2026-07-26T22:07:28.359901
D:\aadhavan\AI-Based Skin Disease Detection and Preliminary Diagnosis System\dataset\9. Tinea Ringworm Candidiasis and other Fungal Infections - 1.7k\t-tinea-incognito-3.jpg,9. Tinea Ringworm Candidiasis and other Fungal Infections - 1.7k,t-tinea-incognito-3.jpg,D:\aadhavan\AI-Based Skin Disease Detection and Preliminary Diagnosis System\dataset\9. Tinea Ringworm Candidiasis and other Fungal Infections - 1.7k\t-tinea-groin-61.jpg,D:\aadhavan\AI-Based Skin Disease Detection and Preliminary Diagnosis System\preprocessing\quarantine\duplicates\9. Tinea Ringworm Candidiasis and other Fungal Infections - 1.7k\t-tinea-incognito-3.jpg,2026-07-26T22:07:28.360884
D:\aadhavan\AI-Based Skin Disease Detection and Preliminary Diagnosis System\dataset\9. Tinea Ringworm Candidiasis and other Fungal Infections - 1.7k\v-tinea-incognito-4.jpg,9. Tinea Ringworm Candidiasis and other Fungal Infections - 1.7k,v-tinea-incognito-4.jpg,D:\aadhavan\AI-Based Skin Disease Detection and Preliminary Diagnosis System\dataset\9. Tinea Ringworm Candidiasis and other Fungal Infections - 1.7k\t-tinea-groin-62.jpg,D:\aadhavan\AI-Based Skin Disease Detection and Preliminary Diagnosis System\preprocessing\quarantine\duplicates\9. Tinea Ringworm Candidiasis and other Fungal Infections - 1.7k\v-tinea-incognito-4.jpg,2026-07-26T22:07:28.361692
D:\aadhavan\AI-Based Skin Disease Detection and Preliminary Diagnosis System\dataset\9. Tinea Ringworm Candidiasis and other Fungal Infections - 1.7k\t-tinea-incognito-1.jpg,9. Tinea Ringworm Candidiasis and other Fungal Infections - 1.7k,t-tinea-incognito-1.jpg,D:\aadhavan\AI-Based Skin Disease Detection and Preliminary Diagnosis System\dataset\9. Tinea Ringworm Candidiasis and other Fungal Infections - 1.7k\t-tinea-groin-63.jpg,D:\aadhavan\AI-Based Skin Disease Detection and Preliminary Diagnosis System\preprocessing\quarantine\duplicates\9. Tinea Ringworm Candidiasis and other Fungal Infections - 1.7k\t-tinea-incognito-1.jpg,2026-07-26T22:07:28.362403
D:\aadhavan\AI-Based Skin Disease Detection and Preliminary Diagnosis System\dataset\9. Tinea Ringworm Candidiasis and other Fungal Infections - 1.7k\v-tinea-incognito-5.jpg,9. Tinea Ringworm Candidiasis and other Fungal Infections - 1.7k,v-tinea-incognito-5.jpg,D:\aadhavan\AI-Based Skin Disease Detection and Preliminary Diagnosis System\dataset\9. Tinea Ringworm Candidiasis and other Fungal Infections - 1.7k\t-tinea-groin-64.jpg,D:\aadhavan\AI-Based Skin Disease Detection and Preliminary Diagnosis System\preprocessing\quarantine\duplicates\9. Tinea Ringworm Candidiasis and other Fungal Infections - 1.7k\v-tinea-incognito-5.jpg,2026-07-26T22:07:28.363319
D:\aadhavan\AI-Based Skin Disease Detection and Preliminary Diagnosis System\dataset\9. Tinea Ringworm Candidiasis and other Fungal Infections - 1.7k\t-tinea-incognito-6.jpg,9. Tinea Ringworm Candidiasis and other Fungal Infections - 1.7k,t-tinea-incognito-6.jpg,D:\aadhavan\AI-Based Skin Disease Detection and Preliminary Diagnosis System\dataset\9. Tinea Ringworm Candidiasis and other Fungal Infections - 1.7k\t-tinea-groin-65.jpg,D:\aadhavan\AI-Based Skin Disease Detection and Preliminary Diagnosis System\preprocessing\quarantine\duplicates\9. Tinea Ringworm Candidiasis and other Fungal Infections - 1.7k\t-tinea-incognito-6.jpg,2026-07-26T22:07:28.364302
D:\aadhavan\AI-Based Skin Disease Detection and Preliminary Diagnosis System\dataset\9. Tinea Ringworm Candidiasis and other Fungal Infections - 1.7k\t-tinea-incognito-7.jpg,9. Tinea Ringworm Candidiasis and other Fungal Infections - 1.7k,t-tinea-incognito-7.jpg,D:\aadhavan\AI-Based Skin Disease Detection and Preliminary Diagnosis System\dataset\9. Tinea Ringworm Candidiasis and other Fungal Infections - 1.7k\t-tinea-groin-91.jpg,D:\aadhavan\AI-Based Skin Disease Detection and Preliminary Diagnosis System\preprocessing\quarantine\duplicates\9. Tinea Ringworm Candidiasis and other Fungal Infections - 1.7k\t-tinea-incognito-7.jpg,2026-07-26T22:07:28.365341
D:\aadhavan\AI-Based Skin Disease Detection and Preliminary Diagnosis System\dataset\9. Tinea Ringworm Candidiasis and other Fungal Infections - 1.7k\v-tinea-body-9.jpg,9. Tinea Ringworm Candidiasis and other Fungal Infections - 1.7k,v-tinea-body-9.jpg,D:\aadhavan\AI-Based Skin Disease Detection and Preliminary Diagnosis System\dataset\9. Tinea Ringworm Candidiasis and other Fungal Infections - 1.7k\t-tinea-hand-dorsum-7.jpg,D:\aadhavan\AI-Based Skin Disease Detection and Preliminary Diagnosis System\preprocessing\quarantine\duplicates\9. Tinea Ringworm Candidiasis and other Fungal Infections - 1.7k\v-tinea-body-9.jpg,2026-07-26T22:07:28.366805
D:\aadhavan\AI-Based Skin Disease Detection and Preliminary Diagnosis System\dataset\9. Tinea Ringworm Candidiasis and other Fungal Infections - 1.7k\t-tinea-palm-11.jpg,9. Tinea Ringworm Candidiasis and other Fungal Infections - 1.7k,t-tinea-palm-11.jpg,D:\aadhavan\AI-Based Skin Disease Detection and Preliminary Diagnosis System\dataset\9. Tinea Ringworm Candidiasis and other Fungal Infections - 1.7k\t-tinea-palm-1.jpg,D:\aadhavan\AI-Based Skin Disease Detection and Preliminary Diagnosis System\preprocessing\quarantine\duplicates\9. Tinea Ringworm Candidiasis and other Fungal Infections - 1.7k\t-tinea-palm-11.jpg,2026-07-26T22:07:28.368241
D:\aadhavan\AI-Based Skin Disease Detection and Preliminary Diagnosis System\dataset\9. Tinea Ringworm Candidiasis and other Fungal Infections - 1.7k\t-tinea-palm-8.jpg,9. Tinea Ringworm Candidiasis and other Fungal Infections - 1.7k,t-tinea-palm-8.jpg,D:\aadhavan\AI-Based Skin Disease Detection and Preliminary Diagnosis System\dataset\9. Tinea Ringworm Candidiasis and other Fungal Infections - 1.7k\t-tinea-palm-1.jpg,D:\aadhavan\AI-Based Skin Disease Detection and Preliminary Diagnosis System\preprocessing\quarantine\duplicates\9. Tinea Ringworm Candidiasis and other Fungal Infections - 1.7k\t-tinea-palm-8.jpg,2026-07-26T22:07:28.369442
D:\aadhavan\AI-Based Skin Disease Detection and Preliminary Diagnosis System\dataset\9. Tinea Ringworm Candidiasis and other Fungal Infections - 1.7k\t-tinea-primary-lesion-2.jpg,9. Tinea Ringworm Candidiasis and other Fungal Infections - 1.7k,t-tinea-primary-lesion-2.jpg,D:\aadhavan\AI-Based Skin Disease Detection and Preliminary Diagnosis System\dataset\9. Tinea Ringworm Candidiasis and other Fungal Infections - 1.7k\t-tinea-primary-lesion-1.jpg,D:\aadhavan\AI-Based Skin Disease Detection and Preliminary Diagnosis System\preprocessing\quarantine\duplicates\9. Tinea Ringworm Candidiasis and other Fungal Infections - 1.7k\t-tinea-primary-lesion-2.jpg,2026-07-26T22:07:28.370448
D:\aadhavan\AI-Based Skin Disease Detection and Preliminary Diagnosis System\dataset\9. Tinea Ringworm Candidiasis and other Fungal Infections - 1.7k\v-intertrigo-29.jpg,9. Tinea Ringworm Candidiasis and other Fungal Infections - 1.7k,v-intertrigo-29.jpg,D:\aadhavan\AI-Based Skin Disease Detection and Preliminary Diagnosis System\dataset\9. Tinea Ringworm Candidiasis and other Fungal Infections - 1.7k\v-13intertrigo1219051.jpg,D:\aadhavan\AI-Based Skin Disease Detection and Preliminary Diagnosis System\preprocessing\quarantine\duplicates\9. Tinea Ringworm Candidiasis and other Fungal Infections - 1.7k\v-intertrigo-29.jpg,2026-07-26T22:07:28.371375
D:\aadhavan\AI-Based Skin Disease Detection and Preliminary Diagnosis System\dataset\9. Tinea Ringworm Candidiasis and other Fungal Infections - 1.7k\v-erosio-interdigitalis-blastomycetica-34.jpg,9. Tinea Ringworm Candidiasis and other Fungal Infections - 1.7k,v-erosio-interdigitalis-blastomycetica-34.jpg,D:\aadhavan\AI-Based Skin Disease Detection and Preliminary Diagnosis System\dataset\9. Tinea Ringworm Candidiasis and other Fungal Infections - 1.7k\v-erosio-interdigitalis-blastomycetica-33.jpg,D:\aadhavan\AI-Based Skin Disease Detection and Preliminary Diagnosis System\preprocessing\quarantine\duplicates\9. Tinea Ringworm Candidiasis and other Fungal Infections - 1.7k\v-erosio-interdigitalis-blastomycetica-34.jpg,2026-07-26T22:07:28.372552
D:\aadhavan\AI-Based Skin Disease Detection and Preliminary Diagnosis System\dataset\9. Tinea Ringworm Candidiasis and other Fungal Infections - 1.7k\v-tinea-versicolor-87.jpg,9. Tinea Ringworm Candidiasis and other Fungal Infections - 1.7k,v-tinea-versicolor-87.jpg,D:\aadhavan\AI-Based Skin Disease Detection and Preliminary Diagnosis System\dataset\9. Tinea Ringworm Candidiasis and other Fungal Infections - 1.7k\v-tinea-foot-webs-13.jpg,D:\aadhavan\AI-Based Skin Disease Detection and Preliminary Diagnosis System\preprocessing\quarantine\duplicates\9. Tinea Ringworm Candidiasis and other Fungal Infections - 1.7k\v-tinea-versicolor-87.jpg,2026-07-26T22:07:28.374012
